Certificate_No,Issue_Date
WB2401ST2021026124,2021-09-28
WB2401ST2021018535,2021-09-20
WB2401ST2021010992,2021-09-04
WB2401ST2023004394,2023-03-31
WB2401ST2021015201,2021-09-15
WB2401ST2021046902,2021-12-31
WB2401ST2022001498,2022-01-12
WB2401ST2021046663,2021-12-31
WB2401ST2021019175,2021-09-20
WB2401ST2021016407,2021-09-16
WB2401ST2021024580,2021-09-26
WB2401ST2021047108,2021-12-31
WB2401ST2022002130,2022-01-13
WB2401ST2021019553,2021-09-21
WB2401ST2021042721,2021-12-18
WB2401ST2021018662,2021-09-20
WB2401ST2021021995,2021-09-24
WB2401ST2021037215,2021-11-21
WB2401ST2021014347,2021-09-14
WB2401ST2022005657,2022-01-22
WB2401ST2021046380,2021-12-30
WB2401ST2021015602,2021-09-16
WB2401ST2021046676,2021-12-31
WB2401ST2021022795,2021-09-24
WB2401ST2021027718,2021-09-30
WB2401ST2021025533,2021-09-27
WB2401ST2021043738,2021-12-19
WB2401ST2021015032,2021-09-15
WB2401ST2022030094,2022-09-21
WB2401ST2021019307,2021-09-20
WB2401ST2021025041,2021-09-27
WB2401ST2021040237,2021-12-16
WB2401ST2021014575,2021-09-14
WB2401ST2021022021,2021-09-24
WB2401ST2021014612,2021-09-14
WB2401ST2021036495,2021-11-19
WB2401ST2021029417,2021-10-01
WB2401ST2022004503,2022-01-19
WB2401ST2021042519,2021-12-18
WB2401ST2022006039,2022-01-26
WB2401ST2022001650,2022-01-13
WB2401ST2022001659,2022-01-13
WB2401ST2021014188,2021-09-14
WB2401ST2022006063,2022-01-26
WB2401ST2021014422,2021-09-14
WB2401ST2021020283,2021-09-21
WB2401ST2021026915,2021-09-29
WB2401ST2021027495,2021-09-29
WB2401ST2021011153,2021-09-05
WB2401ST2021028449,2021-10-01
WB2401ST2021023040,2021-09-25
WB2401ST2021043623,2021-12-19
WB2401ST2021019624,2021-09-21
WB2401ST2021038296,2021-12-06
WB2401ST2021038327,2021-12-06
WB2401ST2022005694,2022-01-22
WB2401ST2021028538,2021-10-01
WB2401ST2021011165,2021-09-05
WB2401ST2021034795,2021-10-30
WB2401ST2022003680,2022-01-15
WB2401ST2021022447,2021-09-24
WB2401ST2021038359,2021-12-06
WB2401ST2021026642,2021-09-28
WB2401ST2021027661,2021-09-30
WB2401ST2021033265,2021-10-11
WB2401ST2021037033,2021-11-20
WB2401ST2021042812,2021-12-18
WB2401ST2021015637,2021-09-16
WB2401ST2021025505,2021-09-27
WB2401ST2021037015,2021-11-20
WB2401ST2021041051,2021-12-17
WB2401ST2021037766,2021-11-30
WB2401ST2022000025,2022-01-02
WB2401ST2021028268,2021-09-30
WB2401ST2021032092,2021-10-06
WB2401ST2021028177,2021-09-30
WB2401ST2021039224,2021-12-11
WB2401ST2024000582,2024-02-07
WB2401ST2021015029,2021-09-15
WB2401ST2021044229,2021-12-19
WB2401ST2021020657,2021-09-22
WB2401ST2022006398,2022-02-04
WB2401ST2021045947,2021-12-29
WB2401ST2021014127,2021-09-14
WB2401ST2021040096,2021-12-16
WB2401ST2021022557,2021-09-24
WB2401ST2022002394,2022-01-14
WB2401ST2022002872,2022-01-14
WB2401ST2021018979,2021-09-20
WB2401ST2021025370,2021-09-27
WB2401ST2022007550,2022-02-13
WB2401ST2022022597,2022-06-25
WB2401ST2021045071,2021-12-24
WB2401ST2022006254,2022-02-04
WB2401ST2021034275,2021-10-20
WB2401ST2021014002,2021-09-13
WB2401ST2022005900,2022-01-26
WB2401ST2022018397,2022-06-17
WB2401ST2021017163,2021-09-16
WB2401ST2022002049,2022-01-13
WB2401ST2021028141,2021-09-30
WB2401ST2021017963,2021-09-19
WB2401ST2021015704,2021-09-16
WB2401ST2021025033,2021-09-27
WB2401ST2023022524,2023-06-01
WB2401ST2022015430,2022-05-06
WB2401ST2021035435,2021-11-15
WB2401ST2021026366,2021-09-28
WB2401ST2021024417,2021-09-26
WB2401ST2021035341,2021-11-02
WB2401ST2022027651,2022-08-25
WB2401ST2021036767,2021-11-20
WB2401ST2021037647,2021-11-26
WB2401ST2021035575,2021-11-15
WB2401ST2021019035,2021-09-20
WB2401ST2021019733,2021-09-21
WB2401ST2021022019,2021-09-24
WB2401ST2021037017,2021-11-20
WB2401ST2021038173,2021-12-06
WB2401ST2021037466,2021-11-21
WB2401ST2021023399,2021-09-25
WB2401ST2021037421,2021-11-21
WB2401ST2022033177,2022-11-18
WB2401ST2021020883,2021-09-22
WB2401ST2021023470,2021-09-25
WB2401ST2023030153,2023-06-06
WB2401ST2022002243,2022-01-13
WB2401ST2021026788,2021-09-28
WB2401ST2021025961,2021-09-28
WB2401ST2021019426,2021-09-20
WB2401ST2021036507,2021-11-19
WB2401ST2021037208,2021-11-21
WB2401ST2023030043,2023-06-06
WB2401ST2021018751,2021-09-20
WB2401ST2021032190,2021-10-09
WB2401ST2022005958,2022-01-26
WB2401ST2023013898,2023-05-28
WB2401ST2021017275,2021-09-17
WB2401ST2021039148,2021-12-11
WB2401ST2021013070,2021-09-12
WB2401ST2021015703,2021-09-16
WB2401ST2021039714,2021-12-12
WB2401ST2021027535,2021-09-29
WB2401ST2021033007,2021-10-11
WB2401ST2021024133,2021-09-26
WB2401ST2021016259,2021-09-16
WB2401ST2021028647,2021-10-01
WB2401ST2022008276,2022-03-06
WB2401ST2021025437,2021-09-27
WB2401ST2021024674,2021-09-26
WB2401ST2023044403,2023-07-28
WB2401ST2021013895,2021-09-13
WB2401ST2021035988,2021-11-16
WB2401ST2021027244,2021-09-29
WB2401ST2021027253,2021-09-29
WB2401ST2021047122,2021-12-31
WB2401ST2021016984,2021-09-16
WB2401ST2021042228,2021-12-18
WB2401ST2021036778,2021-11-20
WB2401ST2021042860,2021-12-18
WB2401ST2022000287,2022-01-05
WB2401ST2021045846,2021-12-29
WB2401ST2023020322,2023-05-31
WB2401ST2021025377,2021-09-27
WB2401ST2021022524,2021-09-24
WB2401ST2021015303,2021-09-15
WB2401ST2022027530,2022-08-24
WB2401ST2022007990,2022-03-06
WB2401ST2022020852,2022-06-23
WB2401ST2021023731,2021-09-25
WB2401ST2021032213,2021-10-09
WB2401ST2021046359,2021-12-30
WB2401ST2021030063,2021-10-05
WB2401ST2021020907,2021-09-22
WB2401ST2022033176,2022-11-18
WB2401ST2021027275,2021-09-29
WB2401ST2021027296,2021-09-29
WB2401ST2021037492,2021-11-26
WB2401ST2021022372,2021-09-24
WB2401ST2021025445,2021-09-27
WB2401ST2021037464,2021-11-21
WB2401ST2021020269,2021-09-21
WB2401ST2021038989,2021-12-11
WB2401ST2021026556,2021-09-28
WB2401ST2023008753,2023-05-21
WB2401ST2021016215,2021-09-16
WB2401ST2021017006,2021-09-16
WB2401ST2021028233,2021-09-30
WB2401ST2021038925,2021-12-11
WB2401ST2023059383,2023-08-05
WB2401ST2021028130,2021-09-30
WB2401ST2021013949,2021-09-13
WB2401ST2021020101,2021-09-21
WB2401ST2022006296,2022-02-04
WB2401ST2021014430,2021-09-14
WB2401ST2021026736,2021-09-28
WB2401ST2022027360,2022-08-24
WB2401ST2021025161,2021-09-27
WB2401ST2021017051,2021-09-16
WB2401ST2022002360,2022-01-14
WB2401ST2021038384,2021-12-06
WB2401ST2021022700,2021-09-24
WB2401ST2021037315,2021-11-21
WB2401ST2022027114,2022-08-23
WB2401ST2023050537,2023-08-03
WB2401ST2021023200,2021-09-25
WB2401ST2023011126,2023-05-27
WB2401ST2021011157,2021-09-05
WB2401ST2021020863,2021-09-22
WB2401ST2021027258,2021-09-29
WB2401ST2021024632,2021-09-26
WB2401ST2021011380,2021-09-07
WB2401ST2021042100,2021-12-18
WB2401ST2022010553,2022-03-11
WB2401ST2022006005,2022-01-26
WB2401ST2021023515,2021-09-25
WB2401ST2021028660,2021-10-01
WB2401ST2022002914,2022-01-14
WB2401ST2022002268,2022-01-13
WB2401ST2022005199,2022-01-22
WB2401ST2021046492,2021-12-30
WB2401ST2021015083,2021-09-15
WB2401ST2021016204,2021-09-16
WB2401ST2021032988,2021-10-11
WB2401ST2021018353,2021-09-20
WB2401ST2021040458,2021-12-17
WB2401ST2021018336,2021-09-20
WB2401ST2023008752,2023-05-21
WB2401ST2021045365,2021-12-28
WB2401ST2021040773,2021-12-17
WB2401ST2021045711,2021-12-28
WB2401ST2022017202,2022-06-01
WB2401ST2021046432,2021-12-30
WB2401ST2021028655,2021-10-01
WB2401ST2021014531,2021-09-14
WB2401ST2022001169,2022-01-12
WB2401ST2022026702,2022-08-23
WB2401ST2021031395,2021-10-05
WB2401ST2021024667,2021-09-26
WB2401ST2021019965,2021-09-21
WB2401ST2023059359,2023-08-05
WB2401ST2021041981,2021-12-18
WB2401ST2021028201,2021-09-30
WB2401ST2021029847,2021-10-02
WB2401ST2021032264,2021-10-09
WB2401ST2021029497,2021-10-02
WB2401ST2021017141,2021-09-16
WB2401ST2021011158,2021-09-05
WB2401ST2021032720,2021-10-09
WB2401ST2021022363,2021-09-24
WB2401ST2021024562,2021-09-26
WB2401ST2021031699,2021-10-05
WB2401ST2021038967,2021-12-11
WB2401ST2021025356,2021-09-27
WB2401ST2021025573,2021-09-27
WB2401ST2022002705,2022-01-14
WB2401ST2021027185,2021-09-29
WB2401ST2022022374,2022-06-25
WB2401ST2023074332,2023-09-28
WB2401ST2021024958,2021-09-27
WB2401ST2021018818,2021-09-20
WB2401ST2021034793,2021-10-30
WB2401ST2022005915,2022-01-26
WB2401ST2021045964,2021-12-29
WB2401ST2021011370,2021-09-07
WB2401ST2022002267,2022-01-13
WB2401ST2021020964,2021-09-22
WB2401ST2022015709,2022-05-11
WB2401ST2021029389,2021-10-01
WB2401ST2022003732,2022-01-15
WB2401ST2021026771,2021-09-28
WB2401ST2021027717,2021-09-30
WB2401ST2021022521,2021-09-24
WB2401ST2021015313,2021-09-15
WB2401ST2021020949,2021-09-22
WB2401ST2021029663,2021-10-02
WB2401ST2021020923,2021-09-22
WB2401ST2021021992,2021-09-24
WB2401ST2021023491,2021-09-25
WB2401ST2021024944,2021-09-27
WB2401ST2021018987,2021-09-20
WB2401ST2021011159,2021-09-05
WB2401ST2021015423,2021-09-15
WB2401ST2021018280,2021-09-19
WB2401ST2022002103,2022-01-13
WB2401ST2021045767,2021-12-29
WB2401ST2021032550,2021-10-09
WB2401ST2022002234,2022-01-13
WB2401ST2024001959,2024-10-30
WB2401ST2021025453,2021-09-27
WB2401ST2021025446,2021-09-27
WB2401ST2021020654,2021-09-22
WB2401ST2022005027,2022-01-20
WB2401ST2021029085,2021-10-01
WB2401ST2021018747,2021-09-20
WB2401ST2021035551,2021-11-15
WB2401ST2021035583,2021-11-15
WB2401ST2021039613,2021-12-12
WB2401ST2021016950,2021-09-16
WB2401ST2022000158,2022-01-02
WB2401ST2022005837,2022-01-26
WB2401ST2022022572,2022-06-25
WB2401ST2021026852,2021-09-29
WB2401ST2021037587,2021-11-26
WB2401ST2021025566,2021-09-27
WB2401ST2021028139,2021-09-30
WB2401ST2021037872,2021-11-30
WB2401ST2021015702,2021-09-16
WB2401ST2022002004,2022-01-13
WB2401ST2021025629,2021-09-27
WB2401ST2021019877,2021-09-21
WB2401ST2021011398,2021-09-07
WB2401ST2021011385,2021-09-07
WB2401ST2021031286,2021-10-05
WB2401ST2021034830,2021-10-30
WB2401ST2021039727,2021-12-12
WB2401ST2021018826,2021-09-20
WB2401ST2021046577,2021-12-30
WB2401ST2022005439,2022-01-22
WB2401ST2021022219,2021-09-24
WB2401ST2021019484,2021-09-21
WB2401ST2021029583,2021-10-02
WB2401ST2021022790,2021-09-24
WB2401ST2021027574,2021-09-30
WB2401ST2021020793,2021-09-22
WB2401ST2021039212,2021-12-11
WB2401ST2021039213,2021-12-11
WB2401ST2021032693,2021-10-09
WB2401ST2022003009,2022-01-14
WB2401ST2021021222,2021-09-23
WB2401ST2022006080,2022-01-26
WB2401ST2021012711,2021-09-10
WB2401ST2022017888,2022-06-08
WB2401ST2021017777,2021-09-18
WB2401ST2021024344,2021-09-26
WB2401ST2021027832,2021-09-30
WB2401ST2021014409,2021-09-14
WB2401ST2021017724,2021-09-18
WB2401ST2021017200,2021-09-16
WB2401ST2022005940,2022-01-26
WB2401ST2022014221,2022-03-20
WB2401ST2021025464,2021-09-27
WB2401ST2021032494,2021-10-09
WB2401ST2021022305,2021-09-24
WB2401ST2021039281,2021-12-11
WB2401ST2021016928,2021-09-16
WB2401ST2021024350,2021-09-26
WB2401ST2021025806,2021-09-28
WB2401ST2021024903,2021-09-27
WB2401ST2021021672,2021-09-23
WB2401ST2021026473,2021-09-28
WB2401ST2022005833,2022-01-26
WB2401ST2021014214,2021-09-14
WB2401ST2021018611,2021-09-20
WB2401ST2021025341,2021-09-27
WB2401ST2021026946,2021-09-29
WB2401ST2021018568,2021-09-20
WB2401ST2021014838,2021-09-14
WB2401ST2021030610,2021-10-05
WB2401ST2021028742,2021-10-01
WB2401ST2021042484,2021-12-18
WB2401ST2022010737,2022-03-11
WB2401ST2021022580,2021-09-24
WB2401ST2021022746,2021-09-24
WB2401ST2021026913,2021-09-29
WB2401ST2021026957,2021-09-29
WB2401ST2021027596,2021-09-30
WB2401ST2021042103,2021-12-18
WB2401ST2021019988,2021-09-21
WB2401ST2021042568,2021-12-18
WB2401ST2023008757,2023-05-21
WB2401ST2022001654,2022-01-13
WB2401ST2022001703,2022-01-13
WB2401ST2021011394,2021-09-07
WB2401ST2022002074,2022-01-13
WB2401ST2022005626,2022-01-22
WB2401ST2021021892,2021-09-24
WB2401ST2021018992,2021-09-20
WB2401ST2022002106,2022-01-13
WB2401ST2021032599,2021-10-09
WB2401ST2021015405,2021-09-15
WB2401ST2021024260,2021-09-26
WB2401ST2021032857,2021-10-10
WB2401ST2021022357,2021-09-24
WB2401ST2021020624,2021-09-22
WB2401ST2021037646,2021-11-26
WB2401ST2021025249,2021-09-27
WB2401ST2021025123,2021-09-27
WB2401ST2021040970,2021-12-17
WB2401ST2021040045,2021-12-16
WB2401ST2021045577,2021-12-28
WB2401ST2021015092,2021-09-15
WB2401ST2021033431,2021-10-11
WB2401ST2021037016,2021-11-20
WB2401ST2021011371,2021-09-07
WB2401ST2021017189,2021-09-16
WB2401ST2022014222,2022-03-20
WB2401ST2021016861,2021-09-16
WB2401ST2021045244,2021-12-28
WB2401ST2021043597,2021-12-19
WB2401ST2021042759,2021-12-18
WB2401ST2021035601,2021-11-15
WB2401ST2021021012,2021-09-22
WB2401ST2022013734,2022-03-17
WB2401ST2021030918,2021-10-05
WB2401ST2021046787,2021-12-31
WB2401ST2022005292,2022-01-22
WB2401ST2021021732,2021-09-23
WB2401ST2022014223,2022-03-20
WB2401ST2022002777,2022-01-14
WB2401ST2021015327,2021-09-15
WB2401ST2022006843,2022-02-10
WB2401ST2021022549,2021-09-24
WB2401ST2021046472,2021-12-30
WB2401ST2023039601,2023-06-28
WB2401ST2021039726,2021-12-12
WB2401ST2021012108,2021-09-09
WB2401ST2021043907,2021-12-19
WB2401ST2022000489,2022-01-05
WB2401ST2021040639,2021-12-17
WB2401ST2021031287,2021-10-05
WB2401ST2021046479,2021-12-30
WB2401ST2023015423,2023-05-29
WB2401ST2021031680,2021-10-05
WB2401ST2021015316,2021-09-15
WB2401ST2021046572,2021-12-30
WB2401ST2021016898,2021-09-16
WB2401ST2021024877,2021-09-27
WB2401ST2022007501,2022-02-13
WB2401ST2022010180,2022-03-11
WB2401ST2021024637,2021-09-26
WB2401ST2022021768,2022-06-24
WB2401ST2021016448,2021-09-16
WB2401ST2022017069,2022-06-01
WB2401ST2021045630,2021-12-28
WB2401ST2021021707,2021-09-23
WB2401ST2021018475,2021-09-20
WB2401ST2021037655,2021-11-26
WB2401ST2022009713,2022-03-10
WB2401ST2021024708,2021-09-26
WB2401ST2021025809,2021-09-28
WB2401ST2021042695,2021-12-18
WB2401ST2021026782,2021-09-28
WB2401ST2022000064,2022-01-02
WB2401ST2021020661,2021-09-22
WB2401ST2021034811,2021-10-30
WB2401ST2021040990,2021-12-17
WB2401ST2021022414,2021-09-24
WB2401ST2021037824,2021-11-30
WB2401ST2021017185,2021-09-16
WB2401ST2021028280,2021-09-30
WB2401ST2021046418,2021-12-30
WB2401ST2021033428,2021-10-11
WB2401ST2022008921,2022-03-07
WB2401ST2021039971,2021-12-13
WB2401ST2021027579,2021-09-30
WB2401ST2021031790,2021-10-05
WB2401ST2023030842,2023-06-06
WB2401ST2021030158,2021-10-05
WB2401ST2021034575,2021-10-30
WB2401ST2021021990,2021-09-24
WB2401ST2021038524,2021-12-06
WB2401ST2021035802,2021-11-15
WB2401ST2021040080,2021-12-16
WB2401ST2021033617,2021-10-11
WB2401ST2021029413,2021-10-01
WB2401ST2021026625,2021-09-28
WB2401ST2021027541,2021-09-29
WB2401ST2022001184,2022-01-12
WB2401ST2021019474,2021-09-21
WB2401ST2021036585,2021-11-19
WB2401ST2021047176,2021-12-31
WB2401ST2021042977,2021-12-19
WB2401ST2021028761,2021-10-01
WB2401ST2021024879,2021-09-27
WB2401ST2023061852,2023-08-05
WB2401ST2021023962,2021-09-26
WB2401ST2021011393,2021-09-07
WB2401ST2021028103,2021-09-30
WB2401ST2021013966,2021-09-13
WB2401ST2021025689,2021-09-27
WB2401ST2022001693,2022-01-13
WB2401ST2021041021,2021-12-17
WB2401ST2021030541,2021-10-05
WB2401ST2022027116,2022-08-23
WB2401ST2021031736,2021-10-05
WB2401ST2021026690,2021-09-28
WB2401ST2021013319,2021-09-12
WB2401ST2022027121,2022-08-23
WB2401ST2021030012,2021-10-05
WB2401ST2021011312,2021-09-06
WB2401ST2021013920,2021-09-13
WB2401ST2021029496,2021-10-02
WB2401ST2021016382,2021-09-16
WB2401ST2021021999,2021-09-24
WB2401ST2021019712,2021-09-21
WB2401ST2021040069,2021-12-16
WB2401ST2022027888,2022-08-27
WB2401ST2021031357,2021-10-05
WB2401ST2021038292,2021-12-06
WB2401ST2021039348,2021-12-11
WB2401ST2022000385,2022-01-05
WB2401ST2022022269,2022-06-25
WB2401ST2021020727,2021-09-22
WB2401ST2021033232,2021-10-11
WB2401ST2021020823,2021-09-22
WB2401ST2021029041,2021-10-01
WB2401ST2021022378,2021-09-24
WB2401ST2021042163,2021-12-18
WB2401ST2021018960,2021-09-20
WB2401ST2021020454,2021-09-21
WB2401ST2022028020,2022-08-27
WB2401ST2021030373,2021-10-05
WB2401ST2021018002,2021-09-19
WB2401ST2021019156,2021-09-20
WB2401ST2021011387,2021-09-07
WB2401ST2021024878,2021-09-27
WB2401ST2022001805,2022-01-13
WB2401ST2021021018,2021-09-22
WB2401ST2021029510,2021-10-02
WB2401ST2021022314,2021-09-24
WB2401ST2022012436,2022-03-15
WB2401ST2021023013,2021-09-25
WB2401ST2022027103,2022-08-23
WB2401ST2021026623,2021-09-28
WB2401ST2021027337,2021-09-29
WB2401ST2022021958,2022-06-24
WB2401ST2021047052,2021-12-31
WB2401ST2025000166,2025-01-10
WB2401ST2022006967,2022-02-10
WB2401ST2021011303,2021-09-06
WB2401ST2021020122,2021-09-21
WB2401ST2021018936,2021-09-20
WB2401ST2021043902,2021-12-19
WB2401ST2022007293,2022-02-13
WB2401ST2021030081,2021-10-05
WB2401ST2021040153,2021-12-16
WB2401ST2022003089,2022-01-14
WB2401ST2021042169,2021-12-18
WB2401ST2021045556,2021-12-28
WB2401ST2022000497,2022-01-05
WB2401ST2022004897,2022-01-20
WB2401ST2022004164,2022-01-18
WB2401ST2023018401,2023-05-30
WB2401ST2023000121,2023-01-03
WB2401ST2021026100,2021-09-28
WB2401ST2021042758,2021-12-18
WB2401ST2022002834,2022-01-14
WB2401ST2022019094,2022-06-20
WB2401ST2021019014,2021-09-20
WB2401ST2021038861,2021-12-11
WB2401ST2023066610,2023-08-06
WB2401ST2021022348,2021-09-24
WB2401ST2022021507,2022-06-24
WB2401ST2021032561,2021-10-09
WB2401ST2021019842,2021-09-21
WB2401ST2022009248,2022-03-09
WB2401ST2022015009,2022-03-31
WB2401ST2021017731,2021-09-18
WB2401ST2021013375,2021-09-12
WB2401ST2021021092,2021-09-23
WB2401ST2022024681,2022-07-15
WB2401ST2022008476,2022-03-06
WB2401ST2023008754,2023-05-21
WB2401ST2021040022,2021-12-15
WB2401ST2022010225,2022-03-11
WB2401ST2021023177,2021-09-25
WB2401ST2021012868,2021-09-11
WB2401ST2021033256,2021-10-11
WB2401ST2021045578,2021-12-28
WB2401ST2022027970,2022-08-27
WB2401ST2022001599,2022-01-13
WB2401ST2021022875,2021-09-24
WB2401ST2021046700,2021-12-31
WB2401ST2021015343,2021-09-15
WB2401ST2021015162,2021-09-15
WB2401ST2022024883,2022-07-29
WB2401ST2021030685,2021-10-05
WB2401ST2021011389,2021-09-07
WB2401ST2022002256,2022-01-13
WB2401ST2021046689,2021-12-31
WB2401ST2021015122,2021-09-15
WB2401ST2021027364,2021-09-29
WB2401ST2021022910,2021-09-25
WB2401ST2021023506,2021-09-25
WB2401ST2023008760,2023-05-21
WB2401ST2023004408,2023-03-31
WB2401ST2021038590,2021-12-07
WB2401ST2021025536,2021-09-27
WB2401ST2021025361,2021-09-27
WB2401ST2023010321,2023-05-25
WB2401ST2021024542,2021-09-26
WB2401ST2021041001,2021-12-17
WB2401ST2021036493,2021-11-19
WB2401ST2021034790,2021-10-30
WB2401ST2021046473,2021-12-30
WB2401ST2022026518,2022-08-23
WB2401ST2022004027,2022-01-18
WB2401ST2021039585,2021-12-12
WB2401ST2021035916,2021-11-16
WB2401ST2021026479,2021-09-28
WB2401ST2022001675,2022-01-13
WB2401ST2022001694,2022-01-13
WB2401ST2021041817,2021-12-18
WB2401ST2021028937,2021-10-01
WB2401ST2021029126,2021-10-01
WB2401ST2021045671,2021-12-28
WB2401ST2021011302,2021-09-06
WB2401ST2021040956,2021-12-17
WB2401ST2021026882,2021-09-29
WB2401ST2021027822,2021-09-30
WB2401ST2024002011,2024-11-18
WB2401ST2022022384,2022-06-25
WB2401ST2021016754,2021-09-16
WB2401ST2021025696,2021-09-27
WB2401ST2021019552,2021-09-21
WB2401ST2021035729,2021-11-15
WB2401ST2021026324,2021-09-28
WB2401ST2021011381,2021-09-07
WB2401ST2022000274,2022-01-05
WB2401ST2021024016,2021-09-26
WB2401ST2021046626,2021-12-31
WB2401ST2021019048,2021-09-20
WB2401ST2021040963,2021-12-17
WB2401ST2021019293,2021-09-20
WB2401ST2021045605,2021-12-28
WB2401ST2022032156,2022-11-08
WB2401ST2022003542,2022-01-15
WB2401ST2021023476,2021-09-25
WB2401ST2021036441,2021-11-19
WB2401ST2022004116,2022-01-18
WB2401ST2021011372,2021-09-07
WB2401ST2022000444,2022-01-05
WB2401ST2021042314,2021-12-18
WB2401ST2022020570,2022-06-22
WB2401ST2023008758,2023-05-21
WB2401ST2021024937,2021-09-27
WB2401ST2021020965,2021-09-22
WB2401ST2021023544,2021-09-25
WB2401ST2021023615,2021-09-25
WB2401ST2021031778,2021-10-05
WB2401ST2021028165,2021-09-30
WB2401ST2021024642,2021-09-26
WB2401ST2021037844,2021-11-30
WB2401ST2021036741,2021-11-20
WB2401ST2021028728,2021-10-01
WB2401ST2022015025,2022-03-31
WB2401ST2021018429,2021-09-20
WB2401ST2021020806,2021-09-22
WB2401ST2022003423,2022-01-15
WB2401ST2021018001,2021-09-19
WB2401ST2021029334,2021-10-01
WB2401ST2021040961,2021-12-17
WB2401ST2021027667,2021-09-30
WB2401ST2021025883,2021-09-28
WB2401ST2021017035,2021-09-16
WB2401ST2023022121,2023-06-01
WB2401ST2023020658,2023-05-31
WB2401ST2022002670,2022-01-14
WB2401ST2023018070,2023-05-30
WB2401ST2021046754,2021-12-31
WB2401ST2022015731,2022-05-11
WB2401ST2021026805,2021-09-29
WB2401ST2021042260,2021-12-18
WB2401ST2021027808,2021-09-30
WB2401ST2021012915,2021-09-11
WB2401ST2022002165,2022-01-13
WB2401ST2021021210,2021-09-23
WB2401ST2021021997,2021-09-24
WB2401ST2021039688,2021-12-12
WB2401ST2022014848,2022-03-20
WB2401ST2021034435,2021-10-28
WB2401ST2021046156,2021-12-29
WB2401ST2021024761,2021-09-26
WB2401ST2021013378,2021-09-12
WB2401ST2021019360,2021-09-20
WB2401ST2021028174,2021-09-30
WB2401ST2022006836,2022-02-10
WB2401ST2022010756,2022-03-11
WB2401ST2022004906,2022-01-20
WB2401ST2021023517,2021-09-25
WB2401ST2021045831,2021-12-29
WB2401ST2021037518,2021-11-26
WB2401ST2021017760,2021-09-18
WB2401ST2021017100,2021-09-16
WB2401ST2021016463,2021-09-16
WB2401ST2021036472,2021-11-19
WB2401ST2021046490,2021-12-30
WB2401ST2021021154,2021-09-23
WB2401ST2021011154,2021-09-05
WB2401ST2023017412,2023-05-30
WB2401ST2022009875,2022-03-10
WB2401ST2021025122,2021-09-27
WB2401ST2021017171,2021-09-16
WB2401ST2021016444,2021-09-16
WB2401ST2021027747,2021-09-30
WB2401ST2021035433,2021-11-15
WB2401ST2021043129,2021-12-19
WB2401ST2022006970,2022-02-10
WB2401ST2022003893,2022-01-18
WB2401ST2023029393,2023-06-06
WB2401ST2021021313,2021-09-23
WB2401ST2021028603,2021-10-01
WB2401ST2021020536,2021-09-22
WB2401ST2021019316,2021-09-20
WB2401ST2021022934,2021-09-25
WB2401ST2021021118,2021-09-23
WB2401ST2021030025,2021-10-05
WB2401ST2021027878,2021-09-30
WB2401ST2021035240,2021-11-02
WB2401ST2021045602,2021-12-28
WB2401ST2022018609,2022-06-17
WB2401ST2021014691,2021-09-14
WB2401ST2022014119,2022-03-20
WB2401ST2021020893,2021-09-22
WB2401ST2022012610,2022-03-16
WB2401ST2021024672,2021-09-26
WB2401ST2023016123,2023-05-29
WB2401ST2021019015,2021-09-20
WB2401ST2021027427,2021-09-29
WB2401ST2021012117,2021-09-09
WB2401ST2021022376,2021-09-24
WB2401ST2022020964,2022-06-23
WB2401ST2021015340,2021-09-15
WB2401ST2023000466,2023-01-10
WB2401ST2021020924,2021-09-22
WB2401ST2021031633,2021-10-05
WB2401ST2021044201,2021-12-19
WB2401ST2022027634,2022-08-25
WB2401ST2022008123,2022-03-06
WB2401ST2021025714,2021-09-27
WB2401ST2021033583,2021-10-11
WB2401ST2023010320,2023-05-25
WB2401ST2021039349,2021-12-11
WB2401ST2021011395,2021-09-07
WB2401ST2021022045,2021-09-24
WB2401ST2025000098,2025-01-10
WB2401ST2021011155,2021-09-05
WB2401ST2021035957,2021-11-16
WB2401ST2021027230,2021-09-29
WB2401ST2021011388,2021-09-07
WB2401ST2021024881,2021-09-27
WB2401ST2021043878,2021-12-19
WB2401ST2021023192,2021-09-25
WB2401ST2021045359,2021-12-28
WB2401ST2021016879,2021-09-16
WB2401ST2021020555,2021-09-22
WB2401ST2022004896,2022-01-20
WB2401ST2021040060,2021-12-16
WB2401ST2021019547,2021-09-21
WB2401ST2022015693,2022-05-11
WB2401ST2021041503,2021-12-18
WB2401ST2021028082,2021-09-30
WB2401ST2021021797,2021-09-23
WB2401ST2022020193,2022-06-22
WB2401ST2021029110,2021-10-01
WB2401ST2021021172,2021-09-23
WB2401ST2021029879,2021-10-02
WB2401ST2021042160,2021-12-18
WB2401ST2022007704,2022-02-13
WB2401ST2022002131,2022-01-13
WB2401ST2022014502,2022-03-20
WB2401ST2021011156,2021-09-05
WB2401ST2021013771,2021-09-13
WB2401ST2022000258,2022-01-05
WB2401ST2022006356,2022-02-04
WB2401ST2021025147,2021-09-27
WB2401ST2021026342,2021-09-28
WB2401ST2021032649,2021-10-09
WB2401ST2021024249,2021-09-26
WB2401ST2022002697,2022-01-14
WB2401ST2021041035,2021-12-17
WB2401ST2021040505,2021-12-17
WB2401ST2021023646,2021-09-25
WB2401ST2021026419,2021-09-28
WB2401ST2022008216,2022-03-06
WB2401ST2022006898,2022-02-10
WB2401ST2021027176,2021-09-29
WB2401ST2022002280,2022-01-13
WB2401ST2021035631,2021-11-15
WB2401ST2021016196,2021-09-16
WB2401ST2021028949,2021-10-01
WB2401ST2023045341,2023-07-31
WB2401ST2022021960,2022-06-24
WB2401ST2021020897,2021-09-22
WB2401ST2021042732,2021-12-18
WB2401ST2022021961,2022-06-24
WB2401ST2021026327,2021-09-28
WB2401ST2022014224,2022-03-20
WB2401ST2021030066,2021-10-05
WB2401ST2021032684,2021-10-09
WB2401ST2021015087,2021-09-15
WB2401ST2021020558,2021-09-22
WB2401ST2021023031,2021-09-25
WB2401ST2021038988,2021-12-11
WB2401ST2021022011,2021-09-24
WB2401ST2022000476,2022-01-05
WB2401ST2023012861,2023-05-28
WB2401ST2024000499,2024-02-02
WB2401ST2021030073,2021-10-05
WB2401ST2021016635,2021-09-16
WB2401ST2021045924,2021-12-29
WB2401ST2021020800,2021-09-22
WB2401ST2022020275,2022-06-22
WB2401ST2021011392,2021-09-07
WB2401ST2021017033,2021-09-16
WB2401ST2021024641,2021-09-26
WB2401ST2021035785,2021-11-15
WB2401ST2021025888,2021-09-28
WB2401ST2021015433,2021-09-15
WB2401ST2021031629,2021-10-05
WB2401ST2022002079,2022-01-13
WB2401ST2022007989,2022-03-06
WB2401ST2021024595,2021-09-26
WB2401ST2021027218,2021-09-29
WB2401ST2021033797,2021-10-12
WB2401ST2021018414,2021-09-20
WB2401ST2021020248,2021-09-21
WB2401ST2021039336,2021-12-11
WB2401ST2021016600,2021-09-16
WB2401ST2021015174,2021-09-15
WB2401ST2021022020,2021-09-24
WB2401ST2021014723,2021-09-14
WB2401ST2021040987,2021-12-17
WB2401ST2021014506,2021-09-14
WB2401ST2021028835,2021-10-01
WB2401ST2021025012,2021-09-27
WB2401ST2021023440,2021-09-25
WB2401ST2021026553,2021-09-28
WB2401ST2023006985,2023-04-16
WB2401ST2021043786,2021-12-19
WB2401ST2023007851,2023-04-27
WB2401ST2021031279,2021-10-05
WB2401ST2021040967,2021-12-17
WB2401ST2022001649,2022-01-13
WB2401ST2021011160,2021-09-05
WB2401ST2021028775,2021-10-01
WB2401ST2022012536,2022-03-16
WB2401ST2021032030,2021-10-06
WB2401ST2021031134,2021-10-05
WB2401ST2023017777,2023-05-30
WB2401ST2021023658,2021-09-25
WB2401ST2021024353,2021-09-26
WB2401ST2023005689,2023-04-06
WB2401ST2021011401,2021-09-07
WB2401ST2021040641,2021-12-17
WB2401ST2022014914,2022-03-20
WB2401ST2021032229,2021-10-09
WB2401ST2021015897,2021-09-16
WB2401ST2021039873,2021-12-13
WB2401ST2022001652,2022-01-13
WB2401ST2021022383,2021-09-24
WB2401ST2021021112,2021-09-23
WB2401ST2021032257,2021-10-09
WB2401ST2021025537,2021-09-27
WB2401ST2021032384,2021-10-09
WB2401ST2021045349,2021-12-28
WB2401ST2021024712,2021-09-26
WB2401ST2024000532,2024-02-06
WB2401ST2021042712,2021-12-18
WB2401ST2021025102,2021-09-27
WB2401ST2021025685,2021-09-27
WB2401ST2021021742,2021-09-23
WB2401ST2021035652,2021-11-15
WB2401ST2021027320,2021-09-29
WB2401ST2021038991,2021-12-11
WB2401ST2021024021,2021-09-26
WB2401ST2021040986,2021-12-17
WB2401ST2021038811,2021-12-11
WB2401ST2022033832,2022-11-25
WB2401ST2023039415,2023-06-26
WB2401ST2021017202,2021-09-16
WB2401ST2022020299,2022-06-22
WB2401ST2021018559,2021-09-20
WB2401ST2021018003,2021-09-19
WB2401ST2022010728,2022-03-11
WB2401ST2021035847,2021-11-15
WB2401ST2022026910,2022-08-23
WB2401ST2024002368,2024-12-26
WB2401ST2021025892,2021-09-28
WB2401ST2022000512,2022-01-05
WB2401ST2023031356,2023-06-07
WB2401ST2021031157,2021-10-05
WB2401ST2021037435,2021-11-21
WB2401ST2021019126,2021-09-20
WB2401ST2022001678,2022-01-13
WB2401ST2021024408,2021-09-26
WB2401ST2022014847,2022-03-20
WB2401ST2021024569,2021-09-26
WB2401ST2021013326,2021-09-12
WB2401ST2021038364,2021-12-06
WB2401ST2023032069,2023-06-07
WB2401ST2021016475,2021-09-16
WB2401ST2021017787,2021-09-18
WB2401ST2021018110,2021-09-19
WB2401ST2021019127,2021-09-20
WB2401ST2021015123,2021-09-15
WB2401ST2021045600,2021-12-28
WB2401ST2021046097,2021-12-29
WB2401ST2021025057,2021-09-27
WB2401ST2021020739,2021-09-22
WB2401ST2021035068,2021-11-02
WB2401ST2022027630,2022-08-25
WB2401ST2021040062,2021-12-16
WB2401ST2023011265,2023-05-27
WB2401ST2022004613,2022-01-19
WB2401ST2021020814,2021-09-22
WB2401ST2021042728,2021-12-18
WB2401ST2021028920,2021-10-01
WB2401ST2021018522,2021-09-20
WB2401ST2021028088,2021-09-30
WB2401ST2021024340,2021-09-26
WB2401ST2021016432,2021-09-16
WB2401ST2021021179,2021-09-23
WB2401ST2021016677,2021-09-16
WB2401ST2021032369,2021-10-09
WB2401ST2021022858,2021-09-24
WB2401ST2021030601,2021-10-05
WB2401ST2021018990,2021-09-20
WB2401ST2021023035,2021-09-25
WB2401ST2022010729,2022-03-11
WB2401ST2021027633,2021-09-30
WB2401ST2021026630,2021-09-28
WB2401ST2021025975,2021-09-28
WB2401ST2021020971,2021-09-22
WB2401ST2021042711,2021-12-18
WB2401ST2022021641,2022-06-24
WB2401ST2021040454,2021-12-17
WB2401ST2021045825,2021-12-29
WB2401ST2021023969,2021-09-26
WB2401ST2021023300,2021-09-25
WB2401ST2022000306,2022-01-05
WB2401ST2021032724,2021-10-09
WB2401ST2021020749,2021-09-22
WB2401ST2021045886,2021-12-29
WB2401ST2022017656,2022-06-07
WB2401ST2021037862,2021-11-30
WB2401ST2021040472,2021-12-17
WB2401ST2022005794,2022-01-26
WB2401ST2021018679,2021-09-20
WB2401ST2021030586,2021-10-05
WB2401ST2021027475,2021-09-29
WB2401ST2021040170,2021-12-16
WB2401ST2022024307,2022-07-13
WB2401ST2021042313,2021-12-18
WB2401ST2021011166,2021-09-05
WB2401ST2022000268,2022-01-05
WB2401ST2021039475,2021-12-12
WB2401ST2021046616,2021-12-31
WB2401ST2021036776,2021-11-20
WB2401ST2022000298,2022-01-05
WB2401ST2021025954,2021-09-28
WB2401ST2021015540,2021-09-16
WB2401ST2021017042,2021-09-16
WB2401ST2021045663,2021-12-28
WB2401ST2021018744,2021-09-20
WB2401ST2021027220,2021-09-29
WB2401ST2021016957,2021-09-16
WB2401ST2021027155,2021-09-29
WB2401ST2021037802,2021-11-30
WB2401ST2021016256,2021-09-16
WB2401ST2022012736,2022-03-16
WB2401ST2021022397,2021-09-24
WB2401ST2022006397,2022-02-04
WB2401ST2021027272,2021-09-29
WB2401ST2021017701,2021-09-18
WB2401ST2021021021,2021-09-22
WB2401ST2021022029,2021-09-24
WB2401ST2021023070,2021-09-25
WB2401ST2022003309,2022-01-14
WB2401ST2021026663,2021-09-28
WB2401ST2023057298,2023-08-04
WB2401ST2022000535,2022-01-05
WB2401ST2021027977,2021-09-30
WB2401ST2023019413,2023-05-31
WB2401ST2021016651,2021-09-16
WB2401ST2021023639,2021-09-25
WB2401ST2021041360,2021-12-18
WB2401ST2021024720,2021-09-26
WB2401ST2021028661,2021-10-01
WB2401ST2021011167,2021-09-05
WB2401ST2022006833,2022-02-10
WB2401ST2021028839,2021-10-01
WB2401ST2021015121,2021-09-15
WB2401ST2021029926,2021-10-02
WB2401ST2021011375,2021-09-07
WB2401ST2021020962,2021-09-22
WB2401ST2021023526,2021-09-25
WB2401ST2023008759,2023-05-21
WB2401ST2021019258,2021-09-20
WB2401ST2021028474,2021-10-01
WB2401ST2021020917,2021-09-22
WB2401ST2021015114,2021-09-15
WB2401ST2021016201,2021-09-16
WB2401ST2021017353,2021-09-18
WB2401ST2021042033,2021-12-18
WB2401ST2022014225,2022-03-20
WB2401ST2021014500,2021-09-14
WB2401ST2022000286,2022-01-05
WB2401ST2021027588,2021-09-30
WB2401ST2021018332,2021-09-20
WB2401ST2022017642,2022-06-07
WB2401ST2021040627,2021-12-17
WB2401ST2021043554,2021-12-19
WB2401ST2021018352,2021-09-20
WB2401ST2021028565,2021-10-01
WB2401ST2021027193,2021-09-29
WB2401ST2021036545,2021-11-19
WB2401ST2021026689,2021-09-28
WB2401ST2021029508,2021-10-02
WB2401ST2021018540,2021-09-20
WB2401ST2021035944,2021-11-16
WB2401ST2021037775,2021-11-30
WB2401ST2021044551,2021-12-22
WB2401ST2022027376,2022-08-24
WB2401ST2022012733,2022-03-16
WB2401ST2021046693,2021-12-31
WB2401ST2022006577,2022-02-09
WB2401ST2021035072,2021-11-02
WB2401ST2021046674,2021-12-31
WB2401ST2021019830,2021-09-21
WB2401ST2021019727,2021-09-21
WB2401ST2023008503,2023-05-16
WB2401ST2022020842,2022-06-23
WB2401ST2021025404,2021-09-27
WB2401ST2022025997,2022-08-21
WB2401ST2021039013,2021-12-11
WB2401ST2021015074,2021-09-15
WB2401ST2021014631,2021-09-14
WB2401ST2021022016,2021-09-24
WB2401ST2023043410,2023-07-27
WB2401ST2022014226,2022-03-20
WB2401ST2021035930,2021-11-16
WB2401ST2023021862,2023-06-01
WB2401ST2021019991,2021-09-21
WB2401ST2023022564,2023-06-01
WB2401ST2021011384,2021-09-07
WB2401ST2021037771,2021-11-30
WB2401ST2021040994,2021-12-17
WB2401ST2021022826,2021-09-24
WB2401ST2021011162,2021-09-05
WB2401ST2021036949,2021-11-20
WB2401ST2021046734,2021-12-31
WB2401ST2021028066,2021-09-30
WB2401ST2021027549,2021-09-29
WB2401ST2021018302,2021-09-19
WB2401ST2022001736,2022-01-13
WB2401ST2021025269,2021-09-27
WB2401ST2022019908,2022-06-21
WB2401ST2023040390,2023-07-21
WB2401ST2021032585,2021-10-09
WB2401ST2021011376,2021-09-07
WB2401ST2021019597,2021-09-21
WB2401ST2021014251,2021-09-14
WB2401ST2021044472,2021-12-22
WB2401ST2021040107,2021-12-16
WB2401ST2023021861,2023-06-01
WB2401ST2021033723,2021-10-12
WB2401ST2021022153,2021-09-24
WB2401ST2021029179,2021-10-01
WB2401ST2021025711,2021-09-27
WB2401ST2021046422,2021-12-30
WB2401ST2022008515,2022-03-06
WB2401ST2021046430,2021-12-30
WB2401ST2021036558,2021-11-19
WB2401ST2021021242,2021-09-23
WB2401ST2021020731,2021-09-22
WB2401ST2021016667,2021-09-16
WB2401ST2022015694,2022-05-11
WB2401ST2021034374,2021-10-28
WB2401ST2021028167,2021-09-30
WB2401ST2021032620,2021-10-09
WB2401ST2021028546,2021-10-01
WB2401ST2021024710,2021-09-26
WB2401ST2021014676,2021-09-14
WB2401ST2021011390,2021-09-07
WB2401ST2022004159,2022-01-18
WB2401ST2022017608,2022-06-07
WB2401ST2022021946,2022-06-24
WB2401ST2022001591,2022-01-13
WB2401ST2021027335,2021-09-29
WB2401ST2021022626,2021-09-24
WB2401ST2022028937,2022-08-31
WB2401ST2021018146,2021-09-19
WB2401ST2021046109,2021-12-29
WB2401ST2022006225,2022-02-04
WB2401ST2021045985,2021-12-29
WB2401ST2021026766,2021-09-28
WB2401ST2021025362,2021-09-27
WB2401ST2022000524,2022-01-05
WB2401ST2021043690,2021-12-19
WB2401ST2021016860,2021-09-16
WB2401ST2021016375,2021-09-16
WB2401ST2021037220,2021-11-21
WB2401ST2021024397,2021-09-26
WB2401ST2021014498,2021-09-14
WB2401ST2023070523,2023-08-07
WB2401ST2022001212,2022-01-12
WB2401ST2021024190,2021-09-26
WB2401ST2021026629,2021-09-28
WB2401ST2021027303,2021-09-29
WB2401ST2022001662,2022-01-13
WB2401ST2021032075,2021-10-06
WB2401ST2021014683,2021-09-14
WB2401ST2023070526,2023-08-07
WB2401ST2021043300,2021-12-19
WB2401ST2021011391,2021-09-07
WB2401ST2021030612,2021-10-05
WB2401ST2021035041,2021-11-02
WB2401ST2021021996,2021-09-24
WB2401ST2022013167,2022-03-17
WB2401ST2021026622,2021-09-28
WB2401ST2021039022,2021-12-11
WB2401ST2023011036,2023-05-27
WB2401ST2022005916,2022-01-26
WB2401ST2021019866,2021-09-21
WB2401ST2021030077,2021-10-05
WB2401ST2021011377,2021-09-07
WB2401ST2021042974,2021-12-19
WB2401ST2021016184,2021-09-16
WB2401ST2021028500,2021-10-01
WB2401ST2023008756,2023-05-21
WB2401ST2021022064,2021-09-24
WB2401ST2021030068,2021-10-05
WB2401ST2021046081,2021-12-29
WB2401ST2021011164,2021-09-05
WB2401ST2021020714,2021-09-22
WB2401ST2022001098,2022-01-12
WB2401ST2021046545,2021-12-30
WB2401ST2021032581,2021-10-09
WB2401ST2021021375,2021-09-23
WB2401ST2021020908,2021-09-22
WB2401ST2021032381,2021-10-09
WB2401ST2021015732,2021-09-16
WB2401ST2021018445,2021-09-20
WB2401ST2021019473,2021-09-21
WB2401ST2021025638,2021-09-27
WB2401ST2021033220,2021-10-11
WB2401ST2022019892,2022-06-21
WB2401ST2021046427,2021-12-30
WB2401ST2021022767,2021-09-24
WB2401ST2024002061,2024-11-28
WB2401ST2022022113,2022-06-25
WB2401ST2021025615,2021-09-27
WB2401ST2021023942,2021-09-26
WB2401ST2021016831,2021-09-16
WB2401ST2022028923,2022-08-31
WB2401ST2021029816,2021-10-02
WB2401ST2021014630,2021-09-14
WB2401ST2022000398,2022-01-05
WB2401ST2021019862,2021-09-21
WB2401ST2021043137,2021-12-19
WB2401ST2021020887,2021-09-22
WB2401ST2021014505,2021-09-14
WB2401ST2021015118,2021-09-15
WB2401ST2021040960,2021-12-17
WB2401ST2021029312,2021-10-01
WB2401ST2021046661,2021-12-31
WB2401ST2021027766,2021-09-30
WB2401ST2021029421,2021-10-01
WB2401ST2023051724,2023-08-03
WB2401ST2021016404,2021-09-16
WB2401ST2021026639,2021-09-28
WB2401ST2021027540,2021-09-29
WB2401ST2021022907,2021-09-24
WB2401ST2021015300,2021-09-15
WB2401ST2021036931,2021-11-20
WB2401ST2021018646,2021-09-20
WB2401ST2021016252,2021-09-16
WB2401ST2022019964,2022-06-21
WB2401ST2021037223,2021-11-21
WB2401ST2021045932,2021-12-29
WB2401ST2021022413,2021-09-24
WB2401ST2022015716,2022-05-11
WB2401ST2021015899,2021-09-16
WB2401ST2022019878,2022-06-21
WB2401ST2023007710,2023-04-27
WB2401ST2021037434,2021-11-21
WB2401ST2022005743,2022-01-23
WB2401ST2021011378,2021-09-07
WB2401ST2022015646,2022-05-06
WB2401ST2021015289,2021-09-15
WB2401ST2021027126,2021-09-29
WB2401ST2021017703,2021-09-18
WB2401ST2021046613,2021-12-31
WB2401ST2021017935,2021-09-18
WB2401ST2023043405,2023-07-27
WB2401ST2021015252,2021-09-15
WB2401ST2023073273,2023-09-08
WB2401ST2021034110,2021-10-13
WB2401ST2022028221,2022-08-27
WB2401ST2021020732,2021-09-22
WB2401ST2021043588,2021-12-19
WB2401ST2021022325,2021-09-24
WB2401ST2022003209,2022-01-14
WB2401ST2021017098,2021-09-16
WB2401ST2022027665,2022-08-25
WB2401ST2021047081,2021-12-31
WB2401ST2022019035,2022-06-20
WB2401ST2021020567,2021-09-22
WB2401ST2023016644,2023-05-29
WB2401ST2021046024,2021-12-29
WB2401ST2021026422,2021-09-28
WB2401ST2023019649,2023-05-31
WB2401ST2022003124,2022-01-14
WB2401ST2021019902,2021-09-21
WB2401ST2021022399,2021-09-24
WB2401ST2022019661,2022-06-21
WB2401ST2021032066,2021-10-06
WB2401ST2021017416,2021-09-18
WB2401ST2022017188,2022-06-01
WB2401ST2021016480,2021-09-16
WB2401ST2021028256,2021-09-30
WB2401ST2021027902,2021-09-30
WB2401ST2021023302,2021-09-25
WB2401ST2021033689,2021-10-12
WB2401ST2021027649,2021-09-30
WB2401ST2022021810,2022-06-24
WB2401ST2022019930,2022-06-21
WB2401ST2022001061,2022-01-12
WB2401ST2021020745,2021-09-22
WB2401ST2021026531,2021-09-28
WB2401ST2022006636,2022-02-09
WB2401ST2021047172,2021-12-31
WB2401ST2021016682,2021-09-16
WB2401ST2023006355,2023-04-11
WB2401ST2021042854,2021-12-18
WB2401ST2021042176,2021-12-18
WB2401ST2021039693,2021-12-12
WB2401ST2021016198,2021-09-16
WB2401ST2022009531,2022-03-10
WB2401ST2021021528,2021-09-23
WB2401ST2021041973,2021-12-18
WB2401ST2021029872,2021-10-02
WB2401ST2021017058,2021-09-16
WB2401ST2021045384,2021-12-28
WB2401ST2021042086,2021-12-18
WB2401ST2021027583,2021-09-30
WB2401ST2022002113,2022-01-13
WB2401ST2021021346,2021-09-23
WB2401ST2022000830,2022-01-12
WB2401ST2022019927,2022-06-21
WB2401ST2022001064,2022-01-12
WB2401ST2022004493,2022-01-19
WB2401ST2021021834,2021-09-23
WB2401ST2021036486,2021-11-19
WB2401ST2021041997,2021-12-18
WB2401ST2021017052,2021-09-16
WB2401ST2021024269,2021-09-26
WB2401ST2022027281,2022-08-24
WB2401ST2022021130,2022-06-23
WB2401ST2021025542,2021-09-27
WB2401ST2021017092,2021-09-16
WB2401ST2021011379,2021-09-07
WB2401ST2021023203,2021-09-25
WB2401ST2021029242,2021-10-01
WB2401ST2021024977,2021-09-27
WB2401ST2021011383,2021-09-07
WB2401ST2022015475,2022-05-06
WB2401ST2021016634,2021-09-16
WB2401ST2021042685,2021-12-18
WB2401ST2021023386,2021-09-25
WB2401ST2021046705,2021-12-31
WB2401ST2021011630,2021-09-08
WB2401ST2021046483,2021-12-30
WB2401ST2021012887,2021-09-11
WB2401ST2023024246,2023-06-02
WB2401ST2021011382,2021-09-07
WB2401ST2021038612,2021-12-07
WB2401ST2021043592,2021-12-19
WB2401ST2021011386,2021-09-07
WB2401ST2022001304,2022-01-12
WB2401ST2021040051,2021-12-16
WB2401ST2021011374,2021-09-07
WB2401ST2022018782,2022-06-18
WB2401ST2021042322,2021-12-18
WB2401ST2023022491,2023-06-01
WB2401ST2021038163,2021-12-06
WB2401ST2021040695,2021-12-17
WB2401ST2021029519,2021-10-02
WB2401ST2023013746,2023-05-28
WB2401ST2022006525,2022-02-09
WB2401ST2021012131,2021-09-09
WB2401ST2022006928,2022-02-10
WB2401ST2021031092,2021-10-05
WB2401ST2023003345,2023-02-15
WB2401ST2021013869,2021-09-13
WB2401ST2021021491,2021-09-23
WB2401ST2022003666,2022-01-15
WB2401ST2021011400,2021-09-07
WB2401ST2021023018,2021-09-25
WB2401ST2021035881,2021-11-16
WB2401ST2021015055,2021-09-15
WB2401ST2023003344,2023-02-15
WB2401ST2021016765,2021-09-16
WB2401ST2022015648,2022-05-06
WB2401ST2021011399,2021-09-07
WB2401ST2021036492,2021-11-19
WB2401ST2021029504,2021-10-02
WB2401ST2021039451,2021-12-12
WB2401ST2021039449,2021-12-12
WB2401ST2021011396,2021-09-07
WB2401ST2021026605,2021-09-28
WB2401ST2021028263,2021-09-30
WB2401ST2021022440,2021-09-24
WB2401ST2021011397,2021-09-07
WB2401ST2021036475,2021-11-19
WB2401ST2021028759,2021-10-01
WB2401ST2021037836,2021-11-30
WB2401ST2023003441,2023-02-15
WB2401ST2021014828,2021-09-14
WB2401ST2021035432,2021-11-15
WB2401ST2021021348,2021-09-23
WB2401ST2021015081,2021-09-15
WB2401ST2021015182,2021-09-15
WB2401ST2021031710,2021-10-05
WB2401ST2021015325,2021-09-15
WB2401ST2023059363,2023-08-05
WB2401ST2022019254,2022-06-20
WB2401ST2022000846,2022-01-12
WB2401ST2022002118,2022-01-13
WB2401ST2021028494,2021-10-01
WB2401ST2021012775,2021-09-10
WB2401ST2021014147,2021-09-14
WB2401ST2021022351,2021-09-24
WB2401ST2021040381,2021-12-16
WB2401ST2022005939,2022-01-26
WB2401ST2021038174,2021-12-06
WB2401ST2021032372,2021-10-09
WB2401ST2021045683,2021-12-28
WB2401ST2021046181,2021-12-29
WB2401ST2022000519,2022-01-05
WB2401ST2021037809,2021-11-30
WB2401ST2021036111,2021-11-17
WB2401ST2021021069,2021-09-23
WB2401ST2022022216,2022-06-25
WB2401ST2021032247,2021-10-09
WB2401ST2022026328,2022-08-21
WB2401ST2021036524,2021-11-19
WB2401ST2021023118,2021-09-25
WB2401ST2021029387,2021-10-01
WB2401ST2021029162,2021-10-01
WB2401ST2021016944,2021-09-16
WB2401ST2021025466,2021-09-27
WB2401ST2021036544,2021-11-19
WB2401ST2021024217,2021-09-26
WB2401ST2021020821,2021-09-22
WB2401ST2021019873,2021-09-21
WB2401ST2021027128,2021-09-29
WB2401ST2021046563,2021-12-30
WB2401ST2021042175,2021-12-18
WB2401ST2021013865,2021-09-13
WB2401ST2021045497,2021-12-28
WB2401ST2022023876,2022-07-05
WB2401ST2023030441,2023-06-06
WB2401ST2021022044,2021-09-24
WB2401ST2022002652,2022-01-14
WB2401ST2022000252,2022-01-05
WB2401ST2021045822,2021-12-29
WB2401ST2021016810,2021-09-16
WB2401ST2021021202,2021-09-23
WB2401ST2022014227,2022-03-20
WB2401ST2022017737,2022-06-08
WB2401ST2021016932,2021-09-16
WB2401ST2021041141,2021-12-18
WB2401ST2021024258,2021-09-26
WB2401ST2021038771,2021-12-08
WB2401ST2021046060,2021-12-29
WB2401ST2021015254,2021-09-15
WB2401ST2022002824,2022-01-14
WB2401ST2021033494,2021-10-11
WB2401ST2022002112,2022-01-13
WB2401ST2021043675,2021-12-19
WB2401ST2022004153,2022-01-18
WB2401ST2021025977,2021-09-28
WB2401ST2021023248,2021-09-25
WB2401ST2021020564,2021-09-22
WB2401ST2021046504,2021-12-30
WB2401ST2022020927,2022-06-23
WB2401ST2022000501,2022-01-05
WB2401ST2023003346,2023-02-15
WB2401ST2021024643,2021-09-26
WB2401ST2021041004,2021-12-17
WB2401ST2021020278,2021-09-21
WB2401ST2022027099,2022-08-23
WB2401ST2021027815,2021-09-30
WB2401ST2021041983,2021-12-18
WB2401ST2021023865,2021-09-26
WB2401ST2021024633,2021-09-26
WB2401ST2021017961,2021-09-18
WB2401ST2021030143,2021-10-05
WB2401ST2021016265,2021-09-16
WB2401ST2022004846,2022-01-20
WB2401ST2023008761,2023-05-21
WB2401ST2021016496,2021-09-16
WB2401ST2022002666,2022-01-14
WB2401ST2021028587,2021-10-01
WB2401ST2021039034,2021-12-11
WB2401ST2022014228,2022-03-20
WB2401ST2023048085,2023-08-03
WB2401ST2023029436,2023-06-06
WB2401ST2021016709,2021-09-16
WB2401ST2021043164,2021-12-19
WB2401ST2021028051,2021-09-30
WB2401ST2021014258,2021-09-14
WB2401ST2021029952,2021-10-03
WB2401ST2021030611,2021-10-05
WB2401ST2021046123,2021-12-29
WB2401ST2021037831,2021-11-30
WB2401ST2022000526,2022-01-05
WB2401ST2022002678,2022-01-14
WB2401ST2021021130,2021-09-23
WB2401ST2021028106,2021-09-30
WB2401ST2023043307,2023-07-27
WB2401ST2021028910,2021-10-01
WB2401ST2022021719,2022-06-24
WB2401ST2021018023,2021-09-19
WB2401ST2021029346,2021-10-01
WB2401ST2021029313,2021-10-01
WB2401ST2021037772,2021-11-30
WB2401ST2021018157,2021-09-19
WB2401ST2021021448,2021-09-23
WB2401ST2022012723,2022-03-16
WB2401ST2021045305,2021-12-28
WB2401ST2021017803,2021-09-18
WB2401ST2021027690,2021-09-30
WB2401ST2024001917,2024-10-30
WB2401ST2021042104,2021-12-18
WB2401ST2021015911,2021-09-16
WB2401ST2021046677,2021-12-31
WB2401ST2022027642,2022-08-25
WB2401ST2023066923,2023-08-06
WB2401ST2021022054,2021-09-24
WB2401ST2021030575,2021-10-05
WB2401ST2022004615,2022-01-19
WB2401ST2021017112,2021-09-16
WB2401ST2022007988,2022-03-06
WB2401ST2021035522,2021-11-15
WB2401ST2021019947,2021-09-21
WB2401ST2021028250,2021-09-30
WB2401ST2023042215,2023-07-25
WB2401ST2021028488,2021-10-01
WB2401ST2021046103,2021-12-29
WB2401ST2021013110,2021-09-12
WB2401ST2021028189,2021-09-30
WB2401ST2022001398,2022-01-12
WB2401ST2021018013,2021-09-19
WB2401ST2021025435,2021-09-27
WB2401ST2022005107,2022-01-21
WB2401ST2022000487,2022-01-05
WB2401ST2023072697,2023-08-28
WB2401ST2021046624,2021-12-31
WB2401ST2021028586,2021-10-01
WB2401ST2021024837,2021-09-27
WB2401ST2021020895,2021-09-22
WB2401ST2022002151,2022-01-13
WB2401ST2021022001,2021-09-24
WB2401ST2021032194,2021-10-09
WB2401ST2021018328,2021-09-20
WB2401ST2022000503,2022-01-05
WB2401ST2021026536,2021-09-28
WB2401ST2022013854,2022-03-20
WB2401ST2021032113,2021-10-06
WB2401ST2022022217,2022-06-25
WB2401ST2021031258,2021-10-05
WB2401ST2021033219,2021-10-11
WB2401ST2021042062,2021-12-18
WB2401ST2022003142,2022-01-14
WB2401ST2022002773,2022-01-14
WB2401ST2021017036,2021-09-16
WB2401ST2021028645,2021-10-01
WB2401ST2023058947,2023-08-05
WB2401ST2024000738,2024-04-02
WB2401ST2021038226,2021-12-06
WB2401ST2021019871,2021-09-21
WB2401ST2022000301,2022-01-05
WB2401ST2021020725,2021-09-22
WB2401ST2021028247,2021-09-30
WB2401ST2022018453,2022-06-17
WB2401ST2021032076,2021-10-06
WB2401ST2021037026,2021-11-20
WB2401ST2021017496,2021-09-18
WB2401ST2021022287,2021-09-24
WB2401ST2021020884,2021-09-22
WB2401ST2021013710,2021-09-13
WB2401ST2021046697,2021-12-31
WB2401ST2021014327,2021-09-14
WB2401ST2021016226,2021-09-16
WB2401ST2023011793,2023-05-28
WB2401ST2024001962,2024-10-30
WB2401ST2021024705,2021-09-26
WB2401ST2021031569,2021-10-05
WB2401ST2021029484,2021-10-02
WB2401ST2022014229,2022-03-20
WB2401ST2021022572,2021-09-24
WB2401ST2021041000,2021-12-17
WB2401ST2022006007,2022-01-26
WB2401ST2021020058,2021-09-21
WB2401ST2021033079,2021-10-11
WB2401ST2021038242,2021-12-06
WB2401ST2023011702,2023-05-27
WB2401ST2021046412,2021-12-30
WB2401ST2021028054,2021-09-30
WB2401ST2021045653,2021-12-28
WB2401ST2024001918,2024-10-30
WB2401ST2022002136,2022-01-13
WB2401ST2021033217,2021-10-11
WB2401ST2021018163,2021-09-19
WB2401ST2021043132,2021-12-19
WB2401ST2021022157,2021-09-24
WB2401ST2021015901,2021-09-16
WB2401ST2021027896,2021-09-30
WB2401ST2021020842,2021-09-22
WB2401ST2021021985,2021-09-24
WB2401ST2021043732,2021-12-19
WB2401ST2021033725,2021-10-12
WB2401ST2022020988,2022-06-23
WB2401ST2021028644,2021-10-01
WB2401ST2021021196,2021-09-23
WB2401ST2022028417,2022-08-29
WB2401ST2021021682,2021-09-23
WB2401ST2022018917,2022-06-20
WB2401ST2021021484,2021-09-23
WB2401ST2022000483,2022-01-05
WB2401ST2021021436,2021-09-23
WB2401ST2021023295,2021-09-25
WB2401ST2021045795,2021-12-29
WB2401ST2023063970,2023-08-06
WB2401ST2022019931,2022-06-21
WB2401ST2021013720,2021-09-13
WB2401ST2021032034,2021-10-06
WB2401ST2021022736,2021-09-24
WB2401ST2022005934,2022-01-26
WB2401ST2021026537,2021-09-28
WB2401ST2021028072,2021-09-30
WB2401ST2021020022,2021-09-21
WB2401ST2021039874,2021-12-13
WB2401ST2021026470,2021-09-28
WB2401ST2021016398,2021-09-16
WB2401ST2021013862,2021-09-13
WB2401ST2022004747,2022-01-19
WB2401ST2021028598,2021-10-01
WB2401ST2021027261,2021-09-29
WB2401ST2021022455,2021-09-24
WB2401ST2022000281,2022-01-05
WB2401ST2023003863,2023-03-03
WB2401ST2022012599,2022-03-16
WB2401ST2022000525,2022-01-05
WB2401ST2021022062,2021-09-24
WB2401ST2021034654,2021-10-30
WB2401ST2021021583,2021-09-23
WB2401ST2021020930,2021-09-22
WB2401ST2021019009,2021-09-20
WB2401ST2021015067,2021-09-15
WB2401ST2021027298,2021-09-29
WB2401ST2021032991,2021-10-11
WB2401ST2022004601,2022-01-19
WB2401ST2021027429,2021-09-29
WB2401ST2021030566,2021-10-05
WB2401ST2021040098,2021-12-16
WB2401ST2022001640,2022-01-13
WB2401ST2021015715,2021-09-16
WB2401ST2021043736,2021-12-19
WB2401ST2023036249,2023-06-08
WB2401ST2022002208,2022-01-13
WB2401ST2021013998,2021-09-13
WB2401ST2021015587,2021-09-16
WB2401ST2021022013,2021-09-24
WB2401ST2021027990,2021-09-30
WB2401ST2021019519,2021-09-21
WB2401ST2021027816,2021-09-30
WB2401ST2021022636,2021-09-24
WB2401ST2021013965,2021-09-13
WB2401ST2021021773,2021-09-23
WB2401ST2021046767,2021-12-31
WB2401ST2021046745,2021-12-31
WB2401ST2021025034,2021-09-27
WB2401ST2021022976,2021-09-25
WB2401ST2021015906,2021-09-16
WB2401ST2022010757,2022-03-11
WB2401ST2022010081,2022-03-10
WB2401ST2021021055,2021-09-23
WB2401ST2022015999,2022-05-17
WB2401ST2021027553,2021-09-29
WB2401ST2023062531,2023-08-06
WB2401ST2021025917,2021-09-28
WB2401ST2021047113,2021-12-31
WB2401ST2021030664,2021-10-05
WB2401ST2021025060,2021-09-27
WB2401ST2022000492,2022-01-05
WB2401ST2021025523,2021-09-27
WB2401ST2021029171,2021-10-01
WB2401ST2021041749,2021-12-18
WB2401ST2023008755,2023-05-21
WB2401ST2021023512,2021-09-25
WB2401ST2021022977,2021-09-25
WB2401ST2023057832,2023-08-05
WB2401ST2021022980,2021-09-25
WB2401ST2021045792,2021-12-29
WB2401ST2022005874,2022-01-26
WB2401ST2021032191,2021-10-09
WB2401ST2021043542,2021-12-19
WB2401ST2021038238,2021-12-06
WB2401ST2022020866,2022-06-23
WB2401ST2022002356,2022-01-14
WB2401ST2021037219,2021-11-21
WB2401ST2021037214,2021-11-21
WB2401ST2021031285,2021-10-05
WB2401ST2021045916,2021-12-29
WB2401ST2021024002,2021-09-26
WB2401ST2021025047,2021-09-27
WB2401ST2021019801,2021-09-21
WB2401ST2021031039,2021-10-05
WB2401ST2021013959,2021-09-13
WB2401ST2021041018,2021-12-17
WB2401ST2021030868,2021-10-05
WB2401ST2021042179,2021-12-18
WB2401ST2021043519,2021-12-19
WB2401ST2022024690,2022-07-15
WB2401ST2021037206,2021-11-21
WB2401ST2021019841,2021-09-21
WB2401ST2023005520,2023-04-06
WB2401ST2021027591,2021-09-30
WB2401ST2021046556,2021-12-30
WB2401ST2021021581,2021-09-23
WB2401ST2021020462,2021-09-21
WB2401ST2021026571,2021-09-28
WB2401ST2021026679,2021-09-28
WB2401ST2021026680,2021-09-28
WB2401ST2021046398,2021-12-30
WB2401ST2021031288,2021-10-05
WB2401ST2021025040,2021-09-27
WB2401ST2021024539,2021-09-26
WB2401ST2022006681,2022-02-09
WB2401ST2021015999,2021-09-16
WB2401ST2021025588,2021-09-27
WB2401ST2021037992,2021-12-06
WB2401ST2021047186,2021-12-31
WB2401ST2021024288,2021-09-26
WB2401ST2021021159,2021-09-23
WB2401ST2022010062,2022-03-10
WB2401ST2022017718,2022-06-08
WB2401ST2021029454,2021-10-01
WB2401ST2021035931,2021-11-16
WB2401ST2022002236,2022-01-13
WB2401ST2022021741,2022-06-24
WB2401ST2021026302,2021-09-28
WB2401ST2021045712,2021-12-28
WB2401ST2021028482,2021-10-01
WB2401ST2021028903,2021-10-01
WB2401ST2021014859,2021-09-14
WB2401ST2021037942,2021-12-03
WB2401ST2021025940,2021-09-28
WB2401ST2021033409,2021-10-11
WB2401ST2022012726,2022-03-16
WB2401ST2021026416,2021-09-28
WB2401ST2021016706,2021-09-16
WB2401ST2022000560,2022-01-05
WB2401ST2021026439,2021-09-28
WB2401ST2021024636,2021-09-26
WB2401ST2021018368,2021-09-20
WB2401ST2021026778,2021-09-28
WB2401ST2021023428,2021-09-25
WB2401ST2021033301,2021-10-11
WB2401ST2021020837,2021-09-22
WB2401ST2021031289,2021-10-05
WB2401ST2021046549,2021-12-30
WB2401ST2022014404,2022-03-20
WB2401ST2021025338,2021-09-27
WB2401ST2021028179,2021-09-30
WB2401ST2021016190,2021-09-16
WB2401ST2021022510,2021-09-24
WB2401ST2021026360,2021-09-28
WB2401ST2021014217,2021-09-14
WB2401ST2021015588,2021-09-16
WB2401ST2022006771,2022-02-09
WB2401ST2021046725,2021-12-31
WB2401ST2021025498,2021-09-27
WB2401ST2021025701,2021-09-27
WB2401ST2021020866,2021-09-22
WB2401ST2021025688,2021-09-27
WB2401ST2021029410,2021-10-01
WB2401ST2021043628,2021-12-19
WB2401ST2021028493,2021-10-01
WB2401ST2021016248,2021-09-16
WB2401ST2021046707,2021-12-31
WB2401ST2021027215,2021-09-29
WB2401ST2022000561,2022-01-05
WB2401ST2021028133,2021-09-30
WB2401ST2022001465,2022-01-12
WB2401ST2021018739,2021-09-20
WB2401ST2021020327,2021-09-21
WB2401ST2022008558,2022-03-06
WB2401ST2021014408,2021-09-14
WB2401ST2021019861,2021-09-21
WB2401ST2021034943,2021-10-30
WB2401ST2021046477,2021-12-30
WB2401ST2022008104,2022-03-06
WB2401ST2024001935,2024-10-30
WB2401ST2021035469,2021-11-15
WB2401ST2022013855,2022-03-20
WB2401ST2021028899,2021-10-01
WB2401ST2021027852,2021-09-30
WB2401ST2021044215,2021-12-19
WB2401ST2021030672,2021-10-05
WB2401ST2022005346,2022-01-22
WB2401ST2021015917,2021-09-16
WB2401ST2021022711,2021-09-24
WB2401ST2021042816,2021-12-18
WB2401ST2021034055,2021-10-13
WB2401ST2021034647,2021-10-30
WB2401ST2021031014,2021-10-05
WB2401ST2021020330,2021-09-21
WB2401ST2022020926,2022-06-23
WB2401ST2021021066,2021-09-23
WB2401ST2021021891,2021-09-24
WB2401ST2021022960,2021-09-25
WB2401ST2022006789,2022-02-10
WB2401ST2021046461,2021-12-30
WB2401ST2022001076,2022-01-12
WB2401ST2021025481,2021-09-27
WB2401ST2021027652,2021-09-30
WB2401ST2022006824,2022-02-10
WB2401ST2021026427,2021-09-28
WB2401ST2021025571,2021-09-27
WB2401ST2022001454,2022-01-12
WB2401ST2021022670,2021-09-24
WB2401ST2021014226,2021-09-14
WB2401ST2021012898,2021-09-11
WB2401ST2022028231,2022-08-29
WB2401ST2021040971,2021-12-17
WB2401ST2023059354,2023-08-05
WB2401ST2021015088,2021-09-15
WB2401ST2021021458,2021-09-23
WB2401ST2021038755,2021-12-08
WB2401ST2022006586,2022-02-09
WB2401ST2021045406,2021-12-28
WB2401ST2021025707,2021-09-27
WB2401ST2021029983,2021-10-04
WB2401ST2024001940,2024-10-30
WB2401ST2021028874,2021-10-01
WB2401ST2023012064,2023-05-28
WB2401ST2021024621,2021-09-26
WB2401ST2023013745,2023-05-28
WB2401ST2022002873,2022-01-14
WB2401ST2022008009,2022-03-06
WB2401ST2021025683,2021-09-27
WB2401ST2021029244,2021-10-01
WB2401ST2021029457,2021-10-01
WB2401ST2021036468,2021-11-19
WB2401ST2021025802,2021-09-28
WB2401ST2021030970,2021-10-05
WB2401ST2021045989,2021-12-29
WB2401ST2021027286,2021-09-29
WB2401ST2022009386,2022-03-10
WB2401ST2022003858,2022-01-18
WB2401ST2021045353,2021-12-28
WB2401ST2021035149,2021-11-02
WB2401ST2021029148,2021-10-01
WB2401ST2021016396,2021-09-16
WB2401ST2021024894,2021-09-27
WB2401ST2021022578,2021-09-24
WB2401ST2021029280,2021-10-01
WB2401ST2021016445,2021-09-16
WB2401ST2021041191,2021-12-18
WB2401ST2021039334,2021-12-11
WB2401ST2021028244,2021-09-30
WB2401ST2021024015,2021-09-26
WB2401ST2021012250,2021-09-09
WB2401ST2022002861,2022-01-14
WB2401ST2021031990,2021-10-06
WB2401ST2021034661,2021-10-30
WB2401ST2022024928,2022-07-29
WB2401ST2021035089,2021-11-02
WB2401ST2023043256,2023-07-27
WB2401ST2021045400,2021-12-28
WB2401ST2021013902,2021-09-13
WB2401ST2021032189,2021-10-09
WB2401ST2021020869,2021-09-22
WB2401ST2022017944,2022-06-08
WB2401ST2021036954,2021-11-20
WB2401ST2021017009,2021-09-16
WB2401ST2022023218,2022-06-29
WB2401ST2021015090,2021-09-15
WB2401ST2021027967,2021-09-30
WB2401ST2021034656,2021-10-30
WB2401ST2023012844,2023-05-28
WB2401ST2023038325,2023-06-13
WB2401ST2022027366,2022-08-24
WB2401ST2021024237,2021-09-26
WB2401ST2022024697,2022-07-15
WB2401ST2022037321,2022-12-29
WB2401ST2021027984,2021-09-30
WB2401ST2023005560,2023-04-06
WB2401ST2021017400,2021-09-18
WB2401ST2021019888,2021-09-21
WB2401ST2021033195,2021-10-11
WB2401ST2022003367,2022-01-14
WB2401ST2021038961,2021-12-11
WB2401ST2021016412,2021-09-16
WB2401ST2023008770,2023-05-21
WB2401ST2022022263,2022-06-25
WB2401ST2022005747,2022-01-23
WB2401ST2021046570,2021-12-30
WB2401ST2021029170,2021-10-01
WB2401ST2021036570,2021-11-19
WB2401ST2021025186,2021-09-27
WB2401ST2021032144,2021-10-06
WB2401ST2021029245,2021-10-01
WB2401ST2021046733,2021-12-31
WB2401ST2021038205,2021-12-06
WB2401ST2021025699,2021-09-27
WB2401ST2021016449,2021-09-16
WB2401ST2022001476,2022-01-12
WB2401ST2023018660,2023-05-30
WB2401ST2022012658,2022-03-16
WB2401ST2021019848,2021-09-21
WB2401ST2022013493,2022-03-17
WB2401ST2022024686,2022-07-15
WB2401ST2021032038,2021-10-06
WB2401ST2022002864,2022-01-14
WB2401ST2021035508,2021-11-15
WB2401ST2022003890,2022-01-18
WB2401ST2021023995,2021-09-26
WB2401ST2021025353,2021-09-27
WB2401ST2021034134,2021-10-13
WB2401ST2021046727,2021-12-31
WB2401ST2021020779,2021-09-22
WB2401ST2021030055,2021-10-05
WB2401ST2021045684,2021-12-28
WB2401ST2021031283,2021-10-05
WB2401ST2021034150,2021-10-13
WB2401ST2022004519,2022-01-19
WB2401ST2021031284,2021-10-05
WB2401ST2022002986,2022-01-14
WB2401ST2021032841,2021-10-10
WB2401ST2021045942,2021-12-29
WB2401ST2021018799,2021-09-20
WB2401ST2021032187,2021-10-09
WB2401ST2023061862,2023-08-05
WB2401ST2021038770,2021-12-08
WB2401ST2021025003,2021-09-27
WB2401ST2021016133,2021-09-16
WB2401ST2022001455,2022-01-12
WB2401ST2022001716,2022-01-13
WB2401ST2021018748,2021-09-20
WB2401ST2022023618,2022-06-29
WB2401ST2021024303,2021-09-26
WB2401ST2021025503,2021-09-27
WB2401ST2021028611,2021-10-01
WB2401ST2022012747,2022-03-16
WB2401ST2022014915,2022-03-20
WB2401ST2021039456,2021-12-12
WB2401ST2021018752,2021-09-20
WB2401ST2023061727,2023-08-05
WB2401ST2021032928,2021-10-11
WB2401ST2023018883,2023-05-30
WB2401ST2022010061,2022-03-10
WB2401ST2021027281,2021-09-29
WB2401ST2021014234,2021-09-14
WB2401ST2021021000,2021-09-22
WB2401ST2021046679,2021-12-31
WB2401ST2021043149,2021-12-19
WB2401ST2021032406,2021-10-09
WB2401ST2021033122,2021-10-11
WB2401ST2021024338,2021-09-26
WB2401ST2021036540,2021-11-19
WB2401ST2021024979,2021-09-27
WB2401ST2021044843,2021-12-24
WB2401ST2021025698,2021-09-27
WB2401ST2021036348,2021-11-19
WB2401ST2021026333,2021-09-28
WB2401ST2021024904,2021-09-27
WB2401ST2021027295,2021-09-29
WB2401ST2021024912,2021-09-27
WB2401ST2021025044,2021-09-27
WB2401ST2021034127,2021-10-13
WB2401ST2021031991,2021-10-06
WB2401ST2021016000,2021-09-16
WB2401ST2021031688,2021-10-05
WB2401ST2021024962,2021-09-27
WB2401ST2022000552,2022-01-05
WB2401ST2021025575,2021-09-27
WB2401ST2021028098,2021-09-30
WB2401ST2021044459,2021-12-22
WB2401ST2021027190,2021-09-29
WB2401ST2022002010,2022-01-13
WB2401ST2021035337,2021-11-02
WB2401ST2022000642,2022-01-05
WB2401ST2022000303,2022-01-05
WB2401ST2022017901,2022-06-08
WB2401ST2021033001,2021-10-11
WB2401ST2021025439,2021-09-27
WB2401ST2021026977,2021-09-29
WB2401ST2022020891,2022-06-23
WB2401ST2021033801,2021-10-12
WB2401ST2022020825,2022-06-23
WB2401ST2022003855,2022-01-18
WB2401ST2023017776,2023-05-30
WB2401ST2021029032,2021-10-01
WB2401ST2021043910,2021-12-19
WB2401ST2021033928,2021-10-13
WB2401ST2021033627,2021-10-11
WB2401ST2021024467,2021-09-26
WB2401ST2021022728,2021-09-24
WB2401ST2021031261,2021-10-05
WB2401ST2022004608,2022-01-19
WB2401ST2021045389,2021-12-28
WB2401ST2022015517,2022-05-06
WB2401ST2022024613,2022-07-15
WB2401ST2021021029,2021-09-23
WB2401ST2021013146,2021-09-12
WB2401ST2021036553,2021-11-19
WB2401ST2021017105,2021-09-16
WB2401ST2022005112,2022-01-22
WB2401ST2021041622,2021-12-18
WB2401ST2022006324,2022-02-04
WB2401ST2023075606,2023-10-04
WB2401ST2021025970,2021-09-28
WB2401ST2021035608,2021-11-15
WB2401ST2021045522,2021-12-28
WB2401ST2022002278,2022-01-13
WB2401ST2021032826,2021-10-10
WB2401ST2021013938,2021-09-13
WB2401ST2021032188,2021-10-09
WB2401ST2021022896,2021-09-24
WB2401ST2021043851,2021-12-19
WB2401ST2021017722,2021-09-18
WB2401ST2021028726,2021-10-01
WB2401ST2023018851,2023-05-30
WB2401ST2021037430,2021-11-21
WB2401ST2021023996,2021-09-26
WB2401ST2023049239,2023-08-03
WB2401ST2021026709,2021-09-28
WB2401ST2022002463,2022-01-14
WB2401ST2021026406,2021-09-28
WB2401ST2021023848,2021-09-26
WB2401ST2021014232,2021-09-14
WB2401ST2021024587,2021-09-26
WB2401ST2022005053,2022-01-20
WB2401ST2021015155,2021-09-15
WB2401ST2021036975,2021-11-20
WB2401ST2022012737,2022-03-16
WB2401ST2021016452,2021-09-16
WB2401ST2021015085,2021-09-15
WB2401ST2022003889,2022-01-18
WB2401ST2022001657,2022-01-13
WB2401ST2021020020,2021-09-21
WB2401ST2023008769,2023-05-21
WB2401ST2021013906,2021-09-13
WB2401ST2022006802,2022-02-10
WB2401ST2021035592,2021-11-15
WB2401ST2021020868,2021-09-22
WB2401ST2021035382,2021-11-04
WB2401ST2022028362,2022-08-29
WB2401ST2022001909,2022-01-13
WB2401ST2022017727,2022-06-08
WB2401ST2021037005,2021-11-20
WB2401ST2021036584,2021-11-19
WB2401ST2021029677,2021-10-02
WB2401ST2021033985,2021-10-13
WB2401ST2023001702,2023-01-17
WB2401ST2021022337,2021-09-24
WB2401ST2021037433,2021-11-21
WB2401ST2021024895,2021-09-27
WB2401ST2021021006,2021-09-22
WB2401ST2021020867,2021-09-22
WB2401ST2023006273,2023-04-11
WB2401ST2021027227,2021-09-29
WB2401ST2021040079,2021-12-16
WB2401ST2021029304,2021-10-01
WB2401ST2023076093,2023-10-11
WB2401ST2022000018,2022-01-02
WB2401ST2021029045,2021-10-01
WB2401ST2021024471,2021-09-26
WB2401ST2021016942,2021-09-16
WB2401ST2021046610,2021-12-31
WB2401ST2021045370,2021-12-28
WB2401ST2021031811,2021-10-05
WB2401ST2021018691,2021-09-20
WB2401ST2021028783,2021-10-01
WB2401ST2021013903,2021-09-13
WB2401ST2021023032,2021-09-25
WB2401ST2021042725,2021-12-18
WB2401ST2021015156,2021-09-15
WB2401ST2022021807,2022-06-24
WB2401ST2021032040,2021-10-06
WB2401ST2022035124,2022-12-11
WB2401ST2021019477,2021-09-21
WB2401ST2022006857,2022-02-10
WB2401ST2021037072,2021-11-20
WB2401ST2021034402,2021-10-28
WB2401ST2021015069,2021-09-15
WB2401ST2021016461,2021-09-16
WB2401ST2021019892,2021-09-21
WB2401ST2021024497,2021-09-26
WB2401ST2021018277,2021-09-19
WB2401ST2022017641,2022-06-07
WB2401ST2021020544,2021-09-22
WB2401ST2021015315,2021-09-15
WB2401ST2021044740,2021-12-23
WB2401ST2023038620,2023-06-14
WB2401ST2021029580,2021-10-02
WB2401ST2021020676,2021-09-22
WB2401ST2022019928,2022-06-21
WB2401ST2021037521,2021-11-26
WB2401ST2022005464,2022-01-22
WB2401ST2021017178,2021-09-16
WB2401ST2021033969,2021-10-13
WB2401ST2022005379,2022-01-22
WB2401ST2021012157,2021-09-09
WB2401ST2021038817,2021-12-11
WB2401ST2021025590,2021-09-27
WB2401ST2021036528,2021-11-19
WB2401ST2022004497,2022-01-19
WB2401ST2022006959,2022-02-10
WB2401ST2021045967,2021-12-29
WB2401ST2021044563,2021-12-22
WB2401ST2021024305,2021-09-26
WB2401ST2021029368,2021-10-01
WB2401ST2021037203,2021-11-21
WB2401ST2021020922,2021-09-22
WB2401ST2022030888,2022-09-29
WB2401ST2022003730,2022-01-15
WB2401ST2021019604,2021-09-21
WB2401ST2021031689,2021-10-05
WB2401ST2021031352,2021-10-05
WB2401ST2023030136,2023-06-06
WB2401ST2021033641,2021-10-11
WB2401ST2022002098,2022-01-13
WB2401ST2021026984,2021-09-29
WB2401ST2021028024,2021-09-30
WB2401ST2021030048,2021-10-05
WB2401ST2022002225,2022-01-13
WB2401ST2021021086,2021-09-23
WB2401ST2021012295,2021-09-09
WB2401ST2021045881,2021-12-29
WB2401ST2021027207,2021-09-29
WB2401ST2022024685,2022-07-15
WB2401ST2021020094,2021-09-21
WB2401ST2022015730,2022-05-11
WB2401ST2021029880,2021-10-02
WB2401ST2021023924,2021-09-26
WB2401ST2021031410,2021-10-05
WB2401ST2021027351,2021-09-29
WB2401ST2022020280,2022-06-22
WB2401ST2022003267,2022-01-14
WB2401ST2021045863,2021-12-29
WB2401ST2021025690,2021-09-27
WB2401ST2021021310,2021-09-23
WB2401ST2021033885,2021-10-13
WB2401ST2021022560,2021-09-24
WB2401ST2023005572,2023-04-06
WB2401ST2021016994,2021-09-16
WB2401ST2021033771,2021-10-12
WB2401ST2022006926,2022-02-10
WB2401ST2021015417,2021-09-15
WB2401ST2021032411,2021-10-09
WB2401ST2021027204,2021-09-29
WB2401ST2021021088,2021-09-23
WB2401ST2021016388,2021-09-16
WB2401ST2022005575,2022-01-22
WB2401ST2022023913,2022-07-05
WB2401ST2021026653,2021-09-28
WB2401ST2022020884,2022-06-23
WB2401ST2021032248,2021-10-09
WB2401ST2021015096,2021-09-15
WB2401ST2021021354,2021-09-23
WB2401ST2021027300,2021-09-29
WB2401ST2021018587,2021-09-20
WB2401ST2023001725,2023-01-17
WB2401ST2021042106,2021-12-18
WB2401ST2021026072,2021-09-28
WB2401ST2021012243,2021-09-09
WB2401ST2021029982,2021-10-04
WB2401ST2021030949,2021-10-05
WB2401ST2022004762,2022-01-19
WB2401ST2021016516,2021-09-16
WB2401ST2022009319,2022-03-10
WB2401ST2021038258,2021-12-06
WB2401ST2021024673,2021-09-26
WB2401ST2022030096,2022-09-21
WB2401ST2021031260,2021-10-05
WB2401ST2021032068,2021-10-06
WB2401ST2022021745,2022-06-24
WB2401ST2021012192,2021-09-09
WB2401ST2021026528,2021-09-28
WB2401ST2022001667,2022-01-13
WB2401ST2022021766,2022-06-24
WB2401ST2021014578,2021-09-14
WB2401ST2021011637,2021-09-08
WB2401ST2021021191,2021-09-23
WB2401ST2021021089,2021-09-23
WB2401ST2021024967,2021-09-27
WB2401ST2022008160,2022-03-06
WB2401ST2022003324,2022-01-14
WB2401ST2021025459,2021-09-27
WB2401ST2021036607,2021-11-20
WB2401ST2021015321,2021-09-15
WB2401ST2021018017,2021-09-19
WB2401ST2021019804,2021-09-21
WB2401ST2021041753,2021-12-18
WB2401ST2021022187,2021-09-24
WB2401ST2021020337,2021-09-21
WB2401ST2021023448,2021-09-25
WB2401ST2021024671,2021-09-26
WB2401ST2022006009,2022-01-26
WB2401ST2021042822,2021-12-18
WB2401ST2021040597,2021-12-17
WB2401ST2021039792,2021-12-12
WB2401ST2022000422,2022-01-05
WB2401ST2021035963,2021-11-16
WB2401ST2021012788,2021-09-10
WB2401ST2021029884,2021-10-02
WB2401ST2021023112,2021-09-25
WB2401ST2021045691,2021-12-28
WB2401ST2022005650,2022-01-22
WB2401ST2022020935,2022-06-23
WB2401ST2021020906,2021-09-22
WB2401ST2022024498,2022-07-15
WB2401ST2021024833,2021-09-27
WB2401ST2021023980,2021-09-26
WB2401ST2021020682,2021-09-22
WB2401ST2021033773,2021-10-12
WB2401ST2021042526,2021-12-18
WB2401ST2022006319,2022-02-04
WB2401ST2023005567,2023-04-06
WB2401ST2021024462,2021-09-26
WB2401ST2021042183,2021-12-18
WB2401ST2022000395,2022-01-05
WB2401ST2021046076,2021-12-29
WB2401ST2022000393,2022-01-05
WB2401ST2021028182,2021-09-30
WB2401ST2021016987,2021-09-16
WB2401ST2022023519,2022-06-29
WB2401ST2022019671,2022-06-21
WB2401ST2022006963,2022-02-10
WB2401ST2021021751,2021-09-23
WB2401ST2021028608,2021-10-01
WB2401ST2023070452,2023-08-07
WB2401ST2021025358,2021-09-27
WB2401ST2022001603,2022-01-13
WB2401ST2022018830,2022-06-20
WB2401ST2022005370,2022-01-22
WB2401ST2022005218,2022-01-22
WB2401ST2021032590,2021-10-09
WB2401ST2023029395,2023-06-06
WB2401ST2021035829,2021-11-15
WB2401ST2021012118,2021-09-09
WB2401ST2021046771,2021-12-31
WB2401ST2023011392,2023-05-27
WB2401ST2021037426,2021-11-21
WB2401ST2021023005,2021-09-25
WB2401ST2021013059,2021-09-12
WB2401ST2021021193,2021-09-23
WB2401ST2021025038,2021-09-27
WB2401ST2021028628,2021-10-01
WB2401ST2023018076,2023-05-30
WB2401ST2021046550,2021-12-30
WB2401ST2021015335,2021-09-15
WB2401ST2021041173,2021-12-18
WB2401ST2021036028,2021-11-16
WB2401ST2021018554,2021-09-20
WB2401ST2021011642,2021-09-08
WB2401ST2021041386,2021-12-18
WB2401ST2022001733,2022-01-13
WB2401ST2021032176,2021-10-08
WB2401ST2021045946,2021-12-29
WB2401ST2021015031,2021-09-15
WB2401ST2022002870,2022-01-14
WB2401ST2021038427,2021-12-06
WB2401ST2023003304,2023-02-15
WB2401ST2021012709,2021-09-10
WB2401ST2021021340,2021-09-23
WB2401ST2021024017,2021-09-26
WB2401ST2021046731,2021-12-31
WB2401ST2021016337,2021-09-16
WB2401ST2021016613,2021-09-16
WB2401ST2022014230,2022-03-20
WB2401ST2021043511,2021-12-19
WB2401ST2023015597,2023-05-29
WB2401ST2021022874,2021-09-24
WB2401ST2021037470,2021-11-21
WB2401ST2021034404,2021-10-28
WB2401ST2022020938,2022-06-23
WB2401ST2021037782,2021-11-30
WB2401ST2021018138,2021-09-19
WB2401ST2021013945,2021-09-13
WB2401ST2021029874,2021-10-02
WB2401ST2021027441,2021-09-29
WB2401ST2021020552,2021-09-22
WB2401ST2023008767,2023-05-21
WB2401ST2021017734,2021-09-18
WB2401ST2021041304,2021-12-18
WB2401ST2022032093,2022-11-07
WB2401ST2021036110,2021-11-17
WB2401ST2021027267,2021-09-29
WB2401ST2021024047,2021-09-26
WB2401ST2022021739,2022-06-24
WB2401ST2021045807,2021-12-29
WB2401ST2022006440,2022-02-08
WB2401ST2021014606,2021-09-14
WB2401ST2021038426,2021-12-06
WB2401ST2021018241,2021-09-19
WB2401ST2021035572,2021-11-15
WB2401ST2021032575,2021-10-09
WB2401ST2021041176,2021-12-18
WB2401ST2021011632,2021-09-08
WB2401ST2021026371,2021-09-28
WB2401ST2022018945,2022-06-20
WB2401ST2022022081,2022-06-25
WB2401ST2021028025,2021-09-30
WB2401ST2021038416,2021-12-06
WB2401ST2021032197,2021-10-09
WB2401ST2021040745,2021-12-17
WB2401ST2022034744,2022-12-03
WB2401ST2021027259,2021-09-29
WB2401ST2021046678,2021-12-31
WB2401ST2022001165,2022-01-12
WB2401ST2021025637,2021-09-27
WB2401ST2021029909,2021-10-02
WB2401ST2021022532,2021-09-24
WB2401ST2021033378,2021-10-11
WB2401ST2021046498,2021-12-30
WB2401ST2023008768,2023-05-21
WB2401ST2021040259,2021-12-16
WB2401ST2021018972,2021-09-20
WB2401ST2022006825,2022-02-10
WB2401ST2021045498,2021-12-28
WB2401ST2021024145,2021-09-26
WB2401ST2022013695,2022-03-17
WB2401ST2021024025,2021-09-26
WB2401ST2021015903,2021-09-16
WB2401ST2021046095,2021-12-29
WB2401ST2021046347,2021-12-30
WB2401ST2021035964,2021-11-16
WB2401ST2021021184,2021-09-23
WB2401ST2021028089,2021-09-30
WB2401ST2021042170,2021-12-18
WB2401ST2021022180,2021-09-24
WB2401ST2021038938,2021-12-11
WB2401ST2022008512,2022-03-06
WB2401ST2021038487,2021-12-06
WB2401ST2021022117,2021-09-24
WB2401ST2021021085,2021-09-23
WB2401ST2021021967,2021-09-24
WB2401ST2021035689,2021-11-15
WB2401ST2021017811,2021-09-18
WB2401ST2021029142,2021-10-01
WB2401ST2022000854,2022-01-12
WB2401ST2021021399,2021-09-23
WB2401ST2021021505,2021-09-23
WB2401ST2022014406,2022-03-20
WB2401ST2021040425,2021-12-17
WB2401ST2021037009,2021-11-20
WB2401ST2021025380,2021-09-27
WB2401ST2021042049,2021-12-18
WB2401ST2021016583,2021-09-16
WB2401ST2021019476,2021-09-21
WB2401ST2023008765,2023-05-21
WB2401ST2021018585,2021-09-20
WB2401ST2021020598,2021-09-22
WB2401ST2021019351,2021-09-20
WB2401ST2021045509,2021-12-28
WB2401ST2022006548,2022-02-09
WB2401ST2021011639,2021-09-08
WB2401ST2021020648,2021-09-22
WB2401ST2021036529,2021-11-19
WB2401ST2021023058,2021-09-25
WB2401ST2022000769,2022-01-12
WB2401ST2022027140,2022-08-23
WB2401ST2021030671,2021-10-05
WB2401ST2021037649,2021-11-26
WB2401ST2021011643,2021-09-08
WB2401ST2021017186,2021-09-16
WB2401ST2021047097,2021-12-31
WB2401ST2021020016,2021-09-21
WB2401ST2022002700,2022-01-14
WB2401ST2021046936,2021-12-31
WB2401ST2021031430,2021-10-05
WB2401ST2022018989,2022-06-20
WB2401ST2021015322,2021-09-15
WB2401ST2022006557,2022-02-09
WB2401ST2021021771,2021-09-23
WB2401ST2021022425,2021-09-24
WB2401ST2023006394,2023-04-11
WB2401ST2021024953,2021-09-27
WB2401ST2021026826,2021-09-29
WB2401ST2021025045,2021-09-27
WB2401ST2022007979,2022-03-06
WB2401ST2022001669,2022-01-13
WB2401ST2021028222,2021-09-30
WB2401ST2021024715,2021-09-26
WB2401ST2021021397,2021-09-23
WB2401ST2022000515,2022-01-05
WB2401ST2021031476,2021-10-05
WB2401ST2022002105,2022-01-13
WB2401ST2021046098,2021-12-29
WB2401ST2021041200,2021-12-18
WB2401ST2021032238,2021-10-09
WB2401ST2021012188,2021-09-09
WB2401ST2021021182,2021-09-23
WB2401ST2021033510,2021-10-11
WB2401ST2022002738,2022-01-14
WB2401ST2021012929,2021-09-11
WB2401ST2022020310,2022-06-22
WB2401ST2021022892,2021-09-24
WB2401ST2022002871,2022-01-14
WB2401ST2021029586,2021-10-02
WB2401ST2021024854,2021-09-27
WB2401ST2022012657,2022-03-16
WB2401ST2021046739,2021-12-31
WB2401ST2021018097,2021-09-19
WB2401ST2021011644,2021-09-08
WB2401ST2021027687,2021-09-30
WB2401ST2021020353,2021-09-21
WB2401ST2021029981,2021-10-04
WB2401ST2021028443,2021-10-01
WB2401ST2021026916,2021-09-29
WB2401ST2021020780,2021-09-22
WB2401ST2022022798,2022-06-27
WB2401ST2021013061,2021-09-12
WB2401ST2021030564,2021-10-05
WB2401ST2021044594,2021-12-22
WB2401ST2021021339,2021-09-23
WB2401ST2021018745,2021-09-20
WB2401ST2022006595,2022-02-09
WB2401ST2021027370,2021-09-29
WB2401ST2021025027,2021-09-27
WB2401ST2021034431,2021-10-28
WB2401ST2021027200,2021-09-29
WB2401ST2021018920,2021-09-20
WB2401ST2022006740,2022-02-09
WB2401ST2021011479,2021-09-07
WB2401ST2021036026,2021-11-16
WB2401ST2021019193,2021-09-20
WB2401ST2022008264,2022-03-06
WB2401ST2021019047,2021-09-20
WB2401ST2023011667,2023-05-27
WB2401ST2023008775,2023-05-21
WB2401ST2021038438,2021-12-06
WB2401ST2021039232,2021-12-11
WB2401ST2021013324,2021-09-12
WB2401ST2021016609,2021-09-16
WB2401ST2021023963,2021-09-26
WB2401ST2022006765,2022-02-09
WB2401ST2021033803,2021-10-12
WB2401ST2021042289,2021-12-18
WB2401ST2021023445,2021-09-25
WB2401ST2021020900,2021-09-22
WB2401ST2021021140,2021-09-23
WB2401ST2022020281,2022-06-22
WB2401ST2021025237,2021-09-27
WB2401ST2021022400,2021-09-24
WB2401ST2021022240,2021-09-24
WB2401ST2021017688,2021-09-18
WB2401ST2021028442,2021-10-01
WB2401ST2021011794,2021-09-09
WB2401ST2021014213,2021-09-14
WB2401ST2021035578,2021-11-15
WB2401ST2021041783,2021-12-18
WB2401ST2021030604,2021-10-05
WB2401ST2021020347,2021-09-21
WB2401ST2021038823,2021-12-11
WB2401ST2022012796,2022-03-17
WB2401ST2021043900,2021-12-19
WB2401ST2021020438,2021-09-21
WB2401ST2021024421,2021-09-26
WB2401ST2021023529,2021-09-25
WB2401ST2021019430,2021-09-20
WB2401ST2021016518,2021-09-16
WB2401ST2021018915,2021-09-20
WB2401ST2021034448,2021-10-28
WB2401ST2021017646,2021-09-18
WB2401ST2023058943,2023-08-05
WB2401ST2022020969,2022-06-23
WB2401ST2023031408,2023-06-07
WB2401ST2021015797,2021-09-16
WB2401ST2021042061,2021-12-18
WB2401ST2021028877,2021-10-01
WB2401ST2021034645,2021-10-30
WB2401ST2021027094,2021-09-29
WB2401ST2021014795,2021-09-14
WB2401ST2021039474,2021-12-12
WB2401ST2021012879,2021-09-11
WB2401ST2021013881,2021-09-13
WB2401ST2022000650,2022-01-05
WB2401ST2021027254,2021-09-29
WB2401ST2021017547,2021-09-18
WB2401ST2021030364,2021-10-05
WB2401ST2021011685,2021-09-09
WB2401ST2021040600,2021-12-17
WB2401ST2021014317,2021-09-14
WB2401ST2021037764,2021-11-30
WB2401ST2021020959,2021-09-22
WB2401ST2025000765,2025-02-25
WB2401ST2021017432,2021-09-18
WB2401ST2021039935,2021-12-13
WB2401ST2023051772,2023-08-03
WB2401ST2022003167,2022-01-14
WB2401ST2022021413,2022-06-24
WB2401ST2021044728,2021-12-23
WB2401ST2021022094,2021-09-24
WB2401ST2021013050,2021-09-12
WB2401ST2022000283,2022-01-05
WB2401ST2021018963,2021-09-20
WB2401ST2021032001,2021-10-06
WB2401ST2023018934,2023-05-30
WB2401ST2021039426,2021-12-11
WB2401ST2021035150,2021-11-02
WB2401ST2021027343,2021-09-29
WB2401ST2021016983,2021-09-16
WB2401ST2021028652,2021-10-01
WB2401ST2021046708,2021-12-31
WB2401ST2023002397,2023-01-20
WB2401ST2021029138,2021-10-01
WB2401ST2021045508,2021-12-28
WB2401ST2021046753,2021-12-31
WB2401ST2021046470,2021-12-30
WB2401ST2021036944,2021-11-20
WB2401ST2021037362,2021-11-21
WB2401ST2021016887,2021-09-16
WB2401ST2021024034,2021-09-26
WB2401ST2023010323,2023-05-25
WB2401ST2021028578,2021-10-01
WB2401ST2021022738,2021-09-24
WB2401ST2022027658,2022-08-25
WB2401ST2021046685,2021-12-31
WB2401ST2021024127,2021-09-26
WB2401ST2022001855,2022-01-13
WB2401ST2021021539,2021-09-23
WB2401ST2022005188,2022-01-22
WB2401ST2021022027,2021-09-24
WB2401ST2021015308,2021-09-15
WB2401ST2022006594,2022-02-09
WB2401ST2023008766,2023-05-21
WB2401ST2021045657,2021-12-28
WB2401ST2021028265,2021-09-30
WB2401ST2021019131,2021-09-20
WB2401ST2021021452,2021-09-23
WB2401ST2021011638,2021-09-08
WB2401ST2021046768,2021-12-31
WB2401ST2021024590,2021-09-26
WB2401ST2021029573,2021-10-02
WB2401ST2021046421,2021-12-30
WB2401ST2021036945,2021-11-20
WB2401ST2021045948,2021-12-29
WB2401ST2023067289,2023-08-06
WB2401ST2021017836,2021-09-18
WB2401ST2021034796,2021-10-30
WB2401ST2021024754,2021-09-26
WB2401ST2021042045,2021-12-18
WB2401ST2021036926,2021-11-20
WB2401ST2021016894,2021-09-16
WB2401ST2021022536,2021-09-24
WB2401ST2023076699,2023-10-16
WB2401ST2021022751,2021-09-24
WB2401ST2021046070,2021-12-29
WB2401ST2021045576,2021-12-28
WB2401ST2021024619,2021-09-26
WB2401ST2021038763,2021-12-08
WB2401ST2021020242,2021-09-21
WB2401ST2021045702,2021-12-28
WB2401ST2021020439,2021-09-21
WB2401ST2022014231,2022-03-20
WB2401ST2022024414,2022-07-14
WB2401ST2021030422,2021-10-05
WB2401ST2022018458,2022-06-17
WB2401ST2021027550,2021-09-29
WB2401ST2022008339,2022-03-06
WB2401ST2022019642,2022-06-21
WB2401ST2022000585,2022-01-05
WB2401ST2021018243,2021-09-19
WB2401ST2021022825,2021-09-24
WB2401ST2021028170,2021-09-30
WB2401ST2021031429,2021-10-05
WB2401ST2022028457,2022-08-30
WB2401ST2021024499,2021-09-26
WB2401ST2021014090,2021-09-13
WB2401ST2022014820,2022-03-20
WB2401ST2022024687,2022-07-15
WB2401ST2021032249,2021-10-09
WB2401ST2021018732,2021-09-20
WB2401ST2021045291,2021-12-28
WB2401ST2021021637,2021-09-23
WB2401ST2021030514,2021-10-05
WB2401ST2021044644,2021-12-23
WB2401ST2022024935,2022-07-29
WB2401ST2021047298,2021-12-31
WB2401ST2021036447,2021-11-19
WB2401ST2021022411,2021-09-24
WB2401ST2022000295,2022-01-05
WB2401ST2021018221,2021-09-19
WB2401ST2021030896,2021-10-05
WB2401ST2022000882,2022-01-12
WB2401ST2021040087,2021-12-16
WB2401ST2021027630,2021-09-30
WB2401ST2021014551,2021-09-14
WB2401ST2022000297,2022-01-05
WB2401ST2022015978,2022-05-16
WB2401ST2021030053,2021-10-05
WB2401ST2022006120,2022-01-26
WB2401ST2021017819,2021-09-18
WB2401ST2022010556,2022-03-11
WB2401ST2021045547,2021-12-28
WB2401ST2021020579,2021-09-22
WB2401ST2021035550,2021-11-15
WB2401ST2021046446,2021-12-30
WB2401ST2021033619,2021-10-11
WB2401ST2021030156,2021-10-05
WB2401ST2021024427,2021-09-26
WB2401ST2021024383,2021-09-26
WB2401ST2021013940,2021-09-13
WB2401ST2021014223,2021-09-14
WB2401ST2021027804,2021-09-30
WB2401ST2022010773,2022-03-11
WB2401ST2022012762,2022-03-16
WB2401ST2021033802,2021-10-12
WB2401ST2022022087,2022-06-25
WB2401ST2021024846,2021-09-27
WB2401ST2022005422,2022-01-22
WB2401ST2021040086,2021-12-16
WB2401ST2023076713,2023-10-16
WB2401ST2022002235,2022-01-13
WB2401ST2021034372,2021-10-28
WB2401ST2021025634,2021-09-27
WB2401ST2022007090,2022-02-13
WB2401ST2021016460,2021-09-16
WB2401ST2021025534,2021-09-27
WB2401ST2021017467,2021-09-18
WB2401ST2021016416,2021-09-16
WB2401ST2021027939,2021-09-30
WB2401ST2023012007,2023-05-28
WB2401ST2022005227,2022-01-22
WB2401ST2021039611,2021-12-12
WB2401ST2021043692,2021-12-19
WB2401ST2021022650,2021-09-24
WB2401ST2021027302,2021-09-29
WB2401ST2021027264,2021-09-29
WB2401ST2021028052,2021-09-30
WB2401ST2021044855,2021-12-24
WB2401ST2022005623,2022-01-22
WB2401ST2021045762,2021-12-29
WB2401ST2022005719,2022-01-23
WB2401ST2021037534,2021-11-26
WB2401ST2021036446,2021-11-19
WB2401ST2021043860,2021-12-19
WB2401ST2021042105,2021-12-18
WB2401ST2022017996,2022-06-08
WB2401ST2022001426,2022-01-12
WB2401ST2022012753,2022-03-16
WB2401ST2021021522,2021-09-23
WB2401ST2021046561,2021-12-30
WB2401ST2021019895,2021-09-21
WB2401ST2024002149,2024-11-29
WB2401ST2021021162,2021-09-23
WB2401ST2021031088,2021-10-05
WB2401ST2021027280,2021-09-29
WB2401ST2022003027,2022-01-14
WB2401ST2021045930,2021-12-29
WB2401ST2022003445,2022-01-15
WB2401ST2021018276,2021-09-19
WB2401ST2022026844,2022-08-23
WB2401ST2021030432,2021-10-05
WB2401ST2021041633,2021-12-18
WB2401ST2021034433,2021-10-28
WB2401ST2022006346,2022-02-04
WB2401ST2021022218,2021-09-24
WB2401ST2021045701,2021-12-28
WB2401ST2021025322,2021-09-27
WB2401ST2021027045,2021-09-29
WB2401ST2021020901,2021-09-22
WB2401ST2021028929,2021-10-01
WB2401ST2021027290,2021-09-29
WB2401ST2021018434,2021-09-20
WB2401ST2023057907,2023-08-05
WB2401ST2022033643,2022-11-23
WB2401ST2021042770,2021-12-18
WB2401ST2021022267,2021-09-24
WB2401ST2021045183,2021-12-27
WB2401ST2021027879,2021-09-30
WB2401ST2021015646,2021-09-16
WB2401ST2022004523,2022-01-19
WB2401ST2021015332,2021-09-15
WB2401ST2022000889,2022-01-12
WB2401ST2021045901,2021-12-29
WB2401ST2021022102,2021-09-24
WB2401ST2023004361,2023-03-31
WB2401ST2021019974,2021-09-21
WB2401ST2021017205,2021-09-16
WB2401ST2021027285,2021-09-29
WB2401ST2021024957,2021-09-27
WB2401ST2022014232,2022-03-20
WB2401ST2021015050,2021-09-15
WB2401ST2021024548,2021-09-26
WB2401ST2021016608,2021-09-16
WB2401ST2021037533,2021-11-26
WB2401ST2022009409,2022-03-10
WB2401ST2021045627,2021-12-28
WB2401ST2022015477,2022-05-06
WB2401ST2022009399,2022-03-10
WB2401ST2023014101,2023-05-28
WB2401ST2021023532,2021-09-25
WB2401ST2021036057,2021-11-16
WB2401ST2022018985,2022-06-20
WB2401ST2021034683,2021-10-30
WB2401ST2021038966,2021-12-11
WB2401ST2021031372,2021-10-05
WB2401ST2021039228,2021-12-11
WB2401ST2022002217,2022-01-13
WB2401ST2022006011,2022-01-26
WB2401ST2023011035,2023-05-27
WB2401ST2021025415,2021-09-27
WB2401ST2021018025,2021-09-19
WB2401ST2022027107,2022-08-23
WB2401ST2021037540,2021-11-26
WB2401ST2021046093,2021-12-29
WB2401ST2021037413,2021-11-21
WB2401ST2023008763,2023-05-21
WB2401ST2021035673,2021-11-15
WB2401ST2021022215,2021-09-24
WB2401ST2021013943,2021-09-13
WB2401ST2021011640,2021-09-08
WB2401ST2021028943,2021-10-01
WB2401ST2021032287,2021-10-09
WB2401ST2021015905,2021-09-16
WB2401ST2021034802,2021-10-30
WB2401ST2022005946,2022-01-26
WB2401ST2021030411,2021-10-05
WB2401ST2021023066,2021-09-25
WB2401ST2021018543,2021-09-20
WB2401ST2021029728,2021-10-02
WB2401ST2021024114,2021-09-26
WB2401ST2021021044,2021-09-23
WB2401ST2021026344,2021-09-28
WB2401ST2021030118,2021-10-05
WB2401ST2022008426,2022-03-06
WB2401ST2021036473,2021-11-19
WB2401ST2022012416,2022-03-15
WB2401ST2021020950,2021-09-22
WB2401ST2021040456,2021-12-17
WB2401ST2021031174,2021-10-05
WB2401ST2021040311,2021-12-16
WB2401ST2021033929,2021-10-13
WB2401ST2021030072,2021-10-05
WB2401ST2021020574,2021-09-22
WB2401ST2021046397,2021-12-30
WB2401ST2023029394,2023-06-06
WB2401ST2021021201,2021-09-23
WB2401ST2021014316,2021-09-14
WB2401ST2021029385,2021-10-01
WB2401ST2021045642,2021-12-28
WB2401ST2021021091,2021-09-23
WB2401ST2021023816,2021-09-26
WB2401ST2021029390,2021-10-01
WB2401ST2021017792,2021-09-18
WB2401ST2021024257,2021-09-26
WB2401ST2022008882,2022-03-07
WB2401ST2021011202,2021-09-06
WB2401ST2021016773,2021-09-16
WB2401ST2021023531,2021-09-25
WB2401ST2023050589,2023-08-03
WB2401ST2021029408,2021-10-01
WB2401ST2022014987,2022-03-31
WB2401ST2021035720,2021-11-15
WB2401ST2021043915,2021-12-19
WB2401ST2021024464,2021-09-26
WB2401ST2021022242,2021-09-24
WB2401ST2021029831,2021-10-02
WB2401ST2021024828,2021-09-27
WB2401ST2021015262,2021-09-15
WB2401ST2021014550,2021-09-14
WB2401ST2021019992,2021-09-21
WB2401ST2021030421,2021-10-05
WB2401ST2021017681,2021-09-18
WB2401ST2021021842,2021-09-24
WB2401ST2021013058,2021-09-12
WB2401ST2021029386,2021-10-01
WB2401ST2021039483,2021-12-12
WB2401ST2021037546,2021-11-26
WB2401ST2021016192,2021-09-16
WB2401ST2021025869,2021-09-28
WB2401ST2021046746,2021-12-31
WB2401ST2021042278,2021-12-18
WB2401ST2021029882,2021-10-02
WB2401ST2021043156,2021-12-19
WB2401ST2021046769,2021-12-31
WB2401ST2022007381,2022-02-13
WB2401ST2022024677,2022-07-15
WB2401ST2021042083,2021-12-18
WB2401ST2021014619,2021-09-14
WB2401ST2021032805,2021-10-10
WB2401ST2023008778,2023-05-21
WB2401ST2021023522,2021-09-25
WB2401ST2022002240,2022-01-13
WB2401ST2025000359,2025-01-24
WB2401ST2021029388,2021-10-01
WB2401ST2021018742,2021-09-20
WB2401ST2022004129,2022-01-18
WB2401ST2021018509,2021-09-20
WB2401ST2021023978,2021-09-26
WB2401ST2022020385,2022-06-22
WB2401ST2023008359,2023-05-12
WB2401ST2021021390,2021-09-23
WB2401ST2021038585,2021-12-07
WB2401ST2021041561,2021-12-18
WB2401ST2023012982,2023-05-28
WB2401ST2021032901,2021-10-11
WB2401ST2022006886,2022-02-10
WB2401ST2021028502,2021-10-01
WB2401ST2021031206,2021-10-05
WB2401ST2022000450,2022-01-05
WB2401ST2021025865,2021-09-28
WB2401ST2021017916,2021-09-18
WB2401ST2021014353,2021-09-14
WB2401ST2021035860,2021-11-16
WB2401ST2021012183,2021-09-09
WB2401ST2021025544,2021-09-27
WB2401ST2021011201,2021-09-06
WB2401ST2021023935,2021-09-26
WB2401ST2021023968,2021-09-26
WB2401ST2021030439,2021-10-05
WB2401ST2021019950,2021-09-21
WB2401ST2021033411,2021-10-11
WB2401ST2023045538,2023-07-31
WB2401ST2021044773,2021-12-23
WB2401ST2021027552,2021-09-29
WB2401ST2021032067,2021-10-06
WB2401ST2021028020,2021-09-30
WB2401ST2021029206,2021-10-01
WB2401ST2021025509,2021-09-27
WB2401ST2022006459,2022-02-08
WB2401ST2021031877,2021-10-06
WB2401ST2021032431,2021-10-09
WB2401ST2021037333,2021-11-21
WB2401ST2021027622,2021-09-30
WB2401ST2022022595,2022-06-25
WB2401ST2021016402,2021-09-16
WB2401ST2021017465,2021-09-18
WB2401ST2022026943,2022-08-23
WB2401ST2022009371,2022-03-10
WB2401ST2022003323,2022-01-14
WB2401ST2021043685,2021-12-19
WB2401ST2021022803,2021-09-24
WB2401ST2021022296,2021-09-24
WB2401ST2021046687,2021-12-31
WB2401ST2021021017,2021-09-22
WB2401ST2021017820,2021-09-18
WB2401ST2021021043,2021-09-23
WB2401ST2021018749,2021-09-20
WB2401ST2021019881,2021-09-21
WB2401ST2022009561,2022-03-10
WB2401ST2021017030,2021-09-16
WB2401ST2021039842,2021-12-13
WB2401ST2023001716,2023-01-17
WB2401ST2021029404,2021-10-01
WB2401ST2021029031,2021-10-01
WB2401ST2023008772,2023-05-21
WB2401ST2021041717,2021-12-18
WB2401ST2021020578,2021-09-22
WB2401ST2021022523,2021-09-24
WB2401ST2021041168,2021-12-18
WB2401ST2021017256,2021-09-17
WB2401ST2021016963,2021-09-16
WB2401ST2021027173,2021-09-29
WB2401ST2021016561,2021-09-16
WB2401ST2021025051,2021-09-27
WB2401ST2022000623,2022-01-05
WB2401ST2022023208,2022-06-29
WB2401ST2021043687,2021-12-19
WB2401ST2022027765,2022-08-25
WB2401ST2021030437,2021-10-05
WB2401ST2021029712,2021-10-02
WB2401ST2022001492,2022-01-12
WB2401ST2021038586,2021-12-07
WB2401ST2021014537,2021-09-14
WB2401ST2021014507,2021-09-14
WB2401ST2021033032,2021-10-11
WB2401ST2021046409,2021-12-30
WB2401ST2022014407,2022-03-20
WB2401ST2022001533,2022-01-12
WB2401ST2021028239,2021-09-30
WB2401ST2021011200,2021-09-06
WB2401ST2021023159,2021-09-25
WB2401ST2021028036,2021-09-30
WB2401ST2021023462,2021-09-25
WB2401ST2021036882,2021-11-20
WB2401ST2022009093,2022-03-09
WB2401ST2021021341,2021-09-23
WB2401ST2021041174,2021-12-18
WB2401ST2021023331,2021-09-25
WB2401ST2021044582,2021-12-22
WB2401ST2021021885,2021-09-24
WB2401ST2021025911,2021-09-28
WB2401ST2021017359,2021-09-18
WB2401ST2021014690,2021-09-14
WB2401ST2021014851,2021-09-14
WB2401ST2021012150,2021-09-09
WB2401ST2023004828,2023-03-31
WB2401ST2022024640,2022-07-15
WB2401ST2021023513,2021-09-25
WB2401ST2021046704,2021-12-31
WB2401ST2022000379,2022-01-05
WB2401ST2021038210,2021-12-06
WB2401ST2021015798,2021-09-16
WB2401ST2021014508,2021-09-14
WB2401ST2021025720,2021-09-27
WB2401ST2022001664,2022-01-13
WB2401ST2021043257,2021-12-19
WB2401ST2023051690,2023-08-03
WB2401ST2021034387,2021-10-28
WB2401ST2021017184,2021-09-16
WB2401ST2021043952,2021-12-19
WB2401ST2022001241,2022-01-12
WB2401ST2022013856,2022-03-20
WB2401ST2022005040,2022-01-20
WB2401ST2021011199,2021-09-06
WB2401ST2021021969,2021-09-24
WB2401ST2021021167,2021-09-23
WB2401ST2021018259,2021-09-19
WB2401ST2021042295,2021-12-18
WB2401ST2022000748,2022-01-12
WB2401ST2021031635,2021-10-05
WB2401ST2021013766,2021-09-13
WB2401ST2021042048,2021-12-18
WB2401ST2021019797,2021-09-21
WB2401ST2021024582,2021-09-26
WB2401ST2021032772,2021-10-09
WB2401ST2021019705,2021-09-21
WB2401ST2021043932,2021-12-19
WB2401ST2021018245,2021-09-19
WB2401ST2021022334,2021-09-24
WB2401ST2021013056,2021-09-12
WB2401ST2023012433,2023-05-28
WB2401ST2021018730,2021-09-20
WB2401ST2021019630,2021-09-21
WB2401ST2021015064,2021-09-15
WB2401ST2021024266,2021-09-26
WB2401ST2021019540,2021-09-21
WB2401ST2022032367,2022-11-11
WB2401ST2021026497,2021-09-28
WB2401ST2021031582,2021-10-05
WB2401ST2022004276,2022-01-18
WB2401ST2021041161,2021-12-18
WB2401ST2022028250,2022-08-29
WB2401ST2021028084,2021-09-30
WB2401ST2021044929,2021-12-24
WB2401ST2021020595,2021-09-22
WB2401ST2021040556,2021-12-17
WB2401ST2021013872,2021-09-13
WB2401ST2021040250,2021-12-16
WB2401ST2021046807,2021-12-31
WB2401ST2021015263,2021-09-15
WB2401ST2023002406,2023-01-20
WB2401ST2021036916,2021-11-20
WB2401ST2021011194,2021-09-06
WB2401ST2021015522,2021-09-15
WB2401ST2021045538,2021-12-28
WB2401ST2026001931,2026-03-05
WB2401ST2021023887,2021-09-26
WB2401ST2021014641,2021-09-14
WB2401ST2021035701,2021-11-15
WB2401ST2022005259,2022-01-22
WB2401ST2021043603,2021-12-19
WB2401ST2022006087,2022-01-26
WB2401ST2021039057,2021-12-11
WB2401ST2021025834,2021-09-28
WB2401ST2021022077,2021-09-24
WB2401ST2021017578,2021-09-18
WB2401ST2021028589,2021-10-01
WB2401ST2022023874,2022-07-05
WB2401ST2021020356,2021-09-21
WB2401ST2021027081,2021-09-29
WB2401ST2022002398,2022-01-14
WB2401ST2021021064,2021-09-23
WB2401ST2021045927,2021-12-29
WB2401ST2022000276,2022-01-05
WB2401ST2021023464,2021-09-25
WB2401ST2021014572,2021-09-14
WB2401ST2021019106,2021-09-20
WB2401ST2021023514,2021-09-25
WB2401ST2021024267,2021-09-26
WB2401ST2021038234,2021-12-06
WB2401ST2021020994,2021-09-22
WB2401ST2021025440,2021-09-27
WB2401ST2021046783,2021-12-31
WB2401ST2021017440,2021-09-18
WB2401ST2021023899,2021-09-26
WB2401ST2021042640,2021-12-18
WB2401ST2021039503,2021-12-12
WB2401ST2021020914,2021-09-22
WB2401ST2022024612,2022-07-15
WB2401ST2021011193,2021-09-06
WB2401ST2022026923,2022-08-23
WB2401ST2021024058,2021-09-26
WB2401ST2021043987,2021-12-19
WB2401ST2021034792,2021-10-30
WB2401ST2022006218,2022-02-04
WB2401ST2021039694,2021-12-12
WB2401ST2021032488,2021-10-09
WB2401ST2021045237,2021-12-28
WB2401ST2021043807,2021-12-19
WB2401ST2021016101,2021-09-16
WB2401ST2022027714,2022-08-25
WB2401ST2021028516,2021-10-01
WB2401ST2021044694,2021-12-23
WB2401ST2021043925,2021-12-19
WB2401ST2021042064,2021-12-18
WB2401ST2022012698,2022-03-16
WB2401ST2021034829,2021-10-30
WB2401ST2021046129,2021-12-29
WB2401ST2021034465,2021-10-28
WB2401ST2021036525,2021-11-19
WB2401ST2022004482,2022-01-19
WB2401ST2021027965,2021-09-30
WB2401ST2022020009,2022-06-21
WB2401ST2021026876,2021-09-29
WB2401ST2021044000,2021-12-19
WB2401ST2021020091,2021-09-21
WB2401ST2021026317,2021-09-28
WB2401ST2021019344,2021-09-20
WB2401ST2021032774,2021-10-09
WB2401ST2023010529,2023-05-26
WB2401ST2023014596,2023-05-28
WB2401ST2021020759,2021-09-22
WB2401ST2021037678,2021-11-26
WB2401ST2021027976,2021-09-30
WB2401ST2021036943,2021-11-20
WB2401ST2023071645,2023-08-22
WB2401ST2021031273,2021-10-05
WB2401ST2021036520,2021-11-19
WB2401ST2021024287,2021-09-26
WB2401ST2021027260,2021-09-29
WB2401ST2021012686,2021-09-10
WB2401ST2021017226,2021-09-16
WB2401ST2021023825,2021-09-26
WB2401ST2021045543,2021-12-28
WB2401ST2021029838,2021-10-02
WB2401ST2021027238,2021-09-29
WB2401ST2021043598,2021-12-19
WB2401ST2021019963,2021-09-21
WB2401ST2021011192,2021-09-06
WB2401ST2021020007,2021-09-21
WB2401ST2022019071,2022-06-20
WB2401ST2022000273,2022-01-05
WB2401ST2022028132,2022-08-27
WB2401ST2021027955,2021-09-30
WB2401ST2022009294,2022-03-10
WB2401ST2021026437,2021-09-28
WB2401ST2025003114,2025-11-27
WB2401ST2022005797,2022-01-26
WB2401ST2021019668,2021-09-21
WB2401ST2023004417,2023-03-31
WB2401ST2023013235,2023-05-28
WB2401ST2021023509,2021-09-25
WB2401ST2021017721,2021-09-18
WB2401ST2021031580,2021-10-05
WB2401ST2022002346,2022-01-14
WB2401ST2021039356,2021-12-11
WB2401ST2022005672,2022-01-22
WB2401ST2021024716,2021-09-26
WB2401ST2021042024,2021-12-18
WB2401ST2021023471,2021-09-25
WB2401ST2021039662,2021-12-12
WB2401ST2021039411,2021-12-11
WB2401ST2021026051,2021-09-28
WB2401ST2021043126,2021-12-19
WB2401ST2023004097,2023-03-20
WB2401ST2021020768,2021-09-22
WB2401ST2021028017,2021-09-30
WB2401ST2022022488,2022-06-25
WB2401ST2023002402,2023-01-20
WB2401ST2021032686,2021-10-09
WB2401ST2021025502,2021-09-27
WB2401ST2021015269,2021-09-15
WB2401ST2021016163,2021-09-16
WB2401ST2021026110,2021-09-28
WB2401ST2021040064,2021-12-16
WB2401ST2021034406,2021-10-28
WB2401ST2021024713,2021-09-26
WB2401ST2021037207,2021-11-21
WB2401ST2022031119,2022-09-30
WB2401ST2021038799,2021-12-11
WB2401ST2021014350,2021-09-14
WB2401ST2021032793,2021-10-10
WB2401ST2023014591,2023-05-28
WB2401ST2022019751,2022-06-21
WB2401ST2021028128,2021-09-30
WB2401ST2022008086,2022-03-06
WB2401ST2021017117,2021-09-16
WB2401ST2021011198,2021-09-06
WB2401ST2021018983,2021-09-20
WB2401ST2021030565,2021-10-05
WB2401ST2021021902,2021-09-24
WB2401ST2022024296,2022-07-13
WB2401ST2021033747,2021-10-12
WB2401ST2021038584,2021-12-07
WB2401ST2021036920,2021-11-20
WB2401ST2021031387,2021-10-05
WB2401ST2022015008,2022-03-31
WB2401ST2023030628,2023-06-06
WB2401ST2021028173,2021-09-30
WB2401ST2021013054,2021-09-12
WB2401ST2021028609,2021-10-01
WB2401ST2021015761,2021-09-16
WB2401ST2022022460,2022-06-25
WB2401ST2021019962,2021-09-21
WB2401ST2021017279,2021-09-17
WB2401ST2023012803,2023-05-28
WB2401ST2021029173,2021-10-01
WB2401ST2021021204,2021-09-23
WB2401ST2021011197,2021-09-06
WB2401ST2022022118,2022-06-25
WB2401ST2021025518,2021-09-27
WB2401ST2023008762,2023-05-21
WB2401ST2021046088,2021-12-29
WB2401ST2021037229,2021-11-21
WB2401ST2022004520,2022-01-19
WB2401ST2021017258,2021-09-17
WB2401ST2022018913,2022-06-20
WB2401ST2023031407,2023-06-07
WB2401ST2021028503,2021-10-01
WB2401ST2021029072,2021-10-01
WB2401ST2021038766,2021-12-08
WB2401ST2022008085,2022-03-06
WB2401ST2021032486,2021-10-09
WB2401ST2021021786,2021-09-23
WB2401ST2022004500,2022-01-19
WB2401ST2021015286,2021-09-15
WB2401ST2022017926,2022-06-08
WB2401ST2021021203,2021-09-23
WB2401ST2021045448,2021-12-28
WB2401ST2021036496,2021-11-19
WB2401ST2021035820,2021-11-15
WB2401ST2022015704,2022-05-11
WB2401ST2021034691,2021-10-30
WB2401ST2021011196,2021-09-06
WB2401ST2021031276,2021-10-05
WB2401ST2021045555,2021-12-28
WB2401ST2021037061,2021-11-20
WB2401ST2021015267,2021-09-15
WB2401ST2023007035,2023-04-16
WB2401ST2021020159,2021-09-21
WB2401ST2022005661,2022-01-22
WB2401ST2021045415,2021-12-28
WB2401ST2023014595,2023-05-28
WB2401ST2021024644,2021-09-26
WB2401ST2021047121,2021-12-31
WB2401ST2023057837,2023-08-05
WB2401ST2021028654,2021-10-01
WB2401ST2021015647,2021-09-16
WB2401ST2021043988,2021-12-19
WB2401ST2021041189,2021-12-18
WB2401ST2021027213,2021-09-29
WB2401ST2022004751,2022-01-19
WB2401ST2021018952,2021-09-20
WB2401ST2022002132,2022-01-13
WB2401ST2021028027,2021-09-30
WB2401ST2021032063,2021-10-06
WB2401ST2022000987,2022-01-12
WB2401ST2021046122,2021-12-29
WB2401ST2021022074,2021-09-24
WB2401ST2023064451,2023-08-06
WB2401ST2022020879,2022-06-23
WB2401ST2021035155,2021-11-02
WB2401ST2021027858,2021-09-30
WB2401ST2022019950,2022-06-21
WB2401ST2022001135,2022-01-12
WB2401ST2023011796,2023-05-28
WB2401ST2021028093,2021-09-30
WB2401ST2021014621,2021-09-14
WB2401ST2021018406,2021-09-20
WB2401ST2022017717,2022-06-08
WB2401ST2021031218,2021-10-05
WB2401ST2022000302,2022-01-05
WB2401ST2022002929,2022-01-14
WB2401ST2021024011,2021-09-26
WB2401ST2022024728,2022-07-18
WB2401ST2021020395,2021-09-21
WB2401ST2021020547,2021-09-22
WB2401ST2021025475,2021-09-27
WB2401ST2021029164,2021-10-01
WB2401ST2021025137,2021-09-27
WB2401ST2021022503,2021-09-24
WB2401ST2021021406,2021-09-23
WB2401ST2021025589,2021-09-27
WB2401ST2021019793,2021-09-21
WB2401ST2021043938,2021-12-19
WB2401ST2021039854,2021-12-13
WB2401ST2021011195,2021-09-06
WB2401ST2021027859,2021-09-30
WB2401ST2021022031,2021-09-24
WB2401ST2022015613,2022-05-06
WB2401ST2021025004,2021-09-27
WB2401ST2021017299,2021-09-18
WB2401ST2021037922,2021-11-30
WB2401ST2021027970,2021-09-30
WB2401ST2021037522,2021-11-26
WB2401ST2021040611,2021-12-17
WB2401ST2021020650,2021-09-22
WB2401ST2021021655,2021-09-23
WB2401ST2023064843,2023-08-06
WB2401ST2021028227,2021-09-30
WB2401ST2021032186,2021-10-09
WB2401ST2021019987,2021-09-21
WB2401ST2021031559,2021-10-05
WB2401ST2021023426,2021-09-25
WB2401ST2021031675,2021-10-05
WB2401ST2021016862,2021-09-16
WB2401ST2021042859,2021-12-18
WB2401ST2022017738,2022-06-08
WB2401ST2021045647,2021-12-28
WB2401ST2021039204,2021-12-11
WB2401ST2021046128,2021-12-29
WB2401ST2021031405,2021-10-05
WB2401ST2021012455,2021-09-10
WB2401ST2022006285,2022-02-04
WB2401ST2021013763,2021-09-13
WB2401ST2021042828,2021-12-18
WB2401ST2021036929,2021-11-20
WB2401ST2021022891,2021-09-24
WB2401ST2021026534,2021-09-28
WB2401ST2022022186,2022-06-25
WB2401ST2022002043,2022-01-13
WB2401ST2021028047,2021-09-30
WB2401ST2021024960,2021-09-27
WB2401ST2021017348,2021-09-18
WB2401ST2022008234,2022-03-06
WB2401ST2021027206,2021-09-29
WB2401ST2021043066,2021-12-19
WB2401ST2022004176,2022-01-18
WB2401ST2021018845,2021-09-20
WB2401ST2023029511,2023-06-06
WB2401ST2022000272,2022-01-05
WB2401ST2021045764,2021-12-29
WB2401ST2021018838,2021-09-20
WB2401ST2021022336,2021-09-24
WB2401ST2022014537,2022-03-20
WB2401ST2021044036,2021-12-19
WB2401ST2021019744,2021-09-21
WB2401ST2021040450,2021-12-17
WB2401ST2021023425,2021-09-25
WB2401ST2021023635,2021-09-25
WB2401ST2021027855,2021-09-30
WB2401ST2021016476,2021-09-16
WB2401ST2021018558,2021-09-20
WB2401ST2021015288,2021-09-15
WB2401ST2021027252,2021-09-29
WB2401ST2021018009,2021-09-19
WB2401ST2021022782,2021-09-24
WB2401ST2021028235,2021-09-30
WB2401ST2021019878,2021-09-21
WB2401ST2021014535,2021-09-14
WB2401ST2021037582,2021-11-26
WB2401ST2021036209,2021-11-19
WB2401ST2021045781,2021-12-29
WB2401ST2021027129,2021-09-29
WB2401ST2021017029,2021-09-16
WB2401ST2021014715,2021-09-14
WB2401ST2021023847,2021-09-26
WB2401ST2021035941,2021-11-16
WB2401ST2023032074,2023-06-07
WB2401ST2021024588,2021-09-26
WB2401ST2021032046,2021-10-06
WB2401ST2021036903,2021-11-20
WB2401ST2022001822,2022-01-13
WB2401ST2021024463,2021-09-26
WB2401ST2021024732,2021-09-26
WB2401ST2021019954,2021-09-21
WB2401ST2021019729,2021-09-21
WB2401ST2022001885,2022-01-13
WB2401ST2021016517,2021-09-16
WB2401ST2021030117,2021-10-05
WB2401ST2021025736,2021-09-28
WB2401ST2021042046,2021-12-18
WB2401ST2022001458,2022-01-12
WB2401ST2022022193,2022-06-25
WB2401ST2021021956,2021-09-24
WB2401ST2021031178,2021-10-05
WB2401ST2021035638,2021-11-15
WB2401ST2022001671,2022-01-13
WB2401ST2021018533,2021-09-20
WB2401ST2021022881,2021-09-24
WB2401ST2021028594,2021-10-01
WB2401ST2021022764,2021-09-24
WB2401ST2021027268,2021-09-29
WB2401ST2021046688,2021-12-31
WB2401ST2022008244,2022-03-06
WB2401ST2021025538,2021-09-27
WB2401ST2021036551,2021-11-19
WB2401ST2021027432,2021-09-29
WB2401ST2021026595,2021-09-28
WB2401ST2021019537,2021-09-21
WB2401ST2021032733,2021-10-09
WB2401ST2021015330,2021-09-15
WB2401ST2021026621,2021-09-28
WB2401ST2021044816,2021-12-23
WB2401ST2022015947,2022-05-16
WB2401ST2021029555,2021-10-02
WB2401ST2022007125,2022-02-13
WB2401ST2023075238,2023-09-30
WB2401ST2021021584,2021-09-23
WB2401ST2021021003,2021-09-22
WB2401ST2022004620,2022-01-19
WB2401ST2021019012,2021-09-20
WB2401ST2021016228,2021-09-16
WB2401ST2023014590,2023-05-28
WB2401ST2021024952,2021-09-27
WB2401ST2021038436,2021-12-06
WB2401ST2021036285,2021-11-19
WB2401ST2021028238,2021-09-30
WB2401ST2021019245,2021-09-20
WB2401ST2021015329,2021-09-15
WB2401ST2021018294,2021-09-19
WB2401ST2022001804,2022-01-13
WB2401ST2021036376,2021-11-19
WB2401ST2021028909,2021-10-01
WB2401ST2021022257,2021-09-24
WB2401ST2021028253,2021-09-30
WB2401ST2021040551,2021-12-17
WB2401ST2021030703,2021-10-05
WB2401ST2021031840,2021-10-05
WB2401ST2022015602,2022-05-06
WB2401ST2021024452,2021-09-26
WB2401ST2021018524,2021-09-20
WB2401ST2022013004,2022-03-17
WB2401ST2022000756,2022-01-12
WB2401ST2022014121,2022-03-20
WB2401ST2021020871,2021-09-22
WB2401ST2021046773,2021-12-31
WB2401ST2021021185,2021-09-23
WB2401ST2023007332,2023-04-22
WB2401ST2021013071,2021-09-12
WB2401ST2021028981,2021-10-01
WB2401ST2021023964,2021-09-26
WB2401ST2021018461,2021-09-20
WB2401ST2021026855,2021-09-29
WB2401ST2021028132,2021-09-30
WB2401ST2021031064,2021-10-05
WB2401ST2021043094,2021-12-19
WB2401ST2021022868,2021-09-24
WB2401ST2022003418,2022-01-15
WB2401ST2023018074,2023-05-30
WB2401ST2022004760,2022-01-19
WB2401ST2021019734,2021-09-21
WB2401ST2021020309,2021-09-21
WB2401ST2022021721,2022-06-24
WB2401ST2022020917,2022-06-23
WB2401ST2022005393,2022-01-22
WB2401ST2021018205,2021-09-19
WB2401ST2023013768,2023-05-28
WB2401ST2021030599,2021-10-05
WB2401ST2023015370,2023-05-29
WB2401ST2022020897,2022-06-23
WB2401ST2021025827,2021-09-28
WB2401ST2021020665,2021-09-22
WB2401ST2022000891,2022-01-12
WB2401ST2022027538,2022-08-24
WB2401ST2023010909,2023-05-26
WB2401ST2021022310,2021-09-24
WB2401ST2021042029,2021-12-18
WB2401ST2021015275,2021-09-15
WB2401ST2023018516,2023-05-30
WB2401ST2021028535,2021-10-01
WB2401ST2022027229,2022-08-24
WB2401ST2021022093,2021-09-24
WB2401ST2021024000,2021-09-26
WB2401ST2022000633,2022-01-05
WB2401ST2022007528,2022-02-13
WB2401ST2021039629,2021-12-12
WB2401ST2022015279,2022-04-05
WB2401ST2021027877,2021-09-30
WB2401ST2021046453,2021-12-30
WB2401ST2021037428,2021-11-21
WB2401ST2021038758,2021-12-08
WB2401ST2021034650,2021-10-30
WB2401ST2021044589,2021-12-22
WB2401ST2021031454,2021-10-05
WB2401ST2022017675,2022-06-08
WB2401ST2021025423,2021-09-27
WB2401ST2021016834,2021-09-16
WB2401ST2021036485,2021-11-19
WB2401ST2021018852,2021-09-20
WB2401ST2021020232,2021-09-21
WB2401ST2022014916,2022-03-20
WB2401ST2021022209,2021-09-24
WB2401ST2021019874,2021-09-21
WB2401ST2021034264,2021-10-20
WB2401ST2021023546,2021-09-25
WB2401ST2021024206,2021-09-26
WB2401ST2021013057,2021-09-12
WB2401ST2022021764,2022-06-24
WB2401ST2022003673,2022-01-15
WB2401ST2022010750,2022-03-11
WB2401ST2021032356,2021-10-09
WB2401ST2021014518,2021-09-14
WB2401ST2021036571,2021-11-19
WB2401ST2021013809,2021-09-13
WB2401ST2021015072,2021-09-15
WB2401ST2021045413,2021-12-28
WB2401ST2021016612,2021-09-16
WB2401ST2021019603,2021-09-21
WB2401ST2021018298,2021-09-19
WB2401ST2021046419,2021-12-30
WB2401ST2023008764,2023-05-21
WB2401ST2021016164,2021-09-16
WB2401ST2021018985,2021-09-20
WB2401ST2021034354,2021-10-28
WB2401ST2021026309,2021-09-28
WB2401ST2022033559,2022-11-22
WB2401ST2021040090,2021-12-16
WB2401ST2021045394,2021-12-28
WB2401ST2021018369,2021-09-20
WB2401ST2021037064,2021-11-20
WB2401ST2022018911,2022-06-20
WB2401ST2021024654,2021-09-26
WB2401ST2021023800,2021-09-25
WB2401ST2021022137,2021-09-24
WB2401ST2021042073,2021-12-18
WB2401ST2021046793,2021-12-31
WB2401ST2021027417,2021-09-29
WB2401ST2021020864,2021-09-22
WB2401ST2022004152,2022-01-18
WB2401ST2021037636,2021-11-26
WB2401ST2021038415,2021-12-06
WB2401ST2021021038,2021-09-23
WB2401ST2021037034,2021-11-20
WB2401ST2021028564,2021-10-01
WB2401ST2021012124,2021-09-09
WB2401ST2022004378,2022-01-19
WB2401ST2021037663,2021-11-26
WB2401ST2021039033,2021-12-11
WB2401ST2021034356,2021-10-28
WB2401ST2021023703,2021-09-25
WB2401ST2022000890,2022-01-12
WB2401ST2022006352,2022-02-04
WB2401ST2022027882,2022-08-27
WB2401ST2021033522,2021-10-11
WB2401ST2021013072,2021-09-12
WB2401ST2022005651,2022-01-22
WB2401ST2021045960,2021-12-29
WB2401ST2023042196,2023-07-25
WB2401ST2021046410,2021-12-30
WB2401ST2021019628,2021-09-21
WB2401ST2022005538,2022-01-22
WB2401ST2021043764,2021-12-19
WB2401ST2021027191,2021-09-29
WB2401ST2021038456,2021-12-06
WB2401ST2022026726,2022-08-23
WB2401ST2021023469,2021-09-25
WB2401ST2021027656,2021-09-30
WB2401ST2022004600,2022-01-19
WB2401ST2021029731,2021-10-02
WB2401ST2021044599,2021-12-23
WB2401ST2021026116,2021-09-28
WB2401ST2021046281,2021-12-30
WB2401ST2022022055,2022-06-25
WB2401ST2021036759,2021-11-20
WB2401ST2021014163,2021-09-14
WB2401ST2021022306,2021-09-24
WB2401ST2021046575,2021-12-30
WB2401ST2021027228,2021-09-29
WB2401ST2021046101,2021-12-29
WB2401ST2021036928,2021-11-20
WB2401ST2021021285,2021-09-23
WB2401ST2021019853,2021-09-21
WB2401ST2021023043,2021-09-25
WB2401ST2021022615,2021-09-24
WB2401ST2022004531,2022-01-19
WB2401ST2021024950,2021-09-27
WB2401ST2021046411,2021-12-30
WB2401ST2021037427,2021-11-21
WB2401ST2021046529,2021-12-30
WB2401ST2021014358,2021-09-14
WB2401ST2021017194,2021-09-16
WB2401ST2022003674,2022-01-15
WB2401ST2021043837,2021-12-19
WB2401ST2021029391,2021-10-01
WB2401ST2021041546,2021-12-18
WB2401ST2021018279,2021-09-19
WB2401ST2021043135,2021-12-19
WB2401ST2022026633,2022-08-23
WB2401ST2023016419,2023-05-29
WB2401ST2021015661,2021-09-16
WB2401ST2021028164,2021-09-30
WB2401ST2021016487,2021-09-16
WB2401ST2021022535,2021-09-24
WB2401ST2021017177,2021-09-16
WB2401ST2022019660,2022-06-21
WB2401ST2021024954,2021-09-27
WB2401ST2021016521,2021-09-16
WB2401ST2022027887,2022-08-27
WB2401ST2022022556,2022-06-25
WB2401ST2021032192,2021-10-09
WB2401ST2021022870,2021-09-24
WB2401ST2022005102,2022-01-20
WB2401ST2021013325,2021-09-12
WB2401ST2021042761,2021-12-18
WB2401ST2021019814,2021-09-21
WB2401ST2021034798,2021-10-30
WB2401ST2023060460,2023-08-05
WB2401ST2022001148,2022-01-12
WB2401ST2021036919,2021-11-20
WB2401ST2023008773,2023-05-21
WB2401ST2022020207,2022-06-22
WB2401ST2021034562,2021-10-30
WB2401ST2021032727,2021-10-09
WB2401ST2021040955,2021-12-17
WB2401ST2021015345,2021-09-15
WB2401ST2021014753,2021-09-14
WB2401ST2021026096,2021-09-28
WB2401ST2021027257,2021-09-29
WB2401ST2022005947,2022-01-26
WB2401ST2021017976,2021-09-19
WB2401ST2022005247,2022-01-22
WB2401ST2021042028,2021-12-18
WB2401ST2021022288,2021-09-24
WB2401ST2021018733,2021-09-20
WB2401ST2021024221,2021-09-26
WB2401ST2022020284,2022-06-22
WB2401ST2022006001,2022-01-26
WB2401ST2021016605,2021-09-16
WB2401ST2021028585,2021-10-01
WB2401ST2021024884,2021-09-27
WB2401ST2022004956,2022-01-20
WB2401ST2021017755,2021-09-18
WB2401ST2022004561,2022-01-19
WB2401ST2021018532,2021-09-20
WB2401ST2021039275,2021-12-11
WB2401ST2022013812,2022-03-17
WB2401ST2021045414,2021-12-28
WB2401ST2021020649,2021-09-22
WB2401ST2021032385,2021-10-09
WB2401ST2021034355,2021-10-28
WB2401ST2021034836,2021-10-30
WB2401ST2023018443,2023-05-30
WB2401ST2021019645,2021-09-21
WB2401ST2021016489,2021-09-16
WB2401ST2021017757,2021-09-18
WB2401ST2021038542,2021-12-06
WB2401ST2021016779,2021-09-16
WB2401ST2021013121,2021-09-12
WB2401ST2021028172,2021-09-30
WB2401ST2022000362,2022-01-05
WB2401ST2021015324,2021-09-15
WB2401ST2021040622,2021-12-17
WB2401ST2021036942,2021-11-20
WB2401ST2021021667,2021-09-23
WB2401ST2022006325,2022-02-04
WB2401ST2021045828,2021-12-29
WB2401ST2021036547,2021-11-19
WB2401ST2021028710,2021-10-01
WB2401ST2021026357,2021-09-28
WB2401ST2021023623,2021-09-25
WB2401ST2021043493,2021-12-19
WB2401ST2021021443,2021-09-23
WB2401ST2021028019,2021-09-30
WB2401ST2021028026,2021-09-30
WB2401ST2021022191,2021-09-24
WB2401ST2023012571,2023-05-28
WB2401ST2021015098,2021-09-15
WB2401ST2022002417,2022-01-14
WB2401ST2022017348,2022-06-01
WB2401ST2022017453,2022-06-02
WB2401ST2022027283,2022-08-24
WB2401ST2022009562,2022-03-10
WB2401ST2021026457,2021-09-28
WB2401ST2021032297,2021-10-09
WB2401ST2022015874,2022-05-13
WB2401ST2021020984,2021-09-22
WB2401ST2021043691,2021-12-19
WB2401ST2021016949,2021-09-16
WB2401ST2021045367,2021-12-28
WB2401ST2022026824,2022-08-23
WB2401ST2021042495,2021-12-18
WB2401ST2021039765,2021-12-12
WB2401ST2022000462,2022-01-05
WB2401ST2022005686,2022-01-22
WB2401ST2021016699,2021-09-16
WB2401ST2022000648,2022-01-05
WB2401ST2021045931,2021-12-29
WB2401ST2021027225,2021-09-29
WB2401ST2023042664,2023-07-26
WB2401ST2023034754,2023-06-08
WB2401ST2021012296,2021-09-09
WB2401ST2021039686,2021-12-12
WB2401ST2021028336,2021-09-30
WB2401ST2021047124,2021-12-31
WB2401ST2021017959,2021-09-18
WB2401ST2022019994,2022-06-21
WB2401ST2021012910,2021-09-11
WB2401ST2021034970,2021-10-30
WB2401ST2022018522,2022-06-17
WB2401ST2021020609,2021-09-22
WB2401ST2021025403,2021-09-27
WB2401ST2022020301,2022-06-22
WB2401ST2021020833,2021-09-22
WB2401ST2021019658,2021-09-21
WB2401ST2022001507,2022-01-12
WB2401ST2023061306,2023-08-05
WB2401ST2022003432,2022-01-15
WB2401ST2021020939,2021-09-22
WB2401ST2021033028,2021-10-11
WB2401ST2021015056,2021-09-15
WB2401ST2022024699,2022-07-15
WB2401ST2023018879,2023-05-30
WB2401ST2021017821,2021-09-18
WB2401ST2021018909,2021-09-20
WB2401ST2021029459,2021-10-01
WB2401ST2021021690,2021-09-23
WB2401ST2021028055,2021-09-30
WB2401ST2021047074,2021-12-31
WB2401ST2022021625,2022-06-24
WB2401ST2021035405,2021-11-15
WB2401ST2021026325,2021-09-28
WB2401ST2022022105,2022-06-25
WB2401ST2021015664,2021-09-16
WB2401ST2022012727,2022-03-16
WB2401ST2021014254,2021-09-14
WB2401ST2021020498,2021-09-22
WB2401ST2021025724,2021-09-27
WB2401ST2021042030,2021-12-18
WB2401ST2022000269,2022-01-05
WB2401ST2021028085,2021-09-30
WB2401ST2022000454,2022-01-05
WB2401ST2021032452,2021-10-09
WB2401ST2021025037,2021-09-27
WB2401ST2021019646,2021-09-21
WB2401ST2021025022,2021-09-27
WB2401ST2021021180,2021-09-23
WB2401ST2021046665,2021-12-31
WB2401ST2021015057,2021-09-15
WB2401ST2021017280,2021-09-18
WB2401ST2021031446,2021-10-05
WB2401ST2021037097,2021-11-21
WB2401ST2021027287,2021-09-29
WB2401ST2021027448,2021-09-29
WB2401ST2021028567,2021-10-01
WB2401ST2021021175,2021-09-23
WB2401ST2021042489,2021-12-18
WB2401ST2021046537,2021-12-30
WB2401ST2021042027,2021-12-18
WB2401ST2021032193,2021-10-09
WB2401ST2022001610,2022-01-13
WB2401ST2022000609,2022-01-05
WB2401ST2023028010,2023-06-05
WB2401ST2022000392,2022-01-05
WB2401ST2021042432,2021-12-18
WB2401ST2021021696,2021-09-23
WB2401ST2022018908,2022-06-20
WB2401ST2021031129,2021-10-05
WB2401ST2021018721,2021-09-20
WB2401ST2021024882,2021-09-27
WB2401ST2021036922,2021-11-20
WB2401ST2021025898,2021-09-28
WB2401ST2021032699,2021-10-09
WB2401ST2023067275,2023-08-06
WB2401ST2021022009,2021-09-24
WB2401ST2021021615,2021-09-23
WB2401ST2021021187,2021-09-23
WB2401ST2021038598,2021-12-07
WB2401ST2021020079,2021-09-21
WB2401ST2021033295,2021-10-11
WB2401ST2021014156,2021-09-14
WB2401ST2022004602,2022-01-19
WB2401ST2021025718,2021-09-27
WB2401ST2021022890,2021-09-24
WB2401ST2021032254,2021-10-09
WB2401ST2021033022,2021-10-11
WB2401ST2021034797,2021-10-30
WB2401ST2022005213,2022-01-22
WB2401ST2021037935,2021-12-01
WB2401ST2021014539,2021-09-14
WB2401ST2021024736,2021-09-26
WB2401ST2021024666,2021-09-26
WB2401ST2022002429,2022-01-14
WB2401ST2021036923,2021-11-20
WB2401ST2021043965,2021-12-19
WB2401ST2021018396,2021-09-20
WB2401ST2021014509,2021-09-14
WB2401ST2021013958,2021-09-13
WB2401ST2021041192,2021-12-18
WB2401ST2021030239,2021-10-05
WB2401ST2021028531,2021-10-01
WB2401ST2021043787,2021-12-19
WB2401ST2021018506,2021-09-20
WB2401ST2021022851,2021-09-24
WB2401ST2021025803,2021-09-28
WB2401ST2021025539,2021-09-27
WB2401ST2022005024,2022-01-20
WB2401ST2022006284,2022-02-04
WB2401ST2021038640,2021-12-08
WB2401ST2022012713,2022-03-16
WB2401ST2021019523,2021-09-21
WB2401ST2021022135,2021-09-24
WB2401ST2022005632,2022-01-22
WB2401ST2022001632,2022-01-13
WB2401ST2021025268,2021-09-27
WB2401ST2022001329,2022-01-12
WB2401ST2021038595,2021-12-07
WB2401ST2022019791,2022-06-21
WB2401ST2022006253,2022-02-04
WB2401ST2023016420,2023-05-29
WB2401ST2022004203,2022-01-18
WB2401ST2021023542,2021-09-25
WB2401ST2021045554,2021-12-28
WB2401ST2021027266,2021-09-29
WB2401ST2022021241,2022-06-23
WB2401ST2021020463,2021-09-21
WB2401ST2021018521,2021-09-20
WB2401ST2021036950,2021-11-20
WB2401ST2021022752,2021-09-24
WB2401ST2021025572,2021-09-27
WB2401ST2022020940,2022-06-23
WB2401ST2021024613,2021-09-26
WB2401ST2022001300,2022-01-12
WB2401ST2021020948,2021-09-22
WB2401ST2021020983,2021-09-22
WB2401ST2021016279,2021-09-16
WB2401ST2021028073,2021-09-30
WB2401ST2021016628,2021-09-16
WB2401ST2022005642,2022-01-22
WB2401ST2021015323,2021-09-15
WB2401ST2021022294,2021-09-24
WB2401ST2022020212,2022-06-22
WB2401ST2021038594,2021-12-07
WB2401ST2022026661,2022-08-23
WB2401ST2021029112,2021-10-01
WB2401ST2021043986,2021-12-19
WB2401ST2021022967,2021-09-25
WB2401ST2021024018,2021-09-26
WB2401ST2022002854,2022-01-14
WB2401ST2021025042,2021-09-27
WB2401ST2021024147,2021-09-26
WB2401ST2021043766,2021-12-19
WB2401ST2021032510,2021-10-09
WB2401ST2021024545,2021-09-26
WB2401ST2021020935,2021-09-22
WB2401ST2022000731,2022-01-05
WB2401ST2021019623,2021-09-21
WB2401ST2021015721,2021-09-16
WB2401ST2021046376,2021-12-30
WB2401ST2021035790,2021-11-15
WB2401ST2021037698,2021-11-26
WB2401ST2022000270,2022-01-05
WB2401ST2021046502,2021-12-30
WB2401ST2021025108,2021-09-27
WB2401ST2021018423,2021-09-20
WB2401ST2022028237,2022-08-29
WB2401ST2021023973,2021-09-26
WB2401ST2021042092,2021-12-18
WB2401ST2022000663,2022-01-05
WB2401ST2022004974,2022-01-20
WB2401ST2021042101,2021-12-18
WB2401ST2021013849,2021-09-13
WB2401ST2021022084,2021-09-24
WB2401ST2021020910,2021-09-22
WB2401ST2021026724,2021-09-28
WB2401ST2021033224,2021-10-11
WB2401ST2021026086,2021-09-28
WB2401ST2021027217,2021-09-29
WB2401ST2021027972,2021-09-30
WB2401ST2021046800,2021-12-31
WB2401ST2022021778,2022-06-24
WB2401ST2021028151,2021-09-30
WB2401ST2021027304,2021-09-29
WB2401ST2021025501,2021-09-27
WB2401ST2021016160,2021-09-16
WB2401ST2021016856,2021-09-16
WB2401ST2021018775,2021-09-20
WB2401ST2022001071,2022-01-12
WB2401ST2022020918,2022-06-23
WB2401ST2022020863,2022-06-23
WB2401ST2021025586,2021-09-27
WB2401ST2021045187,2021-12-27
WB2401ST2021032253,2021-10-09
WB2401ST2021046406,2021-12-30
WB2401ST2021028966,2021-10-01
WB2401ST2021024744,2021-09-26
WB2401ST2021014522,2021-09-14
WB2401ST2021025561,2021-09-27
WB2401ST2021032073,2021-10-06
WB2401ST2021018750,2021-09-20
WB2401ST2021022165,2021-09-24
WB2401ST2021021826,2021-09-23
WB2401ST2021038580,2021-12-07
WB2401ST2021026123,2021-09-28
WB2401ST2021047199,2021-12-31
WB2401ST2021018563,2021-09-20
WB2401ST2021025583,2021-09-27
WB2401ST2021034105,2021-10-13
WB2401ST2021027203,2021-09-29
WB2401ST2021038636,2021-12-08
WB2401ST2022000858,2022-01-12
WB2401ST2021011693,2021-09-09
WB2401ST2021046063,2021-12-29
WB2401ST2021042060,2021-12-18
WB2401ST2021024434,2021-09-26
WB2401ST2021028028,2021-09-30
WB2401ST2021029848,2021-10-02
WB2401ST2022000707,2022-01-05
WB2401ST2021017046,2021-09-16
WB2401ST2021040601,2021-12-17
WB2401ST2021016530,2021-09-16
WB2401ST2021043993,2021-12-19
WB2401ST2022022493,2022-06-25
WB2401ST2021014513,2021-09-14
WB2401ST2021021725,2021-09-23
WB2401ST2021042726,2021-12-18
WB2401ST2021042795,2021-12-18
WB2401ST2021026429,2021-09-28
WB2401ST2021028248,2021-09-30
WB2401ST2022000294,2022-01-05
WB2401ST2023010322,2023-05-25
WB2401ST2021042051,2021-12-18
WB2401ST2022004592,2022-01-19
WB2401ST2021025567,2021-09-27
WB2401ST2021014523,2021-09-14
WB2401ST2021020953,2021-09-22
WB2401ST2021046598,2021-12-31
WB2401ST2021042102,2021-12-18
WB2401ST2021019998,2021-09-21
WB2401ST2021028067,2021-09-30
WB2401ST2021017759,2021-09-18
WB2401ST2021020937,2021-09-22
WB2401ST2021023438,2021-09-25
WB2401ST2021046379,2021-12-30
WB2401ST2021017143,2021-09-16
WB2401ST2021037982,2021-12-05
WB2401ST2021015616,2021-09-16
WB2401ST2021046571,2021-12-30
WB2401ST2021031623,2021-10-05
WB2401ST2021017108,2021-09-16
WB2401ST2022005228,2022-01-22
WB2401ST2021036930,2021-11-20
WB2401ST2021015199,2021-09-15
WB2401ST2021027898,2021-09-30
WB2401ST2022006969,2022-02-10
WB2401ST2022018406,2022-06-17
WB2401ST2022008567,2022-03-06
WB2401ST2021026268,2021-09-28
WB2401ST2021015983,2021-09-16
WB2401ST2022001216,2022-01-12
WB2401ST2021043995,2021-12-19
WB2401ST2023008774,2023-05-21
WB2401ST2021026516,2021-09-28
WB2401ST2021025645,2021-09-27
WB2401ST2023060117,2023-08-05
WB2401ST2021024585,2021-09-26
WB2401ST2021025397,2021-09-27
WB2401ST2021041718,2021-12-18
WB2401ST2021024969,2021-09-27
WB2401ST2021028796,2021-10-01
WB2401ST2021018408,2021-09-20
WB2401ST2021031423,2021-10-05
WB2401ST2021025473,2021-09-27
WB2401ST2021027844,2021-09-30
WB2401ST2023058599,2023-08-05
WB2401ST2021033400,2021-10-11
WB2401ST2022005412,2022-01-22
WB2401ST2021026480,2021-09-28
WB2401ST2021011653,2021-09-09
WB2401ST2021017794,2021-09-18
WB2401ST2021027069,2021-09-29
WB2401ST2021023437,2021-09-25
WB2401ST2021021571,2021-09-23
WB2401ST2022004759,2022-01-19
WB2401ST2021027283,2021-09-29
WB2401ST2021042162,2021-12-18
WB2401ST2021028243,2021-09-30
WB2401ST2021028857,2021-10-01
WB2401ST2021032256,2021-10-09
WB2401ST2021024701,2021-09-26
WB2401ST2021037874,2021-11-30
WB2401ST2022005007,2022-01-20
WB2401ST2022008826,2022-03-07
WB2401ST2022002757,2022-01-14
WB2401ST2021018722,2021-09-20
WB2401ST2022005032,2022-01-20
WB2401ST2021026446,2021-09-28
WB2401ST2022020888,2022-06-23
WB2401ST2023005580,2023-04-06
WB2401ST2021013323,2021-09-12
WB2401ST2021021679,2021-09-23
WB2401ST2021040052,2021-12-16
WB2401ST2021027282,2021-09-29
WB2401ST2023008776,2023-05-21
WB2401ST2021045549,2021-12-28
WB2401ST2021042520,2021-12-18
WB2401ST2022007832,2022-03-06
WB2401ST2021043935,2021-12-19
WB2401ST2021024880,2021-09-27
WB2401ST2021026452,2021-09-28
WB2401ST2021042323,2021-12-18
WB2401ST2022010731,2022-03-11
WB2401ST2021028062,2021-09-30
WB2401ST2022002179,2022-01-13
WB2401ST2022018524,2022-06-17
WB2401ST2021034190,2021-10-17
WB2401ST2021031442,2021-10-05
WB2401ST2022004593,2022-01-19
WB2401ST2021021552,2021-09-23
WB2401ST2022000402,2022-01-05
WB2401ST2021036947,2021-11-20
WB2401ST2023057304,2023-08-04
WB2401ST2022002411,2022-01-14
WB2401ST2021028653,2021-10-01
WB2401ST2021042325,2021-12-18
WB2401ST2021046119,2021-12-29
WB2401ST2021011686,2021-09-09
WB2401ST2022007997,2022-03-06
WB2401ST2021027446,2021-09-29
WB2401ST2021046407,2021-12-30
WB2401ST2021025582,2021-09-27
WB2401ST2021028045,2021-09-30
WB2401ST2021020835,2021-09-22
WB2401ST2021027359,2021-09-29
WB2401ST2021023128,2021-09-25
WB2401ST2021018474,2021-09-20
WB2401ST2021014722,2021-09-14
WB2401ST2022020974,2022-06-23
WB2401ST2021043928,2021-12-19
WB2401ST2023044670,2023-07-28
WB2401ST2023006885,2023-04-16
WB2401ST2021025712,2021-09-27
WB2401ST2021021825,2021-09-23
WB2401ST2021042063,2021-12-18
WB2401ST2021022846,2021-09-24
WB2401ST2021018539,2021-09-20
WB2401ST2021042213,2021-12-18
WB2401ST2021018371,2021-09-20
WB2401ST2021019721,2021-09-21
WB2401ST2021017401,2021-09-18
WB2401ST2021046388,2021-12-30
WB2401ST2022018966,2022-06-20
WB2401ST2021014574,2021-09-14
WB2401ST2021015755,2021-09-16
WB2401ST2021032251,2021-10-09
WB2401ST2021029730,2021-10-02
WB2401ST2022010732,2022-03-11
WB2401ST2021037779,2021-11-30
WB2401ST2021041397,2021-12-18
WB2401ST2022000807,2022-01-12
WB2401ST2021032763,2021-10-09
WB2401ST2021015179,2021-09-15
WB2401ST2021018392,2021-09-20
WB2401ST2022010557,2022-03-11
WB2401ST2021022857,2021-09-24
WB2401ST2023014724,2023-05-29
WB2401ST2026000547,2026-01-20
WB2401ST2021028254,2021-09-30
WB2401ST2021030866,2021-10-05
WB2401ST2021024971,2021-09-27
WB2401ST2023031554,2023-06-07
WB2401ST2022020948,2022-06-23
WB2401ST2021035520,2021-11-15
WB2401ST2021031439,2021-10-05
WB2401ST2021028059,2021-09-30
WB2401ST2021026267,2021-09-28
WB2401ST2022002080,2022-01-13
WB2401ST2021040281,2021-12-16
WB2401ST2021046420,2021-12-30
WB2401ST2022006386,2022-02-04
WB2401ST2023017907,2023-05-30
WB2401ST2021026310,2021-09-28
WB2401ST2021042214,2021-12-18
WB2401ST2021037981,2021-12-05
WB2401ST2021027363,2021-09-29
WB2401ST2021017517,2021-09-18
WB2401ST2021022169,2021-09-24
WB2401ST2023077235,2023-11-22
WB2401ST2021017758,2021-09-18
WB2401ST2021043958,2021-12-19
WB2401ST2021028711,2021-10-01
WB2401ST2021046087,2021-12-29
WB2401ST2021039764,2021-12-12
WB2401ST2022002430,2022-01-14
WB2401ST2021019504,2021-09-21
WB2401ST2021017704,2021-09-18
WB2401ST2021046372,2021-12-30
WB2401ST2021028016,2021-09-30
WB2401ST2021034205,2021-10-17
WB2401ST2021032997,2021-10-11
WB2401ST2021015718,2021-09-16
WB2401ST2021020744,2021-09-22
WB2401ST2023005579,2023-04-06
WB2401ST2021025608,2021-09-27
WB2401ST2021022769,2021-09-24
WB2401ST2021024422,2021-09-26
WB2401ST2021037983,2021-12-05
WB2401ST2021038417,2021-12-06
WB2401ST2021033948,2021-10-13
WB2401ST2022004982,2022-01-20
WB2401ST2021023139,2021-09-25
WB2401ST2021024493,2021-09-26
WB2401ST2021021674,2021-09-23
WB2401ST2021038919,2021-12-11
WB2401ST2021019349,2021-09-20
WB2401ST2021024640,2021-09-26
WB2401ST2021030883,2021-10-05
WB2401ST2022004284,2022-01-18
WB2401ST2021015609,2021-09-16
WB2401ST2021029669,2021-10-02
WB2401ST2022000950,2022-01-12
WB2401ST2021023099,2021-09-25
WB2401ST2021036918,2021-11-20
WB2401ST2022002152,2022-01-13
WB2401ST2021041719,2021-12-18
WB2401ST2021033209,2021-10-11
WB2401ST2021046429,2021-12-30
WB2401ST2021040875,2021-12-17
WB2401ST2021027925,2021-09-30
WB2401ST2021019481,2021-09-21
WB2401ST2022005418,2022-01-22
WB2401ST2022022148,2022-06-25
WB2401ST2022020278,2022-06-22
WB2401ST2022005097,2022-01-20
WB2401ST2021021691,2021-09-23
WB2401ST2021012814,2021-09-10
WB2401ST2023004075,2023-03-19
WB2401ST2021016780,2021-09-16
WB2401ST2022005508,2022-01-22
WB2401ST2022001830,2022-01-13
WB2401ST2021013870,2021-09-13
WB2401ST2021026012,2021-09-28
WB2401ST2021021559,2021-09-23
WB2401ST2023027491,2023-06-04
WB2401ST2021025427,2021-09-27
WB2401ST2021025263,2021-09-27
WB2401ST2021036064,2021-11-16
WB2401ST2022001908,2022-01-13
WB2401ST2021014560,2021-09-14
WB2401ST2021027827,2021-09-30
WB2401ST2021039717,2021-12-12
WB2401ST2021036948,2021-11-20
WB2401ST2021032355,2021-10-09
WB2401ST2021032043,2021-10-06
WB2401ST2021021288,2021-09-23
WB2401ST2022006389,2022-02-04
WB2401ST2021031408,2021-10-05
WB2401ST2021021081,2021-09-23
WB2401ST2021015770,2021-09-16
WB2401ST2023030870,2023-06-06
WB2401ST2022003263,2022-01-14
WB2401ST2022000409,2022-01-05
WB2401ST2023039455,2023-06-28
WB2401ST2021027379,2021-09-29
WB2401ST2022026355,2022-08-21
WB2401ST2021032252,2021-10-09
WB2401ST2021031841,2021-10-05
WB2401ST2022001217,2022-01-12
WB2401ST2021021192,2021-09-23
WB2401ST2021040238,2021-12-16
WB2401ST2021027338,2021-09-29
WB2401ST2022000581,2022-01-05
WB2401ST2021031607,2021-10-05
WB2401ST2021016642,2021-09-16
WB2401ST2021027887,2021-09-30
WB2401ST2021028166,2021-09-30
WB2401ST2021024676,2021-09-26
WB2401ST2022017546,2022-06-03
WB2401ST2021018127,2021-09-19
WB2401ST2021017805,2021-09-18
WB2401ST2021037672,2021-11-26
WB2401ST2022002898,2022-01-14
WB2401ST2021038540,2021-12-06
WB2401ST2022002653,2022-01-14
WB2401ST2022005615,2022-01-22
WB2401ST2021037778,2021-11-30
WB2401ST2021015418,2021-09-15
WB2401ST2021020614,2021-09-22
WB2401ST2021035519,2021-11-15
WB2401ST2023067280,2023-08-06
WB2401ST2022007737,2022-02-13
WB2401ST2021024738,2021-09-26
WB2401ST2021026472,2021-09-28
WB2401ST2021036917,2021-11-20
WB2401ST2021027860,2021-09-30
WB2401ST2021034468,2021-10-28
WB2401ST2021044734,2021-12-23
WB2401ST2021037319,2021-11-21
WB2401ST2025003414,2025-12-09
WB2401ST2021021362,2021-09-23
WB2401ST2021037984,2021-12-05
WB2401ST2021045064,2021-12-24
WB2401ST2021023025,2021-09-25
WB2401ST2021046460,2021-12-30
WB2401ST2021025818,2021-09-28
WB2401ST2022015357,2022-04-28
WB2401ST2022018414,2022-06-17
WB2401ST2021041177,2021-12-18
WB2401ST2023067279,2023-08-06
WB2401ST2021023102,2021-09-25
WB2401ST2021015606,2021-09-16
WB2401ST2022026356,2022-08-21
WB2401ST2021018054,2021-09-19
WB2401ST2022005835,2022-01-26
WB2401ST2021020354,2021-09-21
WB2401ST2021023562,2021-09-25
WB2401ST2021015807,2021-09-16
WB2401ST2022006775,2022-02-09
WB2401ST2021022542,2021-09-24
WB2401ST2021022864,2021-09-24
WB2401ST2021020030,2021-09-21
WB2401ST2021022136,2021-09-24
WB2401ST2021040833,2021-12-17
WB2401ST2021045914,2021-12-29
WB2401ST2022027108,2022-08-23
WB2401ST2021041218,2021-12-18
WB2401ST2021024620,2021-09-26
WB2401ST2021030598,2021-10-05
WB2401ST2022022273,2022-06-25
WB2401ST2021019233,2021-09-20
WB2401ST2021047312,2021-12-31
WB2401ST2021044943,2021-12-24
WB2401ST2023019130,2023-05-31
WB2401ST2021016764,2021-09-16
WB2401ST2021018450,2021-09-20
WB2401ST2021027781,2021-09-30
WB2401ST2021037479,2021-11-21
WB2401ST2021023098,2021-09-25
WB2401ST2021015317,2021-09-15
WB2401ST2021034485,2021-10-28
WB2401ST2021045507,2021-12-28
WB2401ST2021037343,2021-11-21
WB2401ST2021013878,2021-09-13
WB2401ST2022002063,2022-01-13
WB2401ST2021021519,2021-09-23
WB2401ST2022020800,2022-06-23
WB2401ST2022004345,2022-01-19
WB2401ST2021032255,2021-10-09
WB2401ST2021046382,2021-12-30
WB2401ST2021025973,2021-09-28
WB2401ST2021034115,2021-10-13
WB2401ST2021033072,2021-10-11
WB2401ST2022001168,2022-01-12
WB2401ST2022002416,2022-01-14
WB2401ST2022001785,2022-01-13
WB2401ST2021044742,2021-12-23
WB2401ST2021044779,2021-12-23
WB2401ST2021016529,2021-09-16
WB2401ST2021017832,2021-09-18
WB2401ST2021026579,2021-09-28
WB2401ST2021046351,2021-12-30
WB2401ST2021013984,2021-09-13
WB2401ST2021023539,2021-09-25
WB2401ST2022006385,2022-02-04
WB2401ST2021041061,2021-12-17
WB2401ST2021027170,2021-09-29
WB2401ST2023032051,2023-06-07
WB2401ST2021026004,2021-09-28
WB2401ST2021042098,2021-12-18
WB2401ST2021020237,2021-09-21
WB2401ST2021033176,2021-10-11
WB2401ST2022028359,2022-08-29
WB2401ST2021024702,2021-09-26
WB2401ST2023055511,2023-08-04
WB2401ST2021045904,2021-12-29
WB2401ST2021024662,2021-09-26
WB2401ST2022028358,2022-08-29
WB2401ST2021046078,2021-12-29
WB2401ST2021028131,2021-09-30
WB2401ST2021014816,2021-09-14
WB2401ST2021032531,2021-10-09
WB2401ST2021040973,2021-12-17
WB2401ST2022004450,2022-01-19
WB2401ST2022005235,2022-01-22
WB2401ST2021032388,2021-10-09
WB2401ST2022004921,2022-01-20
WB2401ST2021037758,2021-11-30
WB2401ST2021027449,2021-09-29
WB2401ST2021027691,2021-09-30
WB2401ST2021028563,2021-10-01
WB2401ST2022021838,2022-06-24
WB2401ST2022003531,2022-01-15
WB2401ST2021021555,2021-09-23
WB2401ST2021030506,2021-10-05
WB2401ST2021020664,2021-09-22
WB2401ST2021042738,2021-12-18
WB2401ST2022004693,2022-01-19
WB2401ST2021037894,2021-11-30
WB2401ST2021028469,2021-10-01
WB2401ST2021024381,2021-09-26
WB2401ST2021017797,2021-09-18
WB2401ST2021031425,2021-10-05
WB2401ST2021017327,2021-09-18
WB2401ST2022006341,2022-02-04
WB2401ST2021019711,2021-09-21
WB2401ST2021022111,2021-09-24
WB2401ST2021034114,2021-10-13
WB2401ST2021029885,2021-10-02
WB2401ST2021036905,2021-11-20
WB2401ST2021029911,2021-10-02
WB2401ST2021019964,2021-09-21
WB2401ST2021033945,2021-10-13
WB2401ST2021045703,2021-12-28
WB2401ST2021026449,2021-09-28
WB2401ST2021026364,2021-09-28
WB2401ST2023002975,2023-02-03
WB2401ST2021038588,2021-12-07
WB2401ST2021046378,2021-12-30
WB2401ST2021019122,2021-09-20
WB2401ST2021032316,2021-10-09
WB2401ST2021030031,2021-10-05
WB2401ST2021019237,2021-09-20
WB2401ST2021017779,2021-09-18
WB2401ST2021022092,2021-09-24
WB2401ST2021022884,2021-09-24
WB2401ST2022007830,2022-03-06
WB2401ST2022003269,2022-01-14
WB2401ST2021032029,2021-10-06
WB2401ST2021030562,2021-10-05
WB2401ST2021046440,2021-12-30
WB2401ST2021030124,2021-10-05
WB2401ST2021029553,2021-10-02
WB2401ST2021023967,2021-09-26
WB2401ST2021039746,2021-12-12
WB2401ST2021043733,2021-12-19
WB2401ST2022005052,2022-01-20
WB2401ST2021018684,2021-09-20
WB2401ST2023008777,2023-05-21
WB2401ST2021033890,2021-10-13
WB2401ST2021032558,2021-10-09
WB2401ST2022014856,2022-03-20
WB2401ST2021020680,2021-09-22
WB2401ST2021026383,2021-09-28
WB2401ST2021022634,2021-09-24
WB2401ST2023011951,2023-05-28
WB2401ST2021031230,2021-10-05
WB2401ST2021018881,2021-09-20
WB2401ST2022004344,2022-01-19
WB2401ST2022014123,2022-03-20
WB2401ST2021038414,2021-12-06
WB2401ST2023003533,2023-02-15
WB2401ST2023012242,2023-05-28
WB2401ST2021028729,2021-10-01
WB2401ST2021021178,2021-09-23
WB2401ST2021026955,2021-09-29
WB2401ST2021039724,2021-12-12
WB2401ST2021045524,2021-12-28
WB2401ST2021031194,2021-10-05
WB2401ST2021027123,2021-09-29
WB2401ST2021026301,2021-09-28
WB2401ST2021031782,2021-10-05
WB2401ST2021032757,2021-10-09
WB2401ST2021046702,2021-12-31
WB2401ST2021043789,2021-12-19
WB2401ST2021021235,2021-09-23
WB2401ST2021024166,2021-09-26
WB2401ST2022010774,2022-03-11
WB2401ST2021035548,2021-11-15
WB2401ST2023006826,2023-04-15
WB2401ST2021025104,2021-09-27
WB2401ST2022000314,2022-01-05
WB2401ST2021017706,2021-09-18
WB2401ST2021039707,2021-12-12
WB2401ST2022024678,2022-07-15
WB2401ST2022006767,2022-02-09
WB2401ST2023012312,2023-05-28
WB2401ST2021033078,2021-10-11
WB2401ST2022004343,2022-01-19
WB2401ST2021019685,2021-09-21
WB2401ST2022014917,2022-03-20
WB2401ST2022006394,2022-02-04
WB2401ST2021023650,2021-09-25
WB2401ST2021027189,2021-09-29
WB2401ST2021016166,2021-09-16
WB2401ST2021038326,2021-12-06
WB2401ST2021018549,2021-09-20
WB2401ST2021037724,2021-11-30
WB2401ST2022019051,2022-06-20
WB2401ST2022013216,2022-03-17
WB2401ST2021023303,2021-09-25
WB2401ST2022001838,2022-01-13
WB2401ST2021037541,2021-11-26
WB2401ST2021021135,2021-09-23
WB2401ST2022028351,2022-08-29
WB2401ST2021022863,2021-09-24
WB2401ST2022012451,2022-03-15
WB2401ST2023064279,2023-08-06
WB2401ST2021026631,2021-09-28
WB2401ST2021027724,2021-09-30
WB2401ST2021026610,2021-09-28
WB2401ST2021019632,2021-09-21
WB2401ST2023008771,2023-05-21
WB2401ST2021026611,2021-09-28
WB2401ST2021019509,2021-09-21
WB2401ST2021019571,2021-09-21
WB2401ST2021028678,2021-10-01
WB2401ST2021016882,2021-09-16
WB2401ST2022027101,2022-08-23
WB2401ST2022000118,2022-01-02
WB2401ST2021021126,2021-09-23
WB2401ST2021029232,2021-10-01
WB2401ST2022016653,2022-05-30
WB2401ST2021015685,2021-09-16
WB2401ST2021021071,2021-09-23
WB2401ST2021024362,2021-09-26
WB2401ST2021026823,2021-09-29
WB2401ST2021015772,2021-09-16
WB2401ST2021033634,2021-10-11
WB2401ST2021030488,2021-10-05
WB2401ST2021015663,2021-09-16
WB2401ST2022003199,2022-01-14
WB2401ST2023013460,2023-05-28
WB2401ST2021039697,2021-12-12
WB2401ST2022024353,2022-07-13
WB2401ST2021046580,2021-12-30
WB2401ST2021028484,2021-10-01
WB2401ST2021027073,2021-09-29
WB2401ST2022000741,2022-01-12
WB2401ST2021039015,2021-12-11
WB2401ST2021036481,2021-11-19
WB2401ST2022022101,2022-06-25
WB2401ST2021017414,2021-09-18
WB2401ST2021022616,2021-09-24
WB2401ST2022019400,2022-06-21
WB2401ST2021043823,2021-12-19
WB2401ST2021016182,2021-09-16
WB2401ST2021026667,2021-09-28
WB2401ST2021043930,2021-12-19
WB2401ST2021021796,2021-09-23
WB2401ST2021023480,2021-09-25
WB2401ST2021030487,2021-10-05
WB2401ST2021017689,2021-09-18
WB2401ST2021025889,2021-09-28
WB2401ST2021023555,2021-09-25
WB2401ST2021021084,2021-09-23
WB2401ST2023008781,2023-05-21
WB2401ST2021039961,2021-12-13
WB2401ST2021018495,2021-09-20
WB2401ST2021029315,2021-10-01
WB2401ST2021038279,2021-12-06
WB2401ST2021036822,2021-11-20
WB2401ST2022006804,2022-02-10
WB2401ST2021023721,2021-09-25
WB2401ST2021016032,2021-09-16
WB2401ST2021015336,2021-09-15
WB2401ST2021021270,2021-09-23
WB2401ST2022005115,2022-01-22
WB2401ST2022000641,2022-01-05
WB2401ST2021013467,2021-09-12
WB2401ST2022006127,2022-01-26
WB2401ST2021033226,2021-10-11
WB2401ST2021023989,2021-09-26
WB2401ST2022014235,2022-03-20
WB2401ST2021029533,2021-10-02
WB2401ST2021037677,2021-11-26
WB2401ST2023002394,2023-01-20
WB2401ST2021034124,2021-10-13
WB2401ST2022027364,2022-08-24
WB2401ST2021027943,2021-09-30
WB2401ST2022005423,2022-01-22
WB2401ST2021027097,2021-09-29
WB2401ST2022006779,2022-02-09
WB2401ST2021038449,2021-12-06
WB2401ST2022003264,2022-01-14
WB2401ST2023015712,2023-05-29
WB2401ST2021042242,2021-12-18
WB2401ST2022002183,2022-01-13
WB2401ST2021042714,2021-12-18
WB2401ST2021023689,2021-09-25
WB2401ST2022002359,2022-01-14
WB2401ST2021043476,2021-12-19
WB2401ST2022015614,2022-05-06
WB2401ST2021018460,2021-09-20
WB2401ST2021036184,2021-11-19
WB2401ST2021017641,2021-09-18
WB2401ST2021020638,2021-09-22
WB2401ST2024001942,2024-10-30
WB2401ST2021018716,2021-09-20
WB2401ST2021045880,2021-12-29
WB2401ST2022005740,2022-01-23
WB2401ST2021023393,2021-09-25
WB2401ST2021039283,2021-12-11
WB2401ST2021037890,2021-11-30
WB2401ST2021029531,2021-10-02
WB2401ST2021043656,2021-12-19
WB2401ST2021025560,2021-09-27
WB2401ST2021013483,2021-09-12
WB2401ST2021031305,2021-10-05
WB2401ST2021020912,2021-09-22
WB2401ST2021043788,2021-12-19
WB2401ST2022029189,2022-09-17
WB2401ST2021039464,2021-12-12
WB2401ST2021011678,2021-09-09
WB2401ST2022027362,2022-08-24
WB2401ST2021018233,2021-09-19
WB2401ST2021018591,2021-09-20
WB2401ST2021019566,2021-09-21
WB2401ST2023012666,2023-05-28
WB2401ST2021027850,2021-09-30
WB2401ST2021039679,2021-12-12
WB2401ST2021046428,2021-12-30
WB2401ST2022022413,2022-06-25
WB2401ST2021028481,2021-10-01
WB2401ST2021040750,2021-12-17
WB2401ST2022000698,2022-01-05
WB2401ST2021029839,2021-10-02
WB2401ST2022005997,2022-01-26
WB2401ST2021046106,2021-12-29
WB2401ST2021029345,2021-10-01
WB2401ST2021045112,2021-12-24
WB2401ST2021025556,2021-09-27
WB2401ST2022006467,2022-02-08
WB2401ST2022033606,2022-11-22
WB2401ST2021025029,2021-09-27
WB2401ST2022037660,2022-12-30
WB2401ST2021044817,2021-12-23
WB2401ST2021033769,2021-10-12
WB2401ST2021047184,2021-12-31
WB2401ST2021023990,2021-09-26
WB2401ST2021037676,2021-11-26
WB2401ST2022005891,2022-01-26
WB2401ST2021026485,2021-09-28
WB2401ST2021014512,2021-09-14
WB2401ST2022000471,2022-01-05
WB2401ST2021026976,2021-09-29
WB2401ST2022003505,2022-01-15
WB2401ST2021044230,2021-12-19
WB2401ST2021030337,2021-10-05
WB2401ST2021029829,2021-10-02
WB2401ST2021019615,2021-09-21
WB2401ST2023014119,2023-05-28
WB2401ST2021014517,2021-09-14
WB2401ST2022000644,2022-01-05
WB2401ST2021022125,2021-09-24
WB2401ST2021016040,2021-09-16
WB2401ST2021026456,2021-09-28
WB2401ST2022000568,2022-01-05
WB2401ST2021016985,2021-09-16
WB2401ST2021022638,2021-09-24
WB2401ST2022023352,2022-06-29
WB2401ST2022016043,2022-05-17
WB2401ST2021036582,2021-11-19
WB2401ST2021038726,2021-12-08
WB2401ST2021029840,2021-10-02
WB2401ST2021022095,2021-09-24
WB2401ST2021026502,2021-09-28
WB2401ST2021041227,2021-12-18
WB2401ST2021039170,2021-12-11
WB2401ST2021025752,2021-09-28
WB2401ST2022003409,2022-01-14
WB2401ST2021045105,2021-12-24
WB2401ST2021045273,2021-12-28
WB2401ST2021022075,2021-09-24
WB2401ST2021029297,2021-10-01
WB2401ST2021021795,2021-09-23
WB2401ST2021036510,2021-11-19
WB2401ST2021027936,2021-09-30
WB2401ST2021017843,2021-09-18
WB2401ST2022001977,2022-01-13
WB2401ST2024001384,2024-08-21
WB2401ST2021036532,2021-11-19
WB2401ST2021030781,2021-10-05
WB2401ST2022002927,2022-01-14
WB2401ST2021027239,2021-09-29
WB2401ST2021018943,2021-09-20
WB2401ST2021028043,2021-09-30
WB2401ST2021030504,2021-10-05
WB2401ST2024001958,2024-10-30
WB2401ST2022001712,2022-01-13
WB2401ST2021013469,2021-09-12
WB2401ST2021043101,2021-12-19
WB2401ST2021044158,2021-12-19
WB2401ST2021025741,2021-09-28
WB2401ST2021012707,2021-09-10
WB2401ST2022020851,2022-06-23
WB2401ST2022007654,2022-02-13
WB2401ST2021021132,2021-09-23
WB2401ST2021040231,2021-12-16
WB2401ST2021018325,2021-09-19
WB2401ST2021036871,2021-11-20
WB2401ST2021015307,2021-09-15
WB2401ST2021046100,2021-12-29
WB2401ST2021021070,2021-09-23
WB2401ST2021034617,2021-10-30
WB2401ST2021034395,2021-10-28
WB2401ST2022001988,2022-01-13
WB2401ST2021032057,2021-10-06
WB2401ST2021018978,2021-09-20
WB2401ST2021034975,2021-10-30
WB2401ST2021037911,2021-11-30
WB2401ST2022002303,2022-01-14
WB2401ST2022012424,2022-03-15
WB2401ST2022002724,2022-01-14
WB2401ST2021019253,2021-09-20
WB2401ST2022022369,2022-06-25
WB2401ST2021032576,2021-10-09
WB2401ST2021025621,2021-09-27
WB2401ST2022014409,2022-03-20
WB2401ST2021024027,2021-09-26
WB2401ST2021015319,2021-09-15
WB2401ST2021034979,2021-10-30
WB2401ST2021012703,2021-09-10
WB2401ST2021019606,2021-09-21
WB2401ST2021035411,2021-11-15
WB2401ST2021023986,2021-09-26
WB2401ST2022000453,2022-01-05
WB2401ST2021046121,2021-12-29
WB2401ST2022019693,2022-06-21
WB2401ST2021034969,2021-10-30
WB2401ST2022009388,2022-03-10
WB2401ST2021046150,2021-12-29
WB2401ST2021026508,2021-09-28
WB2401ST2021012730,2021-09-10
WB2401ST2021022883,2021-09-24
WB2401ST2022019954,2022-06-21
WB2401ST2021015778,2021-09-16
WB2401ST2021022099,2021-09-24
WB2401ST2021043572,2021-12-19
WB2401ST2021037520,2021-11-26
WB2401ST2022005745,2022-01-23
WB2401ST2021022909,2021-09-24
WB2401ST2021021160,2021-09-23
WB2401ST2021028491,2021-10-01
WB2401ST2022006823,2022-02-10
WB2401ST2021016903,2021-09-16
WB2401ST2021020777,2021-09-22
WB2401ST2021038736,2021-12-08
WB2401ST2021023396,2021-09-25
WB2401ST2021043483,2021-12-19
WB2401ST2022000625,2022-01-05
WB2401ST2022017650,2022-06-07
WB2401ST2021036564,2021-11-19
WB2401ST2021020600,2021-09-22
WB2401ST2021017060,2021-09-16
WB2401ST2021024028,2021-09-26
WB2401ST2021017825,2021-09-18
WB2401ST2022004890,2022-01-20
WB2401ST2021025030,2021-09-27
WB2401ST2021019529,2021-09-21
WB2401ST2021017747,2021-09-18
WB2401ST2021019742,2021-09-21
WB2401ST2021029131,2021-10-01
WB2401ST2021020756,2021-09-22
WB2401ST2024002009,2024-11-18
WB2401ST2022031407,2022-10-28
WB2401ST2023004429,2023-03-31
WB2401ST2021014256,2021-09-14
WB2401ST2021016993,2021-09-16
WB2401ST2023012002,2023-05-28
WB2401ST2021023877,2021-09-26
WB2401ST2021034623,2021-10-30
WB2401ST2022007553,2022-02-13
WB2401ST2023006228,2023-04-11
WB2401ST2021024546,2021-09-26
WB2401ST2021027445,2021-09-29
WB2401ST2021016510,2021-09-16
WB2401ST2021039774,2021-12-12
WB2401ST2021024948,2021-09-27
WB2401ST2021014203,2021-09-14
WB2401ST2021042802,2021-12-18
WB2401ST2021028005,2021-09-30
WB2401ST2022020204,2022-06-22
WB2401ST2022005237,2022-01-22
WB2401ST2021018657,2021-09-20
WB2401ST2022000735,2022-01-12
WB2401ST2021016039,2021-09-16
WB2401ST2021022813,2021-09-24
WB2401ST2022009326,2022-03-10
WB2401ST2021020050,2021-09-21
WB2401ST2022015608,2022-05-06
WB2401ST2021020761,2021-09-22
WB2401ST2021017430,2021-09-18
WB2401ST2021014205,2021-09-14
WB2401ST2021035770,2021-11-15
WB2401ST2022006297,2022-02-04
WB2401ST2023014632,2023-05-29
WB2401ST2021040271,2021-12-16
WB2401ST2021011482,2021-09-07
WB2401ST2021021763,2021-09-23
WB2401ST2021033791,2021-10-12
WB2401ST2021037030,2021-11-20
WB2401ST2022002812,2022-01-14
WB2401ST2021025820,2021-09-28
WB2401ST2021030206,2021-10-05
WB2401ST2021019713,2021-09-21
WB2401ST2021034840,2021-10-30
WB2401ST2022007437,2022-02-13
WB2401ST2021037830,2021-11-30
WB2401ST2021025609,2021-09-27
WB2401ST2021015341,2021-09-15
WB2401ST2021034988,2021-10-30
WB2401ST2021045675,2021-12-28
WB2401ST2021038394,2021-12-06
WB2401ST2023003628,2023-03-03
WB2401ST2023053894,2023-08-04
WB2401ST2021011682,2021-09-09
WB2401ST2021036440,2021-11-19
WB2401ST2021017497,2021-09-18
WB2401ST2021043574,2021-12-19
WB2401ST2022008162,2022-03-06
WB2401ST2021016746,2021-09-16
WB2401ST2023010021,2023-05-24
WB2401ST2021046108,2021-12-29
WB2401ST2021023943,2021-09-26
WB2401ST2021022669,2021-09-24
WB2401ST2021020750,2021-09-22
WB2401ST2021026313,2021-09-28
WB2401ST2022026178,2022-08-21
WB2401ST2021046524,2021-12-30
WB2401ST2021020575,2021-09-22
WB2401ST2021029212,2021-10-01
WB2401ST2021037757,2021-11-30
WB2401ST2021022138,2021-09-24
WB2401ST2021046425,2021-12-30
WB2401ST2021040230,2021-12-16
WB2401ST2021041464,2021-12-18
WB2401ST2022019940,2022-06-21
WB2401ST2022006588,2022-02-09
WB2401ST2021032906,2021-10-11
WB2401ST2021041733,2021-12-18
WB2401ST2021016967,2021-09-16
WB2401ST2022006766,2022-02-09
WB2401ST2021023309,2021-09-25
WB2401ST2021043582,2021-12-19
WB2401ST2021027080,2021-09-29
WB2401ST2025001690,2025-04-16
WB2401ST2023019453,2023-05-31
WB2401ST2021011484,2021-09-07
WB2401ST2021039895,2021-12-13
WB2401ST2021024477,2021-09-26
WB2401ST2021020940,2021-09-22
WB2401ST2021043469,2021-12-19
WB2401ST2022020283,2022-06-22
WB2401ST2021030987,2021-10-05
WB2401ST2021045754,2021-12-29
WB2401ST2021026759,2021-09-28
WB2401ST2022000355,2022-01-05
WB2401ST2021023662,2021-09-25
WB2401ST2021016427,2021-09-16
WB2401ST2022002127,2022-01-13
WB2401ST2022003052,2022-01-14
WB2401ST2021018999,2021-09-20
WB2401ST2021014526,2021-09-14
WB2401ST2021018592,2021-09-20
WB2401ST2021017393,2021-09-18
WB2401ST2021042218,2021-12-18
WB2401ST2021032589,2021-10-09
WB2401ST2022030056,2022-09-21
WB2401ST2021033360,2021-10-11
WB2401ST2021023059,2021-09-25
WB2401ST2021020689,2021-09-22
WB2401ST2021023788,2021-09-25
WB2401ST2022024672,2022-07-15
WB2401ST2022031299,2022-10-01
WB2401ST2022000736,2022-01-12
WB2401ST2021020921,2021-09-22
WB2401ST2022014853,2022-03-20
WB2401ST2023004311,2023-03-31
WB2401ST2021022109,2021-09-24
WB2401ST2021021105,2021-09-23
WB2401ST2021028995,2021-10-01
WB2401ST2021020451,2021-09-21
WB2401ST2022006298,2022-02-04
WB2401ST2021020095,2021-09-21
WB2401ST2021046146,2021-12-29
WB2401ST2021016839,2021-09-16
WB2401ST2021046901,2021-12-31
WB2401ST2021020288,2021-09-21
WB2401ST2021016482,2021-09-16
WB2401ST2021036829,2021-11-20
WB2401ST2021016425,2021-09-16
WB2401ST2021018875,2021-09-20
WB2401ST2021019556,2021-09-21
WB2401ST2022022808,2022-06-27
WB2401ST2021018225,2021-09-19
WB2401ST2023022528,2023-06-01
WB2401ST2021018449,2021-09-20
WB2401ST2022020650,2022-06-22
WB2401ST2022015392,2022-05-06
WB2401ST2022023877,2022-07-05
WB2401ST2021046437,2021-12-30
WB2401ST2021027836,2021-09-30
WB2401ST2021021370,2021-09-23
WB2401ST2021039347,2021-12-11
WB2401ST2021033768,2021-10-12
WB2401ST2021044078,2021-12-19
WB2401ST2021034758,2021-10-30
WB2401ST2022020231,2022-06-22
WB2401ST2021016989,2021-09-16
WB2401ST2022006838,2022-02-10
WB2401ST2022008194,2022-03-06
WB2401ST2023005006,2023-03-31
WB2401ST2021031000,2021-10-05
WB2401ST2025001512,2025-03-13
WB2401ST2021015733,2021-09-16
WB2401ST2021037898,2021-11-30
WB2401ST2021015310,2021-09-15
WB2401ST2021026780,2021-09-28
WB2401ST2022016462,2022-05-26
WB2401ST2021043697,2021-12-19
WB2401ST2023008785,2023-05-21
WB2401ST2021026638,2021-09-28
WB2401ST2021046513,2021-12-30
WB2401ST2021017844,2021-09-18
WB2401ST2021030540,2021-10-05
WB2401ST2022001177,2022-01-12
WB2401ST2021045185,2021-12-27
WB2401ST2021019058,2021-09-20
WB2401ST2021046457,2021-12-30
WB2401ST2021023705,2021-09-25
WB2401ST2021018928,2021-09-20
WB2401ST2021036978,2021-11-20
WB2401ST2022024637,2022-07-15
WB2401ST2021016884,2021-09-16
WB2401ST2021036559,2021-11-19
WB2401ST2021046130,2021-12-29
WB2401ST2021026803,2021-09-28
WB2401ST2022021832,2022-06-24
WB2401ST2021012721,2021-09-10
WB2401ST2021047195,2021-12-31
WB2401ST2023039459,2023-06-28
WB2401ST2022008604,2022-03-06
WB2401ST2021040427,2021-12-17
WB2401ST2021020605,2021-09-22
WB2401ST2021045402,2021-12-28
WB2401ST2021031874,2021-10-06
WB2401ST2021023541,2021-09-25
WB2401ST2022020208,2022-06-22
WB2401ST2021017167,2021-09-16
WB2401ST2023025611,2023-06-03
WB2401ST2022008369,2022-03-06
WB2401ST2021016800,2021-09-16
WB2401ST2022000605,2022-01-05
WB2401ST2022022564,2022-06-25
WB2401ST2021021078,2021-09-23
WB2401ST2023020828,2023-05-31
WB2401ST2021023378,2021-09-25
WB2401ST2021043494,2021-12-19
WB2401ST2021038958,2021-12-11
WB2401ST2021039778,2021-12-12
WB2401ST2021025326,2021-09-27
WB2401ST2021019694,2021-09-21
WB2401ST2021038581,2021-12-07
WB2401ST2021024494,2021-09-26
WB2401ST2021014211,2021-09-14
WB2401ST2021033112,2021-10-11
WB2401ST2021034746,2021-10-30
WB2401ST2021046480,2021-12-30
WB2401ST2021014208,2021-09-14
WB2401ST2021017826,2021-09-18
WB2401ST2021035603,2021-11-15
WB2401ST2021033416,2021-10-11
WB2401ST2021039652,2021-12-12
WB2401ST2021046488,2021-12-30
WB2401ST2023072696,2023-08-28
WB2401ST2021037584,2021-11-26
WB2401ST2022023351,2022-06-29
WB2401ST2021032687,2021-10-09
WB2401ST2021041518,2021-12-18
WB2401ST2022000985,2022-01-12
WB2401ST2021015667,2021-09-16
WB2401ST2022005757,2022-01-23
WB2401ST2024002002,2024-11-18
WB2401ST2021039780,2021-12-12
WB2401ST2021037949,2021-12-04
WB2401ST2022003734,2022-01-15
WB2401ST2021033459,2021-10-11
WB2401ST2021017153,2021-09-16
WB2401ST2021024507,2021-09-26
WB2401ST2021033972,2021-10-13
WB2401ST2021025540,2021-09-27
WB2401ST2021045525,2021-12-28
WB2401ST2022014918,2022-03-20
WB2401ST2021037545,2021-11-26
WB2401ST2021019826,2021-09-21
WB2401ST2021017131,2021-09-16
WB2401ST2022006837,2022-02-10
WB2401ST2021028777,2021-10-01
WB2401ST2021018300,2021-09-19
WB2401ST2021020048,2021-09-21
WB2401ST2021043136,2021-12-19
WB2401ST2021016188,2021-09-16
WB2401ST2022018438,2022-06-17
WB2401ST2021026802,2021-09-28
WB2401ST2021027964,2021-09-30
WB2401ST2021021058,2021-09-23
WB2401ST2022015535,2022-05-06
WB2401ST2021020980,2021-09-22
WB2401ST2021031114,2021-10-05
WB2401ST2022012414,2022-03-15
WB2401ST2021016627,2021-09-16
WB2401ST2022002181,2022-01-13
WB2401ST2021039180,2021-12-11
WB2401ST2021016376,2021-09-16
WB2401ST2021039779,2021-12-12
WB2401ST2021017824,2021-09-18
WB2401ST2022024551,2022-07-15
WB2401ST2022018604,2022-06-17
WB2401ST2023005095,2023-03-31
WB2401ST2021027835,2021-09-30
WB2401ST2023015753,2023-05-29
WB2401ST2021044876,2021-12-24
WB2401ST2023010324,2023-05-25
WB2401ST2021017122,2021-09-16
WB2401ST2022003348,2022-01-14
WB2401ST2021015811,2021-09-16
WB2401ST2022028264,2022-08-29
WB2401ST2021042243,2021-12-18
WB2401ST2023032058,2023-06-07
WB2401ST2021034420,2021-10-28
WB2401ST2021021224,2021-09-23
WB2401ST2021027390,2021-09-29
WB2401ST2021034753,2021-10-30
WB2401ST2021046384,2021-12-30
WB2401ST2021016851,2021-09-16
WB2401ST2021040621,2021-12-17
WB2401ST2021039923,2021-12-13
WB2401ST2022017627,2022-06-07
WB2401ST2021014164,2021-09-14
WB2401ST2021045819,2021-12-29
WB2401ST2021034442,2021-10-28
WB2401ST2021027383,2021-09-29
WB2401ST2021018665,2021-09-20
WB2401ST2022007957,2022-03-06
WB2401ST2021033186,2021-10-11
WB2401ST2022002765,2022-01-14
WB2401ST2022023311,2022-06-29
WB2401ST2021043296,2021-12-19
WB2401ST2021028757,2021-10-01
WB2401ST2021028915,2021-10-01
WB2401ST2021042492,2021-12-18
WB2401ST2021014602,2021-09-14
WB2401ST2021036274,2021-11-19
WB2401ST2022028729,2022-08-31
WB2401ST2021037542,2021-11-26
WB2401ST2021023253,2021-09-25
WB2401ST2022024136,2022-07-12
WB2401ST2021018802,2021-09-20
WB2401ST2021040938,2021-12-17
WB2401ST2022004331,2022-01-19
WB2401ST2021017059,2021-09-16
WB2401ST2021044522,2021-12-22
WB2401ST2021014520,2021-09-14
WB2401ST2021016781,2021-09-16
WB2401ST2021045665,2021-12-28
WB2401ST2022021812,2022-06-24
WB2401ST2021029834,2021-10-02
WB2401ST2022013316,2022-03-17
WB2401ST2021019700,2021-09-21
WB2401ST2021026551,2021-09-28
WB2401ST2022026918,2022-08-23
WB2401ST2021036535,2021-11-19
WB2401ST2023008536,2023-05-16
WB2401ST2021031796,2021-10-05
WB2401ST2022000878,2022-01-12
WB2401ST2021045692,2021-12-28
WB2401ST2021011504,2021-09-07
WB2401ST2021013019,2021-09-12
WB2401ST2022001306,2022-01-12
WB2401ST2021011478,2021-09-07
WB2401ST2021016646,2021-09-16
WB2401ST2021034703,2021-10-30
WB2401ST2021038946,2021-12-11
WB2401ST2021035566,2021-11-15
WB2401ST2021029715,2021-10-02
WB2401ST2021044480,2021-12-22
WB2401ST2022005135,2022-01-22
WB2401ST2022012791,2022-03-17
WB2401ST2022022283,2022-06-25
WB2401ST2021015406,2021-09-15
WB2401ST2021014158,2021-09-14
WB2401ST2021036568,2021-11-19
WB2401ST2023011956,2023-05-28
WB2401ST2021015662,2021-09-16
WB2401ST2022002275,2022-01-13
WB2401ST2021026542,2021-09-28
WB2401ST2021017160,2021-09-16
WB2401ST2021043754,2021-12-19
WB2401ST2021023991,2021-09-26
WB2401ST2022004125,2022-01-18
WB2401ST2021042270,2021-12-18
WB2401ST2022012437,2022-03-15
WB2401ST2022020843,2022-06-23
WB2401ST2022005839,2022-01-26
WB2401ST2021021852,2021-09-24
WB2401ST2021024054,2021-09-26
WB2401ST2023061364,2023-08-05
WB2401ST2021016785,2021-09-16
WB2401ST2021041294,2021-12-18
WB2401ST2022021839,2022-06-24
WB2401ST2021012768,2021-09-10
WB2401ST2021017818,2021-09-18
WB2401ST2022001320,2022-01-12
WB2401ST2023005510,2023-04-06
WB2401ST2021015668,2021-09-16
WB2401ST2022005667,2022-01-22
WB2401ST2022001536,2022-01-12
WB2401ST2021021158,2021-09-23
WB2401ST2021026389,2021-09-28
WB2401ST2021034476,2021-10-28
WB2401ST2023010531,2023-05-26
WB2401ST2021033883,2021-10-13
WB2401ST2021026527,2021-09-28
WB2401ST2022021785,2022-06-24
WB2401ST2021018536,2021-09-20
WB2401ST2021024106,2021-09-26
WB2401ST2021017104,2021-09-16
WB2401ST2021016403,2021-09-16
WB2401ST2022005841,2022-01-26
WB2401ST2021011503,2021-09-07
WB2401ST2022018608,2022-06-17
WB2401ST2021017743,2021-09-18
WB2401ST2021020829,2021-09-22
WB2401ST2021035516,2021-11-15
WB2401ST2022004573,2022-01-19
WB2401ST2021021769,2021-09-23
WB2401ST2021019348,2021-09-20
WB2401ST2021024803,2021-09-26
WB2401ST2021018542,2021-09-20
WB2401ST2022005493,2022-01-22
WB2401ST2021021454,2021-09-23
WB2401ST2022010018,2022-03-10
WB2401ST2022024597,2022-07-15
WB2401ST2021034755,2021-10-30
WB2401ST2021032350,2021-10-09
WB2401ST2021018107,2021-09-19
WB2401ST2021028506,2021-10-01
WB2401ST2021027714,2021-09-30
WB2401ST2021020441,2021-09-21
WB2401ST2021040966,2021-12-17
WB2401ST2021019702,2021-09-21
WB2401ST2022001172,2022-01-12
WB2401ST2021045506,2021-12-28
WB2401ST2022005913,2022-01-26
WB2401ST2021042494,2021-12-18
WB2401ST2021046350,2021-12-30
WB2401ST2021027180,2021-09-29
WB2401ST2022024300,2022-07-13
WB2401ST2022021767,2022-06-24
WB2401ST2021024818,2021-09-27
WB2401ST2021045854,2021-12-29
WB2401ST2022001482,2022-01-12
WB2401ST2021046615,2021-12-31
WB2401ST2021036979,2021-11-20
WB2401ST2022028531,2022-08-30
WB2401ST2022026668,2022-08-23
WB2401ST2022012728,2022-03-16
WB2401ST2021014209,2021-09-14
WB2401ST2022018607,2022-06-17
WB2401ST2022022272,2022-06-25
WB2401ST2022008353,2022-03-06
WB2401ST2021011502,2021-09-07
WB2401ST2021045333,2021-12-28
WB2401ST2022002764,2022-01-14
WB2401ST2021016828,2021-09-16
WB2401ST2021037843,2021-11-30
WB2401ST2021020629,2021-09-22
WB2401ST2022000826,2022-01-12
WB2401ST2022007633,2022-02-13
WB2401ST2021028677,2021-10-01
WB2401ST2022000759,2022-01-12
WB2401ST2021035687,2021-11-15
WB2401ST2021036059,2021-11-16
WB2401ST2021021226,2021-09-23
WB2401ST2021017197,2021-09-16
WB2401ST2021045418,2021-12-28
WB2401ST2024000194,2024-01-16
WB2401ST2022003631,2022-01-15
WB2401ST2021025848,2021-09-28
WB2401ST2022001078,2022-01-12
WB2401ST2021034418,2021-10-28
WB2401ST2022024432,2022-07-14
WB2401ST2021015436,2021-09-15
WB2401ST2021045986,2021-12-29
WB2401ST2021038539,2021-12-06
WB2401ST2022004997,2022-01-20
WB2401ST2021046099,2021-12-29
WB2401ST2022004536,2022-01-19
WB2401ST2021037281,2021-11-21
WB2401ST2021015670,2021-09-16
WB2401ST2021025496,2021-09-27
WB2401ST2023008537,2023-05-16
WB2401ST2021045770,2021-12-29
WB2401ST2021043596,2021-12-19
WB2401ST2022028343,2022-08-29
WB2401ST2021040540,2021-12-17
WB2401ST2022001730,2022-01-13
WB2401ST2021021922,2021-09-24
WB2401ST2021038538,2021-12-06
WB2401ST2021026863,2021-09-29
WB2401ST2021039807,2021-12-12
WB2401ST2021039055,2021-12-11
WB2401ST2022019858,2022-06-21
WB2401ST2021046085,2021-12-29
WB2401ST2023013515,2023-05-28
WB2401ST2021017103,2021-09-16
WB2401ST2021029904,2021-10-02
WB2401ST2023011953,2023-05-28
WB2401ST2021043138,2021-12-19
WB2401ST2021011501,2021-09-07
WB2401ST2021037863,2021-11-30
WB2401ST2022021751,2022-06-24
WB2401ST2023013183,2023-05-28
WB2401ST2021024196,2021-09-26
WB2401ST2023032060,2023-06-07
WB2401ST2022028485,2022-08-30
WB2401ST2022002039,2022-01-13
WB2401ST2021029137,2021-10-01
WB2401ST2022003703,2022-01-15
WB2401ST2022003147,2022-01-14
WB2401ST2022000791,2022-01-12
WB2401ST2023011372,2023-05-27
WB2401ST2021041727,2021-12-18
WB2401ST2023049559,2023-08-03
WB2401ST2021037283,2021-11-21
WB2401ST2021024393,2021-09-26
WB2401ST2022000257,2022-01-05
WB2401ST2021039772,2021-12-12
WB2401ST2021035991,2021-11-16
WB2401ST2021030870,2021-10-05
WB2401ST2021034743,2021-10-30
WB2401ST2021026356,2021-09-28
WB2401ST2021016410,2021-09-16
WB2401ST2021020268,2021-09-21
WB2401ST2022032354,2022-11-11
WB2401ST2022010643,2022-03-11
WB2401ST2021047151,2021-12-31
WB2401ST2021039395,2021-12-11
WB2401ST2022028331,2022-08-29
WB2401ST2021045655,2021-12-28
WB2401ST2021037852,2021-11-30
WB2401ST2023005345,2023-04-05
WB2401ST2021031649,2021-10-05
WB2401ST2022009410,2022-03-10
WB2401ST2023016008,2023-05-29
WB2401ST2021012693,2021-09-10
WB2401ST2021031798,2021-10-05
WB2401ST2021023014,2021-09-25
WB2401ST2021031102,2021-10-05
WB2401ST2022024455,2022-07-15
WB2401ST2021021558,2021-09-23
WB2401ST2021016766,2021-09-16
WB2401ST2021040065,2021-12-16
WB2401ST2021016373,2021-09-16
WB2401ST2021011481,2021-09-07
WB2401ST2021024806,2021-09-26
WB2401ST2022000733,2022-01-12
WB2401ST2021026626,2021-09-28
WB2401ST2021021588,2021-09-23
WB2401ST2021019663,2021-09-21
WB2401ST2022000075,2022-01-02
WB2401ST2021026073,2021-09-28
WB2401ST2021047143,2021-12-31
WB2401ST2021022087,2021-09-24
WB2401ST2021018304,2021-09-19
WB2401ST2021039747,2021-12-12
WB2401ST2023015878,2023-05-29
WB2401ST2022019678,2022-06-21
WB2401ST2022005681,2022-01-22
WB2401ST2021024525,2021-09-26
WB2401ST2022000468,2022-01-05
WB2401ST2021047299,2021-12-31
WB2401ST2023012834,2023-05-28
WB2401ST2021016503,2021-09-16
WB2401ST2023008786,2023-05-21
WB2401ST2021011480,2021-09-07
WB2401ST2021023278,2021-09-25
WB2401ST2021019808,2021-09-21
WB2401ST2021024447,2021-09-26
WB2401ST2021043503,2021-12-19
WB2401ST2022025163,2022-07-30
WB2401ST2022008779,2022-03-07
WB2401ST2021017407,2021-09-18
WB2401ST2021030370,2021-10-05
WB2401ST2022019670,2022-06-21
WB2401ST2021021103,2021-09-23
WB2401ST2021040074,2021-12-16
WB2401ST2022003777,2022-01-15
WB2401ST2021021493,2021-09-23
WB2401ST2023010532,2023-05-26
WB2401ST2021021146,2021-09-23
WB2401ST2021046187,2021-12-29
WB2401ST2022000747,2022-01-12
WB2401ST2021034038,2021-10-13
WB2401ST2022026319,2022-08-21
WB2401ST2021043455,2021-12-19
WB2401ST2021032744,2021-10-09
WB2401ST2021039266,2021-12-11
WB2401ST2022012729,2022-03-16
WB2401ST2021037867,2021-11-30
WB2401ST2021026444,2021-09-28
WB2401ST2021047092,2021-12-31
WB2401ST2021032703,2021-10-09
WB2401ST2021043731,2021-12-19
WB2401ST2021033506,2021-10-11
WB2401ST2022015511,2022-05-06
WB2401ST2021020784,2021-09-22
WB2401ST2021020652,2021-09-22
WB2401ST2022006190,2022-02-04
WB2401ST2021039177,2021-12-11
WB2401ST2021023561,2021-09-25
WB2401ST2023008502,2023-05-16
WB2401ST2021024520,2021-09-26
WB2401ST2021014229,2021-09-14
WB2401ST2021030718,2021-10-05
WB2401ST2021018329,2021-09-20
WB2401ST2021018481,2021-09-20
WB2401ST2021024242,2021-09-26
WB2401ST2023076266,2023-10-14
WB2401ST2023008780,2023-05-21
WB2401ST2021016666,2021-09-16
WB2401ST2021031926,2021-10-06
WB2401ST2021021488,2021-09-23
WB2401ST2022002565,2022-01-14
WB2401ST2021030461,2021-10-05
WB2401ST2021033686,2021-10-12
WB2401ST2021033396,2021-10-11
WB2401ST2021046072,2021-12-29
WB2401ST2021018788,2021-09-20
WB2401ST2021034748,2021-10-30
WB2401ST2021044474,2021-12-22
WB2401ST2021039548,2021-12-12
WB2401ST2021034477,2021-10-28
WB2401ST2021012720,2021-09-10
WB2401ST2021020080,2021-09-21
WB2401ST2021034358,2021-10-28
WB2401ST2021025495,2021-09-27
WB2401ST2021029001,2021-10-01
WB2401ST2021030530,2021-10-05
WB2401ST2021034456,2021-10-28
WB2401ST2021011499,2021-09-07
WB2401ST2021013864,2021-09-13
WB2401ST2022005807,2022-01-26
WB2401ST2021018664,2021-09-20
WB2401ST2021046186,2021-12-29
WB2401ST2021024815,2021-09-27
WB2401ST2021047102,2021-12-31
WB2401ST2022000582,2022-01-05
WB2401ST2021030020,2021-10-05
WB2401ST2021034458,2021-10-28
WB2401ST2021023500,2021-09-25
WB2401ST2021012512,2021-09-10
WB2401ST2021035571,2021-11-15
WB2401ST2021033445,2021-10-11
WB2401ST2021015086,2021-09-15
WB2401ST2021019827,2021-09-21
WB2401ST2021017482,2021-09-18
WB2401ST2021047104,2021-12-31
WB2401ST2021044038,2021-12-19
WB2401ST2021043737,2021-12-19
WB2401ST2022001674,2022-01-13
WB2401ST2021011679,2021-09-09
WB2401ST2021031295,2021-10-05
WB2401ST2021044872,2021-12-24
WB2401ST2021016554,2021-09-16
WB2401ST2021011498,2021-09-07
WB2401ST2021024194,2021-09-26
WB2401ST2022006313,2022-02-04
WB2401ST2021038969,2021-12-11
WB2401ST2022008249,2022-03-06
WB2401ST2022028968,2022-08-31
WB2401ST2021021107,2021-09-23
WB2401ST2021036957,2021-11-20
WB2401ST2021022107,2021-09-24
WB2401ST2021047066,2021-12-31
WB2401ST2021024509,2021-09-26
WB2401ST2022016546,2022-05-27
WB2401ST2022001491,2022-01-12
WB2401ST2021044507,2021-12-22
WB2401ST2021016680,2021-09-16
WB2401ST2021023149,2021-09-25
WB2401ST2023008783,2023-05-21
WB2401ST2022019893,2022-06-21
WB2401ST2021021963,2021-09-24
WB2401ST2021025372,2021-09-27
WB2401ST2023014561,2023-05-28
WB2401ST2023010325,2023-05-25
WB2401ST2021011497,2021-09-07
WB2401ST2021027145,2021-09-29
WB2401ST2021028816,2021-10-01
WB2401ST2021025138,2021-09-27
WB2401ST2021043481,2021-12-19
WB2401ST2021017356,2021-09-18
WB2401ST2023010530,2023-05-26
WB2401ST2021023197,2021-09-25
WB2401ST2023008501,2023-05-16
WB2401ST2021026501,2021-09-28
WB2401ST2021027425,2021-09-29
WB2401ST2022014503,2022-03-20
WB2401ST2021029494,2021-10-02
WB2401ST2021044225,2021-12-19
WB2401ST2021035568,2021-11-15
WB2401ST2021024024,2021-09-26
WB2401ST2022020154,2022-06-22
WB2401ST2022019335,2022-06-20
WB2401ST2021026032,2021-09-28
WB2401ST2022001537,2022-01-12
WB2401ST2021019498,2021-09-21
WB2401ST2024002219,2024-12-06
WB2401ST2022005836,2022-01-26
WB2401ST2021026526,2021-09-28
WB2401ST2022002688,2022-01-14
WB2401ST2021012729,2021-09-10
WB2401ST2021032725,2021-10-09
WB2401ST2022028363,2022-08-29
WB2401ST2021016792,2021-09-16
WB2401ST2021011496,2021-09-07
WB2401ST2021017148,2021-09-16
WB2401ST2022019920,2022-06-21
WB2401ST2021020988,2021-09-22
WB2401ST2021016885,2021-09-16
WB2401ST2021022849,2021-09-24
WB2401ST2021022184,2021-09-24
WB2401ST2021041483,2021-12-18
WB2401ST2022028928,2022-08-31
WB2401ST2022001542,2022-01-12
WB2401ST2021023401,2021-09-25
WB2401ST2021034432,2021-10-28
WB2401ST2021022112,2021-09-24
WB2401ST2021016385,2021-09-16
WB2401ST2021030759,2021-10-05
WB2401ST2022019431,2022-06-21
WB2401ST2022004835,2022-01-20
WB2401ST2021043937,2021-12-19
WB2401ST2022014236,2022-03-20
WB2401ST2023072717,2023-08-28
WB2401ST2021030760,2021-10-05
WB2401ST2022000647,2022-01-05
WB2401ST2021037391,2021-11-21
WB2401ST2023031984,2023-06-07
WB2401ST2022020471,2022-06-22
WB2401ST2021033738,2021-10-12
WB2401ST2021017823,2021-09-18
WB2401ST2021035421,2021-11-15
WB2401ST2021019817,2021-09-21
WB2401ST2021038931,2021-12-11
WB2401ST2021018530,2021-09-20
WB2401ST2022000239,2022-01-05
WB2401ST2022001920,2022-01-13
WB2401ST2022001907,2022-01-13
WB2401ST2021019690,2021-09-21
WB2401ST2021024439,2021-09-26
WB2401ST2021046092,2021-12-29
WB2401ST2021011495,2021-09-07
WB2401ST2021013880,2021-09-13
WB2401ST2022003713,2022-01-15
WB2401ST2021025559,2021-09-27
WB2401ST2021018274,2021-09-19
WB2401ST2021028163,2021-09-30
WB2401ST2021027666,2021-09-30
WB2401ST2023008782,2023-05-21
WB2401ST2021037991,2021-12-06
WB2401ST2022001504,2022-01-12
WB2401ST2021041435,2021-12-18
WB2401ST2022004540,2022-01-19
WB2401ST2021016964,2021-09-16
WB2401ST2021029283,2021-10-01
WB2401ST2021023241,2021-09-25
WB2401ST2021016846,2021-09-16
WB2401ST2021046514,2021-12-30
WB2401ST2021046640,2021-12-31
WB2401ST2021011680,2021-09-09
WB2401ST2021026538,2021-09-28
WB2401ST2021026097,2021-09-28
WB2401ST2022021967,2022-06-24
WB2401ST2021030459,2021-10-05
WB2401ST2022004742,2022-01-19
WB2401ST2021029333,2021-10-01
WB2401ST2021019812,2021-09-21
WB2401ST2021035404,2021-11-15
WB2401ST2021011494,2021-09-07
WB2401ST2022005918,2022-01-26
WB2401ST2021028492,2021-10-01
WB2401ST2022008858,2022-03-07
WB2401ST2022000026,2022-01-02
WB2401ST2021016421,2021-09-16
WB2401ST2021036958,2021-11-20
WB2401ST2021044181,2021-12-19
WB2401ST2022001022,2022-01-12
WB2401ST2021028674,2021-10-01
WB2401ST2021020010,2021-09-21
WB2401ST2023039541,2023-06-28
WB2401ST2022000734,2022-01-12
WB2401ST2022006536,2022-02-09
WB2401ST2021034619,2021-10-30
WB2401ST2021046701,2021-12-31
WB2401ST2021021095,2021-09-23
WB2401ST2021023267,2021-09-25
WB2401ST2022006777,2022-02-09
WB2401ST2021015435,2021-09-15
WB2401ST2022000740,2022-01-12
WB2401ST2021015735,2021-09-16
WB2401ST2021033101,2021-10-11
WB2401ST2023014563,2023-05-28
WB2401ST2022000879,2022-01-12
WB2401ST2021022628,2021-09-24
WB2401ST2021017272,2021-09-17
WB2401ST2021028121,2021-09-30
WB2401ST2021017170,2021-09-16
WB2401ST2021045887,2021-12-29
WB2401ST2021045153,2021-12-24
WB2401ST2021020824,2021-09-22
WB2401ST2021011493,2021-09-07
WB2401ST2022005195,2022-01-22
WB2401ST2021027788,2021-09-30
WB2401ST2021022289,2021-09-24
WB2401ST2021024663,2021-09-26
WB2401ST2023010326,2023-05-25
WB2401ST2021022037,2021-09-24
WB2401ST2022020569,2022-06-22
WB2401ST2021022081,2021-09-24
WB2401ST2022000760,2022-01-12
WB2401ST2022001336,2022-01-12
WB2401ST2021044202,2021-12-19
WB2401ST2021027510,2021-09-29
WB2401ST2022000629,2022-01-05
WB2401ST2022002687,2022-01-14
WB2401ST2021029161,2021-10-01
WB2401ST2021019714,2021-09-21
WB2401ST2021029481,2021-10-02
WB2401ST2021045036,2021-12-24
WB2401ST2022010646,2022-03-11
WB2401ST2021015334,2021-09-15
WB2401ST2022037495,2022-12-29
WB2401ST2022002199,2022-01-13
WB2401ST2021024476,2021-09-26
WB2401ST2022019941,2022-06-21
WB2401ST2021030752,2021-10-05
WB2401ST2022022433,2022-06-25
WB2401ST2022023875,2022-07-05
WB2401ST2022028370,2022-08-29
WB2401ST2022003677,2022-01-15
WB2401ST2021026434,2021-09-28
WB2401ST2021027142,2021-09-29
WB2401ST2022027290,2022-08-24
WB2401ST2021035644,2021-11-15
WB2401ST2021034800,2021-10-30
WB2401ST2021045656,2021-12-28
WB2401ST2021046456,2021-12-30
WB2401ST2021026540,2021-09-28
WB2401ST2023018661,2023-05-30
WB2401ST2022001459,2022-01-12
WB2401ST2021046342,2021-12-30
WB2401ST2021027439,2021-09-29
WB2401ST2023004427,2023-03-31
WB2401ST2021023249,2021-09-25
WB2401ST2021029813,2021-10-02
WB2401ST2022000671,2022-01-05
WB2401ST2023008779,2023-05-21
WB2401ST2021035396,2021-11-15
WB2401ST2021023209,2021-09-25
WB2401ST2021039352,2021-12-11
WB2401ST2021014151,2021-09-14
WB2401ST2021025727,2021-09-27
WB2401ST2022002890,2022-01-14
WB2401ST2023072716,2023-08-28
WB2401ST2023018634,2023-05-30
WB2401ST2021030640,2021-10-05
WB2401ST2021036764,2021-11-20
WB2401ST2021014249,2021-09-14
WB2401ST2021021456,2021-09-23
WB2401ST2022004555,2022-01-19
WB2401ST2021015432,2021-09-15
WB2401ST2021022642,2021-09-24
WB2401ST2021038320,2021-12-06
WB2401ST2022019695,2022-06-21
WB2401ST2022021731,2022-06-24
WB2401ST2021023927,2021-09-26
WB2401ST2022006344,2022-02-04
WB2401ST2021020637,2021-09-22
WB2401ST2021020947,2021-09-22
WB2401ST2021015306,2021-09-15
WB2401ST2022006383,2022-02-04
WB2401ST2021019925,2021-09-21
WB2401ST2021024812,2021-09-27
WB2401ST2021020976,2021-09-22
WB2401ST2021018439,2021-09-20
WB2401ST2021012906,2021-09-11
WB2401ST2022005111,2022-01-22
WB2401ST2021012710,2021-09-10
WB2401ST2021011485,2021-09-07
WB2401ST2021031638,2021-10-05
WB2401ST2022010582,2022-03-11
WB2401ST2021026794,2021-09-28
WB2401ST2021014548,2021-09-14
WB2401ST2021043909,2021-12-19
WB2401ST2022008715,2022-03-07
WB2401ST2021011492,2021-09-07
WB2401ST2021017995,2021-09-19
WB2401ST2021020421,2021-09-21
WB2401ST2022000825,2022-01-12
WB2401ST2022014949,2022-03-20
WB2401ST2022005989,2022-01-26
WB2401ST2021046516,2021-12-30
WB2401ST2021033799,2021-10-12
WB2401ST2021016459,2021-09-16
WB2401ST2021014544,2021-09-14
WB2401ST2021030204,2021-10-05
WB2401ST2021026988,2021-09-29
WB2401ST2021017392,2021-09-18
WB2401ST2021043735,2021-12-19
WB2401ST2022002033,2022-01-13
WB2401ST2021033716,2021-10-12
WB2401ST2022012804,2022-03-17
WB2401ST2021029502,2021-10-02
WB2401ST2021012443,2021-09-10
WB2401ST2021025907,2021-09-28
WB2401ST2021024460,2021-09-26
WB2401ST2021026504,2021-09-28
WB2401ST2021025521,2021-09-27
WB2401ST2022001335,2022-01-12
WB2401ST2021046417,2021-12-30
WB2401ST2021036077,2021-11-16
WB2401ST2021016707,2021-09-16
WB2401ST2022000844,2022-01-12
WB2401ST2021024628,2021-09-26
WB2401ST2022004182,2022-01-18
WB2401ST2021011490,2021-09-07
WB2401ST2021027092,2021-09-29
WB2401ST2021016789,2021-09-16
WB2401ST2021022623,2021-09-24
WB2401ST2021046280,2021-12-30
WB2401ST2021024611,2021-09-26
WB2401ST2021035422,2021-11-15
WB2401ST2021025129,2021-09-27
WB2401ST2022002698,2022-01-14
WB2401ST2021015579,2021-09-16
WB2401ST2021021379,2021-09-23
WB2401ST2021023057,2021-09-25
WB2401ST2022001276,2022-01-12
WB2401ST2021029966,2021-10-04
WB2401ST2021031708,2021-10-05
WB2401ST2021040778,2021-12-17
WB2401ST2022009415,2022-03-10
WB2401ST2021021083,2021-09-23
WB2401ST2021033036,2021-10-11
WB2401ST2022002086,2022-01-13
WB2401ST2021025649,2021-09-27
WB2401ST2021033649,2021-10-11
WB2401ST2021011489,2021-09-07
WB2401ST2021026411,2021-09-28
WB2401ST2022001056,2022-01-12
WB2401ST2021028979,2021-10-01
WB2401ST2021044932,2021-12-24
WB2401ST2021029814,2021-10-02
WB2401ST2021026321,2021-09-28
WB2401ST2022014948,2022-03-20
WB2401ST2021012813,2021-09-10
WB2401ST2022018955,2022-06-20
WB2401ST2021045503,2021-12-28
WB2401ST2021022121,2021-09-24
WB2401ST2021038282,2021-12-06
WB2401ST2021016440,2021-09-16
WB2401ST2021018567,2021-09-20
WB2401ST2022013307,2022-03-17
WB2401ST2021020687,2021-09-22
WB2401ST2021028472,2021-10-01
WB2401ST2022004948,2022-01-20
WB2401ST2021042829,2021-12-18
WB2401ST2021024419,2021-09-26
WB2401ST2021037756,2021-11-30
WB2401ST2021040874,2021-12-17
WB2401ST2021016640,2021-09-16
WB2401ST2021016494,2021-09-16
WB2401ST2021016522,2021-09-16
WB2401ST2022023176,2022-06-28
WB2401ST2021016595,2021-09-16
WB2401ST2023015499,2023-05-29
WB2401ST2021046517,2021-12-30
WB2401ST2021028134,2021-09-30
WB2401ST2021011488,2021-09-07
WB2401ST2021016951,2021-09-16
WB2401ST2021016548,2021-09-16
WB2401ST2021025778,2021-09-28
WB2401ST2021034702,2021-10-30
WB2401ST2021034403,2021-10-28
WB2401ST2021024036,2021-09-26
WB2401ST2021035864,2021-11-16
WB2401ST2021042801,2021-12-18
WB2401ST2025001434,2025-03-13
WB2401ST2021024201,2021-09-26
WB2401ST2021034665,2021-10-30
WB2401ST2021026533,2021-09-28
WB2401ST2022000590,2022-01-05
WB2401ST2021037394,2021-11-21
WB2401ST2021045968,2021-12-29
WB2401ST2021021336,2021-09-23
WB2401ST2021038579,2021-12-07
WB2401ST2021022878,2021-09-24
WB2401ST2021033703,2021-10-12
WB2401ST2021011487,2021-09-07
WB2401ST2021024377,2021-09-26
WB2401ST2022005380,2022-01-22
WB2401ST2022010693,2022-03-11
WB2401ST2021021290,2021-09-23
WB2401ST2021014355,2021-09-14
WB2401ST2022005935,2022-01-26
WB2401ST2021021388,2021-09-23
WB2401ST2021046628,2021-12-31
WB2401ST2021019286,2021-09-20
WB2401ST2021039615,2021-12-12
WB2401ST2022001388,2022-01-12
WB2401ST2021026459,2021-09-28
WB2401ST2021029870,2021-10-02
WB2401ST2022034738,2022-12-03
WB2401ST2022019261,2022-06-20
WB2401ST2022005128,2022-01-22
WB2401ST2021018968,2021-09-20
WB2401ST2021032368,2021-10-09
WB2401ST2021034699,2021-10-30
WB2401ST2022003034,2022-01-14
WB2401ST2021036477,2021-11-19
WB2401ST2022018572,2022-06-17
WB2401ST2021027916,2021-09-30
WB2401ST2021030125,2021-10-05
WB2401ST2022001433,2022-01-12
WB2401ST2022022812,2022-06-27
WB2401ST2021020456,2021-09-21
WB2401ST2021037654,2021-11-26
WB2401ST2022002229,2022-01-13
WB2401ST2022020491,2022-06-22
WB2401ST2021018175,2021-09-19
WB2401ST2022003079,2022-01-14
WB2401ST2022000586,2022-01-05
WB2401ST2023019826,2023-05-31
WB2401ST2021018296,2021-09-19
WB2401ST2021021398,2021-09-23
WB2401ST2022018490,2022-06-17
WB2401ST2021037896,2021-11-30
WB2401ST2021026681,2021-09-28
WB2401ST2021044401,2021-12-22
WB2401ST2021043710,2021-12-19
WB2401ST2022023880,2022-07-05
WB2401ST2021036500,2021-11-19
WB2401ST2022009300,2022-03-10
WB2401ST2021021117,2021-09-23
WB2401ST2021014206,2021-09-14
WB2401ST2022005444,2022-01-22
WB2401ST2022019140,2022-06-20
WB2401ST2021026521,2021-09-28
WB2401ST2021018307,2021-09-19
WB2401ST2021046620,2021-12-31
WB2401ST2021018821,2021-09-20
WB2401ST2021023189,2021-09-25
WB2401ST2021011486,2021-09-07
WB2401ST2021018057,2021-09-19
WB2401ST2021019433,2021-09-20
WB2401ST2021021023,2021-09-22
WB2401ST2021022482,2021-09-24
WB2401ST2021017831,2021-09-18
WB2401ST2022019041,2022-06-20
WB2401ST2021045373,2021-12-28
WB2401ST2021026721,2021-09-28
WB2401ST2021019984,2021-09-21
WB2401ST2021035817,2021-11-15
WB2401ST2022005168,2022-01-22
WB2401ST2021026329,2021-09-28
WB2401ST2023058979,2023-08-05
WB2401ST2021029877,2021-10-02
WB2401ST2021029317,2021-10-01
WB2401ST2023039458,2023-06-28
WB2401ST2022001998,2022-01-13
WB2401ST2021018492,2021-09-20
WB2401ST2021017211,2021-09-16
WB2401ST2021016842,2021-09-16
WB2401ST2021032222,2021-10-09
WB2401ST2021026454,2021-09-28
WB2401ST2023043638,2023-07-27
WB2401ST2022009195,2022-03-09
WB2401ST2021043765,2021-12-19
WB2401ST2021031328,2021-10-05
WB2401ST2022006082,2022-01-26
WB2401ST2021027919,2021-09-30
WB2401ST2021040118,2021-12-16
WB2401ST2021041398,2021-12-18
WB2401ST2023020631,2023-05-31
WB2401ST2023039542,2023-06-28
WB2401ST2021038418,2021-12-06
WB2401ST2021023952,2021-09-26
WB2401ST2021024756,2021-09-26
WB2401ST2021044748,2021-12-23
WB2401ST2021016473,2021-09-16
WB2401ST2022001745,2022-01-13
WB2401ST2021046527,2021-12-30
WB2401ST2021031304,2021-10-05
WB2401ST2021033282,2021-10-11
WB2401ST2022013857,2022-03-20
WB2401ST2022019648,2022-06-21
WB2401ST2021020259,2021-09-21
WB2401ST2022020273,2022-06-22
WB2401ST2021025881,2021-09-28
WB2401ST2021039276,2021-12-11
WB2401ST2021046459,2021-12-30
WB2401ST2022002930,2022-01-14
WB2401ST2022023626,2022-06-29
WB2401ST2021019420,2021-09-20
WB2401ST2021016695,2021-09-16
WB2401ST2022005038,2022-01-20
WB2401ST2021028947,2021-10-01
WB2401ST2021026483,2021-09-28
WB2401ST2021021148,2021-09-23
WB2401ST2021028158,2021-09-30
WB2401ST2022031300,2022-10-01
WB2401ST2021026517,2021-09-28
WB2401ST2021018548,2021-09-20
WB2401ST2021043871,2021-12-19
WB2401ST2022010016,2022-03-10
WB2401ST2021013970,2021-09-13
WB2401ST2021038458,2021-12-06
WB2401ST2022023879,2022-07-05
WB2401ST2021025320,2021-09-27
WB2401ST2021017675,2021-09-18
WB2401ST2021016606,2021-09-16
WB2401ST2022007596,2022-02-13
WB2401ST2022020027,2022-06-22
WB2401ST2022002694,2022-01-14
WB2401ST2021043725,2021-12-19
WB2401ST2023006927,2023-04-16
WB2401ST2022014504,2022-03-20
WB2401ST2022026162,2022-08-21
WB2401ST2021021952,2021-09-24
WB2401ST2021013480,2021-09-12
WB2401ST2021030838,2021-10-05
WB2401ST2021043876,2021-12-19
WB2401ST2022018492,2022-06-17
WB2401ST2021027174,2021-09-29
WB2401ST2022002409,2022-01-14
WB2401ST2022014976,2022-03-24
WB2401ST2021023395,2021-09-25
WB2401ST2021043305,2021-12-19
WB2401ST2023039540,2023-06-28
WB2401ST2021045790,2021-12-29
WB2401ST2021018440,2021-09-20
WB2401ST2021038968,2021-12-11
WB2401ST2021025999,2021-09-28
WB2401ST2021016541,2021-09-16
WB2401ST2022014237,2022-03-20
WB2401ST2021022459,2021-09-24
WB2401ST2021034107,2021-10-13
WB2401ST2021031212,2021-10-05
WB2401ST2021041309,2021-12-18
WB2401ST2021025369,2021-09-27
WB2401ST2022005222,2022-01-22
WB2401ST2023012045,2023-05-28
WB2401ST2021017830,2021-09-18
WB2401ST2021017920,2021-09-18
WB2401ST2021031862,2021-10-06
WB2401ST2021027172,2021-09-29
WB2401ST2022017066,2022-06-01
WB2401ST2022004570,2022-01-19
WB2401ST2022034736,2022-12-03
WB2401ST2022024596,2022-07-15
WB2401ST2021016911,2021-09-16
WB2401ST2021019670,2021-09-21
WB2401ST2021022264,2021-09-24
WB2401ST2021023577,2021-09-25
WB2401ST2021017134,2021-09-16
WB2401ST2021033580,2021-10-11
WB2401ST2022001372,2022-01-12
WB2401ST2021045387,2021-12-28
WB2401ST2022015950,2022-05-16
WB2401ST2021020000,2021-09-21
WB2401ST2021029825,2021-10-02
WB2401ST2021036876,2021-11-20
WB2401ST2021015304,2021-09-15
WB2401ST2021030202,2021-10-05
WB2401ST2021020409,2021-09-21
WB2401ST2021020760,2021-09-22
WB2401ST2021021668,2021-09-23
WB2401ST2021035731,2021-11-15
WB2401ST2022006608,2022-02-09
WB2401ST2021025801,2021-09-28
WB2401ST2022014238,2022-03-20
WB2401ST2021020645,2021-09-22
WB2401ST2021017788,2021-09-18
WB2401ST2021027315,2021-09-29
WB2401ST2021037864,2021-11-30
WB2401ST2021025250,2021-09-27
WB2401ST2021025327,2021-09-27
WB2401ST2022019694,2022-06-21
WB2401ST2022000806,2022-01-12
WB2401ST2024002366,2024-12-26
WB2401ST2022010234,2022-03-11
WB2401ST2022001787,2022-01-13
WB2401ST2022005194,2022-01-22
WB2401ST2021029865,2021-10-02
WB2401ST2021017784,2021-09-18
WB2401ST2021019722,2021-09-21
WB2401ST2021034024,2021-10-13
WB2401ST2021020400,2021-09-21
WB2401ST2022005616,2022-01-22
WB2401ST2021033739,2021-10-12
WB2401ST2022001472,2022-01-12
WB2401ST2021026307,2021-09-28
WB2401ST2021016669,2021-09-16
WB2401ST2021017817,2021-09-18
WB2401ST2022005737,2022-01-23
WB2401ST2021034472,2021-10-28
WB2401ST2021034215,2021-10-17
WB2401ST2021027049,2021-09-29
WB2401ST2021038597,2021-12-07
WB2401ST2021021915,2021-09-24
WB2401ST2021017793,2021-09-18
WB2401ST2021016896,2021-09-16
WB2401ST2021028632,2021-10-01
WB2401ST2021023956,2021-09-26
WB2401ST2021020799,2021-09-22
WB2401ST2021031235,2021-10-05
WB2401ST2021026305,2021-09-28
WB2401ST2023012548,2023-05-28
WB2401ST2022028021,2022-08-27
WB2401ST2021021501,2021-09-23
WB2401ST2022003211,2022-01-14
WB2401ST2023018944,2023-05-30
WB2401ST2021034965,2021-10-30
WB2401ST2021039044,2021-12-11
WB2401ST2021032860,2021-10-10
WB2401ST2022017663,2022-06-07
WB2401ST2022004501,2022-01-19
WB2401ST2021017426,2021-09-18
WB2401ST2022003322,2022-01-14
WB2401ST2022018983,2022-06-20
WB2401ST2021045407,2021-12-28
WB2401ST2021021337,2021-09-23
WB2401ST2021038600,2021-12-07
WB2401ST2021017079,2021-09-16
WB2401ST2021015783,2021-09-16
WB2401ST2021043490,2021-12-19
WB2401ST2023059126,2023-08-05
WB2401ST2022006560,2022-02-09
WB2401ST2021028676,2021-10-01
WB2401ST2021029277,2021-10-01
WB2401ST2021019528,2021-09-21
WB2401ST2021026738,2021-09-28
WB2401ST2021028461,2021-10-01
WB2401ST2021022534,2021-09-24
WB2401ST2021024057,2021-09-26
WB2401ST2022015509,2022-05-06
WB2401ST2021014516,2021-09-14
WB2401ST2022023912,2022-07-05
WB2401ST2022020854,2022-06-23
WB2401ST2022002714,2022-01-14
WB2401ST2021040799,2021-12-17
WB2401ST2021039023,2021-12-11
WB2401ST2021034376,2021-10-28
WB2401ST2021017097,2021-09-16
WB2401ST2021017444,2021-09-18
WB2401ST2021023356,2021-09-25
WB2401ST2021024004,2021-09-26
WB2401ST2021023016,2021-09-25
WB2401ST2023039543,2023-06-28
WB2401ST2023002893,2023-02-03
WB2401ST2021021208,2021-09-23
WB2401ST2021044479,2021-12-22
WB2401ST2022013017,2022-03-17
WB2401ST2021016897,2021-09-16
WB2401ST2021030372,2021-10-05
WB2401ST2021036514,2021-11-19
WB2401ST2022010189,2022-03-11
WB2401ST2021039700,2021-12-12
WB2401ST2021021065,2021-09-23
WB2401ST2021029887,2021-10-02
WB2401ST2021025270,2021-09-27
WB2401ST2022014239,2022-03-20
WB2401ST2022020274,2022-06-22
WB2401ST2023003832,2023-03-03
WB2401ST2022014919,2022-03-20
WB2401ST2022000782,2022-01-12
WB2401ST2021020809,2021-09-22
WB2401ST2021029787,2021-10-02
WB2401ST2021028458,2021-10-01
WB2401ST2022002210,2022-01-13
WB2401ST2022021267,2022-06-23
WB2401ST2021017445,2021-09-18
WB2401ST2022008000,2022-03-06
WB2401ST2021023024,2021-09-25
WB2401ST2021027658,2021-09-30
WB2401ST2021033653,2021-10-11
WB2401ST2021046107,2021-12-29
WB2401ST2021040507,2021-12-17
WB2401ST2021025497,2021-09-27
WB2401ST2021030175,2021-10-05
WB2401ST2021042263,2021-12-18
WB2401ST2022019926,2022-06-21
WB2401ST2021030371,2021-10-05
WB2401ST2023008784,2023-05-21
WB2401ST2021018954,2021-09-20
WB2401ST2023012144,2023-05-28
WB2401ST2021016369,2021-09-16
WB2401ST2021026336,2021-09-28
WB2401ST2021017800,2021-09-18
WB2401ST2021020693,2021-09-22
WB2401ST2021033650,2021-10-11
WB2401ST2021017816,2021-09-18
WB2401ST2021020642,2021-09-22
WB2401ST2022033653,2022-11-25
WB2401ST2021029592,2021-10-02
WB2401ST2021025897,2021-09-28
WB2401ST2023018235,2023-05-30
WB2401ST2021027555,2021-09-30
WB2401ST2021021566,2021-09-23
WB2401ST2021040275,2021-12-16
WB2401ST2021029921,2021-10-02
WB2401ST2022023878,2022-07-05
WB2401ST2021020240,2021-09-21
WB2401ST2021045007,2021-12-24
WB2401ST2021024579,2021-09-26
WB2401ST2021015740,2021-09-16
WB2401ST2021046534,2021-12-30
WB2401ST2022020267,2022-06-22
WB2401ST2021037818,2021-11-30
WB2401ST2022028246,2022-08-29
WB2401ST2021026872,2021-09-29
WB2401ST2022021834,2022-06-24
WB2401ST2021019297,2021-09-20
WB2401ST2021016629,2021-09-16
WB2401ST2021029826,2021-10-02
WB2401ST2021035862,2021-11-16
WB2401ST2021029843,2021-10-02
WB2401ST2023039316,2023-06-26
WB2401ST2021021778,2021-09-23
WB2401ST2022001555,2022-01-12
WB2401ST2021039457,2021-12-12
WB2401ST2022022608,2022-06-25
WB2401ST2021016135,2021-09-16
WB2401ST2021030490,2021-10-05
WB2401ST2021011505,2021-09-07
WB2401ST2021031358,2021-10-05
WB2401ST2021032622,2021-10-09
WB2401ST2022022990,2022-06-28
WB2401ST2021037837,2021-11-30
WB2401ST2021031707,2021-10-05
WB2401ST2021036560,2021-11-19
WB2401ST2023010327,2023-05-25
WB2401ST2021043763,2021-12-19
WB2401ST2021023833,2021-09-26
WB2401ST2021026559,2021-09-28
WB2401ST2021045234,2021-12-28
WB2401ST2021046102,2021-12-29
WB2401ST2021023403,2021-09-25
WB2401ST2021020001,2021-09-21
WB2401ST2021025879,2021-09-28
WB2401ST2021040798,2021-12-17
WB2401ST2021018421,2021-09-20
WB2401ST2021021011,2021-09-22
WB2401ST2022001371,2022-01-12
WB2401ST2021020941,2021-09-22
WB2401ST2021030974,2021-10-05
WB2401ST2023018888,2023-05-30
WB2401ST2022002583,2022-01-14
WB2401ST2021030546,2021-10-05
WB2401ST2022004380,2022-01-19
WB2401ST2021021761,2021-09-23
WB2401ST2021044973,2021-12-24
WB2401ST2021024163,2021-09-26
WB2401ST2021028568,2021-10-01
WB2401ST2021016925,2021-09-16
WB2401ST2021026873,2021-09-29
WB2401ST2021016590,2021-09-16
WB2401ST2021040612,2021-12-17
WB2401ST2022006240,2022-02-04
WB2401ST2021022894,2021-09-24
WB2401ST2021011506,2021-09-07
WB2401ST2021031457,2021-10-05
WB2401ST2021017834,2021-09-18
WB2401ST2021023246,2021-09-25
WB2401ST2022004916,2022-01-20
WB2401ST2021040655,2021-12-17
WB2401ST2022019042,2022-06-20
WB2401ST2021043803,2021-12-19
WB2401ST2021032998,2021-10-11
WB2401ST2021021766,2021-09-23
WB2401ST2023014154,2023-05-28
WB2401ST2021018873,2021-09-20
WB2401ST2021047047,2021-12-31
WB2401ST2021035639,2021-11-15
WB2401ST2021026875,2021-09-29
WB2401ST2021029790,2021-10-02
WB2401ST2022005099,2022-01-20
WB2401ST2022027607,2022-08-25
WB2401ST2021017720,2021-09-18
WB2401ST2021023739,2021-09-25
WB2401ST2021018219,2021-09-19
WB2401ST2022004318,2022-01-19
WB2401ST2021044953,2021-12-24
WB2401ST2022000619,2022-01-05
WB2401ST2023018658,2023-05-30
WB2401ST2021027156,2021-09-29
WB2401ST2021019041,2021-09-20
WB2401ST2021046331,2021-12-30
WB2401ST2021017064,2021-09-16
WB2401ST2023042240,2023-07-25
WB2401ST2021046683,2021-12-31
WB2401ST2021023830,2021-09-26
WB2401ST2022002421,2022-01-14
WB2401ST2021033629,2021-10-11
WB2401ST2022005966,2022-01-26
WB2401ST2022027089,2022-08-23
WB2401ST2021016705,2021-09-16
WB2401ST2021017472,2021-09-18
WB2401ST2021031620,2021-10-05
WB2401ST2021027091,2021-09-29
WB2401ST2021014497,2021-09-14
WB2401ST2021029717,2021-10-02
WB2401ST2021024731,2021-09-26
WB2401ST2021043128,2021-12-19
WB2401ST2022006616,2022-02-09
WB2401ST2021034620,2021-10-30
WB2401ST2021017179,2021-09-16
WB2401ST2022000699,2022-01-05
WB2401ST2021023023,2021-09-25
WB2401ST2021019282,2021-09-20
WB2401ST2021040485,2021-12-17
WB2401ST2021038277,2021-12-06
WB2401ST2022001810,2022-01-13
WB2401ST2022023881,2022-07-05
WB2401ST2022004958,2022-01-20
WB2401ST2023025964,2023-06-03
WB2401ST2022001980,2022-01-13
WB2401ST2022005938,2022-01-26
WB2401ST2021036482,2021-11-19
WB2401ST2026000780,2026-01-24
WB2401ST2021022876,2021-09-24
WB2401ST2021022085,2021-09-24
WB2401ST2021022987,2021-09-25
WB2401ST2021021282,2021-09-23
WB2401ST2021027136,2021-09-29
WB2401ST2021046426,2021-12-30
WB2401ST2021016162,2021-09-16
WB2401ST2023039560,2023-06-28
WB2401ST2021015676,2021-09-16
WB2401ST2022013020,2022-03-17
WB2401ST2021032773,2021-10-09
WB2401ST2022003407,2022-01-14
WB2401ST2021023146,2021-09-25
WB2401ST2023066960,2023-08-06
WB2401ST2021033983,2021-10-13
WB2401ST2021040042,2021-12-16
WB2401ST2021020840,2021-09-22
WB2401ST2021017789,2021-09-18
WB2401ST2021022605,2021-09-24
WB2401ST2021021575,2021-09-23
WB2401ST2021023000,2021-09-25
WB2401ST2023040978,2023-07-23
WB2401ST2021019533,2021-09-21
WB2401ST2021019622,2021-09-21
WB2401ST2021011611,2021-09-08
WB2401ST2021011612,2021-09-08
WB2401ST2021030642,2021-10-05
WB2401ST2021021401,2021-09-23
WB2401ST2021026732,2021-09-28
WB2401ST2021026387,2021-09-28
WB2401ST2021030167,2021-10-05
WB2401ST2022021461,2022-06-24
WB2401ST2021041223,2021-12-18
WB2401ST2021023929,2021-09-26
WB2401ST2022020873,2022-06-23
WB2401ST2022015824,2022-05-13
WB2401ST2021026907,2021-09-29
WB2401ST2021023217,2021-09-25
WB2401ST2022001179,2022-01-12
WB2401ST2021028940,2021-10-01
WB2401ST2021012122,2021-09-09
WB2401ST2021012913,2021-09-11
WB2401ST2021012912,2021-09-11
WB2401ST2021020610,2021-09-22
WB2401ST2021036109,2021-11-17
WB2401ST2021014175,2021-09-14
WB2401ST2023004414,2023-03-31
WB2401ST2023031401,2023-06-07
WB2401ST2021016607,2021-09-16
WB2401ST2021026435,2021-09-28
WB2401ST2022009395,2022-03-10
WB2401ST2021030121,2021-10-05
WB2401ST2021020627,2021-09-22
WB2401ST2021027971,2021-09-30
WB2401ST2021037289,2021-11-21
WB2401ST2021040656,2021-12-17
WB2401ST2021029577,2021-10-02
WB2401ST2021037761,2021-11-30
WB2401ST2021026367,2021-09-28
WB2401ST2021038534,2021-12-06
WB2401ST2021020359,2021-09-21
WB2401ST2021026996,2021-09-29
WB2401ST2021040937,2021-12-17
WB2401ST2021022124,2021-09-24
WB2401ST2021023376,2021-09-25
WB2401ST2021039705,2021-12-12
WB2401ST2021015671,2021-09-16
WB2401ST2021016236,2021-09-16
WB2401ST2021042222,2021-12-18
WB2401ST2021017908,2021-09-18
WB2401ST2022002354,2022-01-14
WB2401ST2021029247,2021-10-01
WB2401ST2021026495,2021-09-28
WB2401ST2021039945,2021-12-13
WB2401ST2021016362,2021-09-16
WB2401ST2021026433,2021-09-28
WB2401ST2023015748,2023-05-29
WB2401ST2021023626,2021-09-25
WB2401ST2022002814,2022-01-14
WB2401ST2021036951,2021-11-20
WB2401ST2021040076,2021-12-16
WB2401ST2021033892,2021-10-13
WB2401ST2022026722,2022-08-23
WB2401ST2021024544,2021-09-26
WB2401ST2021035506,2021-11-15
WB2401ST2021016825,2021-09-16
WB2401ST2021029920,2021-10-02
WB2401ST2021034041,2021-10-13
WB2401ST2022022394,2022-06-25
WB2401ST2021029570,2021-10-02
WB2401ST2023022537,2023-06-01
WB2401ST2022023209,2022-06-29
WB2401ST2022022804,2022-06-27
WB2401ST2021027240,2021-09-29
WB2401ST2021024068,2021-09-26
WB2401ST2022004329,2022-01-19
WB2401ST2021042814,2021-12-18
WB2401ST2022000739,2022-01-12
WB2401ST2021024478,2021-09-26
WB2401ST2021015101,2021-09-15
WB2401ST2022001346,2022-01-12
WB2401ST2021022122,2021-09-24
WB2401ST2022016005,2022-05-17
WB2401ST2022000797,2022-01-12
WB2401ST2022022671,2022-06-25
WB2401ST2022022264,2022-06-25
WB2401ST2021026378,2021-09-28
WB2401ST2021031262,2021-10-05
WB2401ST2022000864,2022-01-12
WB2401ST2021016650,2021-09-16
WB2401ST2022000840,2022-01-12
WB2401ST2021043084,2021-12-19
WB2401ST2021029194,2021-10-01
WB2401ST2021019583,2021-09-21
WB2401ST2021018953,2021-09-20
WB2401ST2023030445,2023-06-06
WB2401ST2021031791,2021-10-05
WB2401ST2021023229,2021-09-25
WB2401ST2021026583,2021-09-28
WB2401ST2021017712,2021-09-18
WB2401ST2021027924,2021-09-30
WB2401ST2021036066,2021-11-16
WB2401ST2022001130,2022-01-12
WB2401ST2022004529,2022-01-19
WB2401ST2021022090,2021-09-24
WB2401ST2021024848,2021-09-27
WB2401ST2021024274,2021-09-26
WB2401ST2021032719,2021-10-09
WB2401ST2021017358,2021-09-18
WB2401ST2021033820,2021-10-13
WB2401ST2021026505,2021-09-28
WB2401ST2021024670,2021-09-26
WB2401ST2022022259,2022-06-25
WB2401ST2021017409,2021-09-18
WB2401ST2021027675,2021-09-30
WB2401ST2021033218,2021-10-11
WB2401ST2021024772,2021-09-26
WB2401ST2021018551,2021-09-20
WB2401ST2022023437,2022-06-29
WB2401ST2021011613,2021-09-08
WB2401ST2021030509,2021-10-05
WB2401ST2021016551,2021-09-16
WB2401ST2021024816,2021-09-27
WB2401ST2021035996,2021-11-16
WB2401ST2022000640,2022-01-05
WB2401ST2022021884,2022-06-24
WB2401ST2021023903,2021-09-26
WB2401ST2021021890,2021-09-24
WB2401ST2021026102,2021-09-28
WB2401ST2021036007,2021-11-16
WB2401ST2022012777,2022-03-17
WB2401ST2021016200,2021-09-16
WB2401ST2022027117,2022-08-23
WB2401ST2021045118,2021-12-24
WB2401ST2023029506,2023-06-06
WB2401ST2023004412,2023-03-31
WB2401ST2021025871,2021-09-28
WB2401ST2023022589,2023-06-01
WB2401ST2023040471,2023-07-21
WB2401ST2021023890,2021-09-26
WB2401ST2022006111,2022-01-26
WB2401ST2021030935,2021-10-05
WB2401ST2021025877,2021-09-28
WB2401ST2022010739,2022-03-11
WB2401ST2021016442,2021-09-16
WB2401ST2021017725,2021-09-18
WB2401ST2022002124,2022-01-13
WB2401ST2021031176,2021-10-05
WB2401ST2021018566,2021-09-20
WB2401ST2022017856,2022-06-08
WB2401ST2021030900,2021-10-05
WB2401ST2023062461,2023-08-06
WB2401ST2021011614,2021-09-08
WB2401ST2021037816,2021-11-30
WB2401ST2021018604,2021-09-20
WB2401ST2021033074,2021-10-11
WB2401ST2021020450,2021-09-21
WB2401ST2021011609,2021-09-08
WB2401ST2021042663,2021-12-18
WB2401ST2021027061,2021-09-29
WB2401ST2022005889,2022-01-26
WB2401ST2022000460,2022-01-05
WB2401ST2022014240,2022-03-20
WB2401ST2022018562,2022-06-17
WB2401ST2021024584,2021-09-26
WB2401ST2021024392,2021-09-26
WB2401ST2021024741,2021-09-26
WB2401ST2021027099,2021-09-29
WB2401ST2022008002,2022-03-06
WB2401ST2021030518,2021-10-05
WB2401ST2021017473,2021-09-18
WB2401ST2021024003,2021-09-26
WB2401ST2021040349,2021-12-16
WB2401ST2021015719,2021-09-16
WB2401ST2021044754,2021-12-23
WB2401ST2022006207,2022-02-04
WB2401ST2021017139,2021-09-16
WB2401ST2021023755,2021-09-25
WB2401ST2021017809,2021-09-18
WB2401ST2023055884,2023-08-04
WB2401ST2021011608,2021-09-08
WB2401ST2021016679,2021-09-16
WB2401ST2021044804,2021-12-23
WB2401ST2021028665,2021-10-01
WB2401ST2021027677,2021-09-30
WB2401ST2022000406,2022-01-05
WB2401ST2021030338,2021-10-05
WB2401ST2021011617,2021-09-08
WB2401ST2021037099,2021-11-21
WB2401ST2021024013,2021-09-26
WB2401ST2021034794,2021-10-30
WB2401ST2022001442,2022-01-12
WB2401ST2022019935,2022-06-21
WB2401ST2022000900,2022-01-12
WB2401ST2022027087,2022-08-23
WB2401ST2022005189,2022-01-22
WB2401ST2021032811,2021-10-10
WB2401ST2021020155,2021-09-21
WB2401ST2021029165,2021-10-01
WB2401ST2022028478,2022-08-30
WB2401ST2021040658,2021-12-17
WB2401ST2021027059,2021-09-29
WB2401ST2022033987,2022-11-29
WB2401ST2021020087,2021-09-21
WB2401ST2021033810,2021-10-13
WB2401ST2021014233,2021-09-14
WB2401ST2021036676,2021-11-20
WB2401ST2021023535,2021-09-25
WB2401ST2021046629,2021-12-31
WB2401ST2021038950,2021-12-11
WB2401ST2022005852,2022-01-26
WB2401ST2021030990,2021-10-05
WB2401ST2022018564,2022-06-17
WB2401ST2021025101,2021-09-27
WB2401ST2021021499,2021-09-23
WB2401ST2021033483,2021-10-11
WB2401ST2021025093,2021-09-27
WB2401ST2021011616,2021-09-08
WB2401ST2021045176,2021-12-27
WB2401ST2022027866,2022-08-27
WB2401ST2021030495,2021-10-05
WB2401ST2023018462,2023-05-30
WB2401ST2021034635,2021-10-30
WB2401ST2021027062,2021-09-29
WB2401ST2021021551,2021-09-23
WB2401ST2021025860,2021-09-28
WB2401ST2021034644,2021-10-30
WB2401ST2023006456,2023-04-12
WB2401ST2021036573,2021-11-19
WB2401ST2021023010,2021-09-25
WB2401ST2021021302,2021-09-23
WB2401ST2021011615,2021-09-08
WB2401ST2021017259,2021-09-17
WB2401ST2021040604,2021-12-17
WB2401ST2021030165,2021-10-05
WB2401ST2021045620,2021-12-28
WB2401ST2023010333,2023-05-25
WB2401ST2021042704,2021-12-18
WB2401ST2021030510,2021-10-05
WB2401ST2021026506,2021-09-28
WB2401ST2023039359,2023-06-26
WB2401ST2023010330,2023-05-25
WB2401ST2022021699,2022-06-24
WB2401ST2021044783,2021-12-23
WB2401ST2021033552,2021-10-11
WB2401ST2021046385,2021-12-30
WB2401ST2021023537,2021-09-25
WB2401ST2021019783,2021-09-21
WB2401ST2021011607,2021-09-08
WB2401ST2021027490,2021-09-29
WB2401ST2022003405,2022-01-14
WB2401ST2021043259,2021-12-19
WB2401ST2022002064,2022-01-13
WB2401ST2022005116,2022-01-22
WB2401ST2021035162,2021-11-02
WB2401ST2022003427,2022-01-15
WB2401ST2021024104,2021-09-26
WB2401ST2021031435,2021-10-05
WB2401ST2021025015,2021-09-27
WB2401ST2022007650,2022-02-13
WB2401ST2021035558,2021-11-15
WB2401ST2021033277,2021-10-11
WB2401ST2021027676,2021-09-30
WB2401ST2022009325,2022-03-10
WB2401ST2021017799,2021-09-18
WB2401ST2021014220,2021-09-14
WB2401ST2021031231,2021-10-05
WB2401ST2022002818,2022-01-14
WB2401ST2021035871,2021-11-16
WB2401ST2022015819,2022-05-13
WB2401ST2021030622,2021-10-05
WB2401ST2021017254,2021-09-17
WB2401ST2021016591,2021-09-16
WB2401ST2022020298,2022-06-22
WB2401ST2021033257,2021-10-11
WB2401ST2021046374,2021-12-30
WB2401ST2021020157,2021-09-21
WB2401ST2021030492,2021-10-05
WB2401ST2023016549,2023-05-29
WB2401ST2022002740,2022-01-14
WB2401ST2021017329,2021-09-18
WB2401ST2021019692,2021-09-21
WB2401ST2021037098,2021-11-21
WB2401ST2021020273,2021-09-21
WB2401ST2022007649,2022-02-13
WB2401ST2021045625,2021-12-28
WB2401ST2021030404,2021-10-05
WB2401ST2021022569,2021-09-24
WB2401ST2021039192,2021-12-11
WB2401ST2021043293,2021-12-19
WB2401ST2021029306,2021-10-01
WB2401ST2021019929,2021-09-21
WB2401ST2022003665,2022-01-15
WB2401ST2022027122,2022-08-23
WB2401ST2021028162,2021-09-30
WB2401ST2021025847,2021-09-28
WB2401ST2021031631,2021-10-05
WB2401ST2022028373,2022-08-29
WB2401ST2021022116,2021-09-24
WB2401ST2022016259,2022-05-25
WB2401ST2021027911,2021-09-30
WB2401ST2021034109,2021-10-13
WB2401ST2021036008,2021-11-16
WB2401ST2021015730,2021-09-16
WB2401ST2022000974,2022-01-12
WB2401ST2021035861,2021-11-16
WB2401ST2021027090,2021-09-29
WB2401ST2022000405,2022-01-05
WB2401ST2023048319,2023-08-03
WB2401ST2021026698,2021-09-28
WB2401ST2021047135,2021-12-31
WB2401ST2022010146,2022-03-11
WB2401ST2021018438,2021-09-20
WB2401ST2022020826,2022-06-23
WB2401ST2021015658,2021-09-16
WB2401ST2021017074,2021-09-16
WB2401ST2021032722,2021-10-09
WB2401ST2022006816,2022-02-10
WB2401ST2023048803,2023-08-03
WB2401ST2021018519,2021-09-20
WB2401ST2021029090,2021-10-01
WB2401ST2021026539,2021-09-28
WB2401ST2021035695,2021-11-15
WB2401ST2022027109,2022-08-23
WB2401ST2021037282,2021-11-21
WB2401ST2022031622,2022-10-28
WB2401ST2021033681,2021-10-12
WB2401ST2021019272,2021-09-20
WB2401ST2023018429,2023-05-30
WB2401ST2021019661,2021-09-21
WB2401ST2021029168,2021-10-01
WB2401ST2023010335,2023-05-25
WB2401ST2021016593,2021-09-16
WB2401ST2021040196,2021-12-16
WB2401ST2022027862,2022-08-27
WB2401ST2022003201,2022-01-14
WB2401ST2021035570,2021-11-15
WB2401ST2021028505,2021-10-01
WB2401ST2021035872,2021-11-16
WB2401ST2021020877,2021-09-22
WB2401ST2021044001,2021-12-19
WB2401ST2022002766,2022-01-14
WB2401ST2021016443,2021-09-16
WB2401ST2021018313,2021-09-19
WB2401ST2021033809,2021-10-13
WB2401ST2022013333,2022-03-17
WB2401ST2021044796,2021-12-23
WB2401ST2022001114,2022-01-12
WB2401ST2021022592,2021-09-24
WB2401ST2021021467,2021-09-23
WB2401ST2021027305,2021-09-29
WB2401ST2023009849,2023-05-24
WB2401ST2021033622,2021-10-11
WB2401ST2021011606,2021-09-08
WB2401ST2021044637,2021-12-23
WB2401ST2021022541,2021-09-24
WB2401ST2021014190,2021-09-14
WB2401ST2021017813,2021-09-18
WB2401ST2021014860,2021-09-14
WB2401ST2021037086,2021-11-20
WB2401ST2022006377,2022-02-04
WB2401ST2021018670,2021-09-20
WB2401ST2021030594,2021-10-05
WB2401ST2021028034,2021-09-30
WB2401ST2023010337,2023-05-25
WB2401ST2021027314,2021-09-29
WB2401ST2022003346,2022-01-14
WB2401ST2021046654,2021-12-31
WB2401ST2021015649,2021-09-16
WB2401ST2021025562,2021-09-27
WB2401ST2021030687,2021-10-05
WB2401ST2021035903,2021-11-16
WB2401ST2021031355,2021-10-05
WB2401ST2022005965,2022-01-26
WB2401ST2021024348,2021-09-26
WB2401ST2021033943,2021-10-13
WB2401ST2021029590,2021-10-02
WB2401ST2021018403,2021-09-20
WB2401ST2021014157,2021-09-14
WB2401ST2022003419,2022-01-15
WB2401ST2023010328,2023-05-25
WB2401ST2022003279,2022-01-14
WB2401ST2021026373,2021-09-28
WB2401ST2021037645,2021-11-26
WB2401ST2022005478,2022-01-22
WB2401ST2021024810,2021-09-26
WB2401ST2021023130,2021-09-25
WB2401ST2022016668,2022-05-30
WB2401ST2021026573,2021-09-28
WB2401ST2022008681,2022-03-07
WB2401ST2021020776,2021-09-22
WB2401ST2021031511,2021-10-05
WB2401ST2021034618,2021-10-30
WB2401ST2022009379,2022-03-10
WB2401ST2021015729,2021-09-16
WB2401ST2021026546,2021-09-28
WB2401ST2021031434,2021-10-05
WB2401ST2021022590,2021-09-24
WB2401ST2023030181,2023-06-06
WB2401ST2021043714,2021-12-19
WB2401ST2021015600,2021-09-16
WB2401ST2021016890,2021-09-16
WB2401ST2021026078,2021-09-28
WB2401ST2021015598,2021-09-16
WB2401ST2021032905,2021-10-11
WB2401ST2022004679,2022-01-19
WB2401ST2021023505,2021-09-25
WB2401ST2021035166,2021-11-02
WB2401ST2022006839,2022-02-10
WB2401ST2022027863,2022-08-27
WB2401ST2021032818,2021-10-10
WB2401ST2021019737,2021-09-21
WB2401ST2021023317,2021-09-25
WB2401ST2021011605,2021-09-08
WB2401ST2021034162,2021-10-15
WB2401ST2022016260,2022-05-25
WB2401ST2021025815,2021-09-28
WB2401ST2021023823,2021-09-26
WB2401ST2021027087,2021-09-29
WB2401ST2021016474,2021-09-16
WB2401ST2022003272,2022-01-14
WB2401ST2021026412,2021-09-28
WB2401ST2021045604,2021-12-28
WB2401ST2021026572,2021-09-28
WB2401ST2021019002,2021-09-20
WB2401ST2021030168,2021-10-05
WB2401ST2021033566,2021-10-11
WB2401ST2025004047,2025-12-20
WB2401ST2021031789,2021-10-05
WB2401ST2022028993,2022-08-31
WB2401ST2021016471,2021-09-16
WB2401ST2021025989,2021-09-28
WB2401ST2021025880,2021-09-28
WB2401ST2021042696,2021-12-18
WB2401ST2021031072,2021-10-05
WB2401ST2022033638,2022-11-22
WB2401ST2024002152,2024-12-03
WB2401ST2021017261,2021-09-17
WB2401ST2022006931,2022-02-10
WB2401ST2021035727,2021-11-15
WB2401ST2021037669,2021-11-26
WB2401ST2021016866,2021-09-16
WB2401ST2023009853,2023-05-24
WB2401ST2021028192,2021-09-30
WB2401ST2021029441,2021-10-01
WB2401ST2021027332,2021-09-29
WB2401ST2021027489,2021-09-29
WB2401ST2022024558,2022-07-15
WB2401ST2021019638,2021-09-21
WB2401ST2021026523,2021-09-28
WB2401ST2021018397,2021-09-20
WB2401ST2021037675,2021-11-26
WB2401ST2021024078,2021-09-26
WB2401ST2022004990,2022-01-20
WB2401ST2023012838,2023-05-28
WB2401ST2022005165,2022-01-22
WB2401ST2021019665,2021-09-21
WB2401ST2021035773,2021-11-15
WB2401ST2023067851,2023-08-06
WB2401ST2021019270,2021-09-20
WB2401ST2021033578,2021-10-11
WB2401ST2021016547,2021-09-16
WB2401ST2021023213,2021-09-25
WB2401ST2021034886,2021-10-30
WB2401ST2021032602,2021-10-09
WB2401ST2021036552,2021-11-19
WB2401ST2021020357,2021-09-21
WB2401ST2021042262,2021-12-18
WB2401ST2021030086,2021-10-05
WB2401ST2021017840,2021-09-18
WB2401ST2023008791,2023-05-21
WB2401ST2021033663,2021-10-12
WB2401ST2022002205,2022-01-13
WB2401ST2021045184,2021-12-27
WB2401ST2021014514,2021-09-14
WB2401ST2022006840,2022-02-10
WB2401ST2021025923,2021-09-28
WB2401ST2021016855,2021-09-16
WB2401ST2021020255,2021-09-21
WB2401ST2023055981,2023-08-04
WB2401ST2021020236,2021-09-21
WB2401ST2021036006,2021-11-16
WB2401ST2021025956,2021-09-28
WB2401ST2021043280,2021-12-19
WB2401ST2023077447,2023-12-04
WB2401ST2021030164,2021-10-05
WB2401ST2022005666,2022-01-22
WB2401ST2022010725,2022-03-11
WB2401ST2021047099,2021-12-31
WB2401ST2023061300,2023-08-05
WB2401ST2021015653,2021-09-16
WB2401ST2021026604,2021-09-28
WB2401ST2022021253,2022-06-23
WB2401ST2021033287,2021-10-11
WB2401ST2022010140,2022-03-10
WB2401ST2021035599,2021-11-15
WB2401ST2021021478,2021-09-23
WB2401ST2021022899,2021-09-24
WB2401ST2022021197,2022-06-23
WB2401ST2021036819,2021-11-20
WB2401ST2021032443,2021-10-09
WB2401ST2021039702,2021-12-12
WB2401ST2021042700,2021-12-18
WB2401ST2021025937,2021-09-28
WB2401ST2021040603,2021-12-17
WB2401ST2022012725,2022-03-16
WB2401ST2021023284,2021-09-25
WB2401ST2023018641,2023-05-30
WB2401ST2022024538,2022-07-15
WB2401ST2021035490,2021-11-15
WB2401ST2021022123,2021-09-24
WB2401ST2021032317,2021-10-09
WB2401ST2021025117,2021-09-27
WB2401ST2022027119,2022-08-23
WB2401ST2023001642,2023-01-17
WB2401ST2021038408,2021-12-06
WB2401ST2021030500,2021-10-05
WB2401ST2021039176,2021-12-11
WB2401ST2021018052,2021-09-19
WB2401ST2022010395,2022-03-11
WB2401ST2022001469,2022-01-12
WB2401ST2021028950,2021-10-01
WB2401ST2021032444,2021-10-09
WB2401ST2021024105,2021-09-26
WB2401ST2022008632,2022-03-06
WB2401ST2021017196,2021-09-16
WB2401ST2022007124,2022-02-13
WB2401ST2021027086,2021-09-29
WB2401ST2021016996,2021-09-16
WB2401ST2021030154,2021-10-05
WB2401ST2021043473,2021-12-19
WB2401ST2021017402,2021-09-18
WB2401ST2021046458,2021-12-30
WB2401ST2021040602,2021-12-17
WB2401ST2021016947,2021-09-16
WB2401ST2022003609,2022-01-15
WB2401ST2022031274,2022-09-30
WB2401ST2022004917,2022-01-20
WB2401ST2021017420,2021-09-18
WB2401ST2022010219,2022-03-11
WB2401ST2021026488,2021-09-28
WB2401ST2021044527,2021-12-22
WB2401ST2023056238,2023-08-04
WB2401ST2022028327,2022-08-29
WB2401ST2022014241,2022-03-20
WB2401ST2021027333,2021-09-29
WB2401ST2021023843,2021-09-26
WB2401ST2021043844,2021-12-19
WB2401ST2021035517,2021-11-15
WB2401ST2023002986,2023-02-03
WB2401ST2023039396,2023-06-26
WB2401ST2023043575,2023-07-27
WB2401ST2021017804,2021-09-18
WB2401ST2022005716,2022-01-23
WB2401ST2022007641,2022-02-13
WB2401ST2021020261,2021-09-21
WB2401ST2021020791,2021-09-22
WB2401ST2021025936,2021-09-28
WB2401ST2023003196,2023-02-13
WB2401ST2021015589,2021-09-16
WB2401ST2021023803,2021-09-25
WB2401ST2021046334,2021-12-30
WB2401ST2021021041,2021-09-23
WB2401ST2021017183,2021-09-16
WB2401ST2021022662,2021-09-24
WB2401ST2022016439,2022-05-26
WB2401ST2022031389,2022-10-19
WB2401ST2021038544,2021-12-06
WB2401ST2021015607,2021-09-16
WB2401ST2021019906,2021-09-21
WB2401ST2021027400,2021-09-29
WB2401ST2021018505,2021-09-20
WB2401ST2021033447,2021-10-11
WB2401ST2022015532,2022-05-06
WB2401ST2021016776,2021-09-16
WB2401ST2021025929,2021-09-28
WB2401ST2022004711,2022-01-19
WB2401ST2021018075,2021-09-19
WB2401ST2021026836,2021-09-29
WB2401ST2021029440,2021-10-01
WB2401ST2021043991,2021-12-19
WB2401ST2021020803,2021-09-22
WB2401ST2022028496,2022-08-30
WB2401ST2022019218,2022-06-20
WB2401ST2023015618,2023-05-29
WB2401ST2021017363,2021-09-18
WB2401ST2021018376,2021-09-20
WB2401ST2021026493,2021-09-28
WB2401ST2021032335,2021-10-09
WB2401ST2021024388,2021-09-26
WB2401ST2021026005,2021-09-28
WB2401ST2021044413,2021-12-22
WB2401ST2021012355,2021-09-09
WB2401ST2021020872,2021-09-22
WB2401ST2022002340,2022-01-14
WB2401ST2021025606,2021-09-27
WB2401ST2021025644,2021-09-27
WB2401ST2022001797,2022-01-13
WB2401ST2021042698,2021-12-18
WB2401ST2022022371,2022-06-25
WB2401ST2022002142,2022-01-13
WB2401ST2021018432,2021-09-20
WB2401ST2021029969,2021-10-04
WB2401ST2021017203,2021-09-16
WB2401ST2022021195,2022-06-23
WB2401ST2023007895,2023-04-28
WB2401ST2022004179,2022-01-18
WB2401ST2021047080,2021-12-31
WB2401ST2021026054,2021-09-28
WB2401ST2022024402,2022-07-13
WB2401ST2021040599,2021-12-17
WB2401ST2021037653,2021-11-26
WB2401ST2021022898,2021-09-24
WB2401ST2021024459,2021-09-26
WB2401ST2021022192,2021-09-24
WB2401ST2021041377,2021-12-18
WB2401ST2022030095,2022-09-21
WB2401ST2021020571,2021-09-22
WB2401ST2022019012,2022-06-20
WB2401ST2021033362,2021-10-11
WB2401ST2021017459,2021-09-18
WB2401ST2022025118,2022-07-29
WB2401ST2023003625,2023-03-02
WB2401ST2021025837,2021-09-28
WB2401ST2021046338,2021-12-30
WB2401ST2021027973,2021-09-30
WB2401ST2022019144,2022-06-20
WB2401ST2021031070,2021-10-05
WB2401ST2021032621,2021-10-09
WB2401ST2021011601,2021-09-08
WB2401ST2021035460,2021-11-15
WB2401ST2021035972,2021-11-16
WB2401ST2021036334,2021-11-19
WB2401ST2021017924,2021-09-18
WB2401ST2021044697,2021-12-23
WB2401ST2022003366,2022-01-14
WB2401ST2022032334,2022-11-11
WB2401ST2021022083,2021-09-24
WB2401ST2021022998,2021-09-25
WB2401ST2021027396,2021-09-29
WB2401ST2021042967,2021-12-19
WB2401ST2023066909,2023-08-06
WB2401ST2021045235,2021-12-28
WB2401ST2021028171,2021-09-30
WB2401ST2021017796,2021-09-18
WB2401ST2023011709,2023-05-27
WB2401ST2021021836,2021-09-23
WB2401ST2021032451,2021-10-09
WB2401ST2021023966,2021-09-26
WB2401ST2021024038,2021-09-26
WB2401ST2021030512,2021-10-05
WB2401ST2022000381,2022-01-05
WB2401ST2023005582,2023-04-06
WB2401ST2022004700,2022-01-19
WB2401ST2021035547,2021-11-15
WB2401ST2021027392,2021-09-29
WB2401ST2021037006,2021-11-20
WB2401ST2021015796,2021-09-16
WB2401ST2021017136,2021-09-16
WB2401ST2021041016,2021-12-17
WB2401ST2021030390,2021-10-05
WB2401ST2021038473,2021-12-06
WB2401ST2021027496,2021-09-29
WB2401ST2021039159,2021-12-11
WB2401ST2021027395,2021-09-29
WB2401ST2021035552,2021-11-15
WB2401ST2021021556,2021-09-23
WB2401ST2021029492,2021-10-02
WB2401ST2021029950,2021-10-03
WB2401ST2021029511,2021-10-02
WB2401ST2021032619,2021-10-09
WB2401ST2022000940,2022-01-12
WB2401ST2021046982,2021-12-31
WB2401ST2021011602,2021-09-08
WB2401ST2022001563,2022-01-12
WB2401ST2021023315,2021-09-25
WB2401ST2021015696,2021-09-16
WB2401ST2021037634,2021-11-26
WB2401ST2021018903,2021-09-20
WB2401ST2022003335,2022-01-14
WB2401ST2021032587,2021-10-09
WB2401ST2021024101,2021-09-26
WB2401ST2021046362,2021-12-30
WB2401ST2024001981,2024-11-14
WB2401ST2021017806,2021-09-18
WB2401ST2022007506,2022-02-13
WB2401ST2022014242,2022-03-20
WB2401ST2022002226,2022-01-13
WB2401ST2021028501,2021-10-01
WB2401ST2021017328,2021-09-18
WB2401ST2021024791,2021-09-26
WB2401ST2022002452,2022-01-14
WB2401ST2022002300,2022-01-14
WB2401ST2021027060,2021-09-29
WB2401ST2021032464,2021-10-09
WB2401ST2021024940,2021-09-27
WB2401ST2021028694,2021-10-01
WB2401ST2021011618,2021-09-08
WB2401ST2021021569,2021-09-23
WB2401ST2022009383,2022-03-10
WB2401ST2021025281,2021-09-27
WB2401ST2022005371,2022-01-22
WB2401ST2021016966,2021-09-16
WB2401ST2021033834,2021-10-13
WB2401ST2022008765,2022-03-07
WB2401ST2021033825,2021-10-13
WB2401ST2022004341,2022-01-19
WB2401ST2022000700,2022-01-05
WB2401ST2021032338,2021-10-09
WB2401ST2021017213,2021-09-16
WB2401ST2023015115,2023-05-29
WB2401ST2021021511,2021-09-23
WB2401ST2022012432,2022-03-15
WB2401ST2021020622,2021-09-22
WB2401ST2021045775,2021-12-29
WB2401ST2021031388,2021-10-05
WB2401ST2022004094,2022-01-18
WB2401ST2022001167,2022-01-12
WB2401ST2021026801,2021-09-28
WB2401ST2021027787,2021-09-30
WB2401ST2022002271,2022-01-13
WB2401ST2021032606,2021-10-09
WB2401ST2021024048,2021-09-26
WB2401ST2023072694,2023-08-28
WB2401ST2021030426,2021-10-05
WB2401ST2021026548,2021-09-28
WB2401ST2021035397,2021-11-15
WB2401ST2022000249,2022-01-05
WB2401ST2021011603,2021-09-08
WB2401ST2022005137,2022-01-22
WB2401ST2021018412,2021-09-20
WB2401ST2022020829,2022-06-23
WB2401ST2022005450,2022-01-22
WB2401ST2022035236,2022-12-11
WB2401ST2021036484,2021-11-19
WB2401ST2021028156,2021-09-30
WB2401ST2022001508,2022-01-12
WB2401ST2021015712,2021-09-16
WB2401ST2021031812,2021-10-05
WB2401ST2021011610,2021-09-08
WB2401ST2021021434,2021-09-23
WB2401ST2022019135,2022-06-20
WB2401ST2021025735,2021-09-28
WB2401ST2021014172,2021-09-14
WB2401ST2021047077,2021-12-31
WB2401ST2022005641,2022-01-22
WB2401ST2023051392,2023-08-03
WB2401ST2021019135,2021-09-20
WB2401ST2021012354,2021-09-09
WB2401ST2022000383,2022-01-05
WB2401ST2021045820,2021-12-29
WB2401ST2023067301,2023-08-06
WB2401ST2021028714,2021-10-01
WB2401ST2022027837,2022-08-27
WB2401ST2021046903,2021-12-31
WB2401ST2023010905,2023-05-26
WB2401ST2021017408,2021-09-18
WB2401ST2021033106,2021-10-11
WB2401ST2021038411,2021-12-06
WB2401ST2021017829,2021-09-18
WB2401ST2021020597,2021-09-22
WB2401ST2023008790,2023-05-21
WB2401ST2022006427,2022-02-08
WB2401ST2021018278,2021-09-19
WB2401ST2023067291,2023-08-06
WB2401ST2021019276,2021-09-20
WB2401ST2021032707,2021-10-09
WB2401ST2022012697,2022-03-16
WB2401ST2021016467,2021-09-16
WB2401ST2021017209,2021-09-16
WB2401ST2021020666,2021-09-22
WB2401ST2021016624,2021-09-16
WB2401ST2021045278,2021-12-28
WB2401ST2021026467,2021-09-28
WB2401ST2022002399,2022-01-14
WB2401ST2022009310,2022-03-10
WB2401ST2021017992,2021-09-19
WB2401ST2021020634,2021-09-22
WB2401ST2021030479,2021-10-05
WB2401ST2021021568,2021-09-23
WB2401ST2021029643,2021-10-02
WB2401ST2021027111,2021-09-29
WB2401ST2021044769,2021-12-23
WB2401ST2021018311,2021-09-19
WB2401ST2022007275,2022-02-13
WB2401ST2021027064,2021-09-29
WB2401ST2021027498,2021-09-29
WB2401ST2022003466,2022-01-15
WB2401ST2021027863,2021-09-30
WB2401ST2022009302,2022-03-10
WB2401ST2022003336,2022-01-14
WB2401ST2022004707,2022-01-19
WB2401ST2022000192,2022-01-02
WB2401ST2021011604,2021-09-08
WB2401ST2021034386,2021-10-28
WB2401ST2021027477,2021-09-29
WB2401ST2022007264,2022-02-13
WB2401ST2021016399,2021-09-16
WB2401ST2021026666,2021-09-28
WB2401ST2021016528,2021-09-16
WB2401ST2021034733,2021-10-30
WB2401ST2022002453,2022-01-14
WB2401ST2022001553,2022-01-12
WB2401ST2022020065,2022-06-22
WB2401ST2022027517,2022-08-24
WB2401ST2021028033,2021-09-30
WB2401ST2021028791,2021-10-01
WB2401ST2021019309,2021-09-20
WB2401ST2022021112,2022-06-23
WB2401ST2021028865,2021-10-01
WB2401ST2021039760,2021-12-12
WB2401ST2021026566,2021-09-28
WB2401ST2021017462,2021-09-18
WB2401ST2021016872,2021-09-16
WB2401ST2021016430,2021-09-16
WB2401ST2021023062,2021-09-25
WB2401ST2021029343,2021-10-01
WB2401ST2021043875,2021-12-19
WB2401ST2021047185,2021-12-31
WB2401ST2021021596,2021-09-23
WB2401ST2022001234,2022-01-12
WB2401ST2023008792,2023-05-21
WB2401ST2022000404,2022-01-05
WB2401ST2022006492,2022-02-08
WB2401ST2021025754,2021-09-28
WB2401ST2022013787,2022-03-17
WB2401ST2021032586,2021-10-09
WB2401ST2022020010,2022-06-21
WB2401ST2021019275,2021-09-20
WB2401ST2021013954,2021-09-13
WB2401ST2021030513,2021-10-05
WB2401ST2022008802,2022-03-07
WB2401ST2021019564,2021-09-21
WB2401ST2021027780,2021-09-30
WB2401ST2021026418,2021-09-28
WB2401ST2022006490,2022-02-08
WB2401ST2022001327,2022-01-12
WB2401ST2022019100,2022-06-20
WB2401ST2021015722,2021-09-16
WB2401ST2022006916,2022-02-10
WB2401ST2021018912,2021-09-20
WB2401ST2021021567,2021-09-23
WB2401ST2021034440,2021-10-28
WB2401ST2021037952,2021-12-05
WB2401ST2022006742,2022-02-09
WB2401ST2021041642,2021-12-18
WB2401ST2021025932,2021-09-28
WB2401ST2021016411,2021-09-16
WB2401ST2021045190,2021-12-27
WB2401ST2021016647,2021-09-16
WB2401ST2022001834,2022-01-13
WB2401ST2021044733,2021-12-23
WB2401ST2022013858,2022-03-20
WB2401ST2022008929,2022-03-07
WB2401ST2021017334,2021-09-18
WB2401ST2022030093,2022-09-21
WB2401ST2021024629,2021-09-26
WB2401ST2021026857,2021-09-29
WB2401ST2021034410,2021-10-28
WB2401ST2022003700,2022-01-15
WB2401ST2021021048,2021-09-23
WB2401ST2022000766,2022-01-12
WB2401ST2021017471,2021-09-18
WB2401ST2023004559,2023-03-31
WB2401ST2022014920,2022-03-20
WB2401ST2021037011,2021-11-20
WB2401ST2022001666,2022-01-13
WB2401ST2021028868,2021-10-01
WB2401ST2021031529,2021-10-05
WB2401ST2022004993,2022-01-20
WB2401ST2021024380,2021-09-26
WB2401ST2021043891,2021-12-19
WB2401ST2021041924,2021-12-18
WB2401ST2022013288,2022-03-17
WB2401ST2021045612,2021-12-28
WB2401ST2023006326,2023-04-11
WB2401ST2021029039,2021-10-01
WB2401ST2021019982,2021-09-21
WB2401ST2022020125,2022-06-22
WB2401ST2021028125,2021-09-30
WB2401ST2021033210,2021-10-11
WB2401ST2022004242,2022-01-18
WB2401ST2022004443,2022-01-19
WB2401ST2022012612,2022-03-16
WB2401ST2021014260,2021-09-14
WB2401ST2021031819,2021-10-05
WB2401ST2022024567,2022-07-15
WB2401ST2021016814,2021-09-16
WB2401ST2021045078,2021-12-24
WB2401ST2022000643,2022-01-05
WB2401ST2021046523,2021-12-30
WB2401ST2021019516,2021-09-21
WB2401ST2021013897,2021-09-13
WB2401ST2021046117,2021-12-29
WB2401ST2022006871,2022-02-10
WB2401ST2021014695,2021-09-14
WB2401ST2021018223,2021-09-19
WB2401ST2021024758,2021-09-26
WB2401ST2021017249,2021-09-17
WB2401ST2022024348,2022-07-13
WB2401ST2021015706,2021-09-16
WB2401ST2022019310,2022-06-20
WB2401ST2021032755,2021-10-09
WB2401ST2022008881,2022-03-07
WB2401ST2021016498,2021-09-16
WB2401ST2021026748,2021-09-28
WB2401ST2021032460,2021-10-09
WB2401ST2023067367,2023-08-06
WB2401ST2021026602,2021-09-28
WB2401ST2021017010,2021-09-16
WB2401ST2021038997,2021-12-11
WB2401ST2021027885,2021-09-30
WB2401ST2021027112,2021-09-29
WB2401ST2021027372,2021-09-29
WB2401ST2021026082,2021-09-28
WB2401ST2021028960,2021-10-01
WB2401ST2021038410,2021-12-06
WB2401ST2021023999,2021-09-26
WB2401ST2021014177,2021-09-14
WB2401ST2021019565,2021-09-21
WB2401ST2021016761,2021-09-16
WB2401ST2022004969,2022-01-20
WB2401ST2022018571,2022-06-17
WB2401ST2021032353,2021-10-09
WB2401ST2021026507,2021-09-28
WB2401ST2021027095,2021-09-29
WB2401ST2021017308,2021-09-18
WB2401ST2021022071,2021-09-24
WB2401ST2022005887,2022-01-26
WB2401ST2021045909,2021-12-29
WB2401ST2021038368,2021-12-06
WB2401ST2022030090,2022-09-21
WB2401ST2021021641,2021-09-23
WB2401ST2021023205,2021-09-25
WB2401ST2021017354,2021-09-18
WB2401ST2021033448,2021-10-11
WB2401ST2021030661,2021-10-05
WB2401ST2021032328,2021-10-09
WB2401ST2021014788,2021-09-14
WB2401ST2021019524,2021-09-21
WB2401ST2021017780,2021-09-18
WB2401ST2021027918,2021-09-30
WB2401ST2021038596,2021-12-07
WB2401ST2021032985,2021-10-11
WB2401ST2022010540,2022-03-11
WB2401ST2021042326,2021-12-18
WB2401ST2022004708,2022-01-19
WB2401ST2022000637,2022-01-05
WB2401ST2022008927,2022-03-07
WB2401ST2022000969,2022-01-12
WB2401ST2021023540,2021-09-25
WB2401ST2021025875,2021-09-28
WB2401ST2021020324,2021-09-21
WB2401ST2021014228,2021-09-14
WB2401ST2021034745,2021-10-30
WB2401ST2021017711,2021-09-18
WB2401ST2021036697,2021-11-20
WB2401ST2023011129,2023-05-27
WB2401ST2021042116,2021-12-18
WB2401ST2021047103,2021-12-31
WB2401ST2021037845,2021-11-30
WB2401ST2021029348,2021-10-01
WB2401ST2021014852,2021-09-14
WB2401ST2021022096,2021-09-24
WB2401ST2021016484,2021-09-16
WB2401ST2021023067,2021-09-25
WB2401ST2023010334,2023-05-25
WB2401ST2021029108,2021-10-01
WB2401ST2021043890,2021-12-19
WB2401ST2021018491,2021-09-20
WB2401ST2021033011,2021-10-11
WB2401ST2022010340,2022-03-11
WB2401ST2022021070,2022-06-23
WB2401ST2021020925,2021-09-22
WB2401ST2022004962,2022-01-20
WB2401ST2022000142,2022-01-02
WB2401ST2021020062,2021-09-21
WB2401ST2021024322,2021-09-26
WB2401ST2021017078,2021-09-16
WB2401ST2021018569,2021-09-20
WB2401ST2022003646,2022-01-15
WB2401ST2021017162,2021-09-16
WB2401ST2021046698,2021-12-31
WB2401ST2021038437,2021-12-06
WB2401ST2021033080,2021-10-11
WB2401ST2021032004,2021-10-06
WB2401ST2021032015,2021-10-06
WB2401ST2021032071,2021-10-06
WB2401ST2022030091,2022-09-21
WB2401ST2021043522,2021-12-19
WB2401ST2023019393,2023-05-31
WB2401ST2021017469,2021-09-18
WB2401ST2021031142,2021-10-05
WB2401ST2021027387,2021-09-29
WB2401ST2021023301,2021-09-25
WB2401ST2021032426,2021-10-09
WB2401ST2022031726,2022-10-28
WB2401ST2021032987,2021-10-11
WB2401ST2021027113,2021-09-29
WB2401ST2021032578,2021-10-09
WB2401ST2023010329,2023-05-25
WB2401ST2022005689,2022-01-22
WB2401ST2022000076,2022-01-02
WB2401ST2021014174,2021-09-14
WB2401ST2021023214,2021-09-25
WB2401ST2023074656,2023-09-28
WB2401ST2022010453,2022-03-11
WB2401ST2021017642,2021-09-18
WB2401ST2022002143,2022-01-13
WB2401ST2021028969,2021-10-01
WB2401ST2021037964,2021-12-05
WB2401ST2023008789,2023-05-21
WB2401ST2022023192,2022-06-28
WB2401ST2021014171,2021-09-14
WB2401ST2022004981,2022-01-20
WB2401ST2021030829,2021-10-05
WB2401ST2021017235,2021-09-17
WB2401ST2021018538,2021-09-20
WB2401ST2022006270,2022-02-04
WB2401ST2021040933,2021-12-17
WB2401ST2021045423,2021-12-28
WB2401ST2021043087,2021-12-19
WB2401ST2021031628,2021-10-05
WB2401ST2021020613,2021-09-22
WB2401ST2021019941,2021-09-21
WB2401ST2022004837,2022-01-20
WB2401ST2024001999,2024-11-18
WB2401ST2021027917,2021-09-30
WB2401ST2021025790,2021-09-28
WB2401ST2021029067,2021-10-01
WB2401ST2021025620,2021-09-27
WB2401ST2021027084,2021-09-29
WB2401ST2021018487,2021-09-20
WB2401ST2022000161,2022-01-02
WB2401ST2021016343,2021-09-16
WB2401ST2021020270,2021-09-21
WB2401ST2021045776,2021-12-29
WB2401ST2021032045,2021-10-06
WB2401ST2021031861,2021-10-06
WB2401ST2021017155,2021-09-16
WB2401ST2023003851,2023-03-03
WB2401ST2021024375,2021-09-26
WB2401ST2022002219,2022-01-13
WB2401ST2022007727,2022-02-13
WB2401ST2021034359,2021-10-28
WB2401ST2021036058,2021-11-16
WB2401ST2023005581,2023-04-06
WB2401ST2022030092,2022-09-21
WB2401ST2021019579,2021-09-21
WB2401ST2022027053,2022-08-23
WB2401ST2021033309,2021-10-11
WB2401ST2022004127,2022-01-18
WB2401ST2023003789,2023-03-03
WB2401ST2023014163,2023-05-28
WB2401ST2022001352,2022-01-12
WB2401ST2021038518,2021-12-06
WB2401ST2021031513,2021-10-05
WB2401ST2022037490,2022-12-29
WB2401ST2021014348,2021-09-14
WB2401ST2022006600,2022-02-09
WB2401ST2021017783,2021-09-18
WB2401ST2021016756,2021-09-16
WB2401ST2021039469,2021-12-12
WB2401ST2021026065,2021-09-28
WB2401ST2021037320,2021-11-21
WB2401ST2021035436,2021-11-15
WB2401ST2021039117,2021-12-11
WB2401ST2022000776,2022-01-12
WB2401ST2021043317,2021-12-19
WB2401ST2022029867,2022-09-20
WB2401ST2021033646,2021-10-11
WB2401ST2021028551,2021-10-01
WB2401ST2021026354,2021-09-28
WB2401ST2021033027,2021-10-11
WB2401ST2021024072,2021-09-26
WB2401ST2021017678,2021-09-18
WB2401ST2023029475,2023-06-06
WB2401ST2022005964,2022-01-26
WB2401ST2021032762,2021-10-09
WB2401ST2021047295,2021-12-31
WB2401ST2021016806,2021-09-16
WB2401ST2021037493,2021-11-26
WB2401ST2022002223,2022-01-13
WB2401ST2021016867,2021-09-16
WB2401ST2021024164,2021-09-26
WB2401ST2021028050,2021-09-30
WB2401ST2021027046,2021-09-29
WB2401ST2021043985,2021-12-19
WB2401ST2021043288,2021-12-19
WB2401ST2021020036,2021-09-21
WB2401ST2021044412,2021-12-22
WB2401ST2021017158,2021-09-16
WB2401ST2021017443,2021-09-18
WB2401ST2021022640,2021-09-24
WB2401ST2022007790,2022-03-06
WB2401ST2021014230,2021-09-14
WB2401ST2021034140,2021-10-13
WB2401ST2023072992,2023-08-31
WB2401ST2021035848,2021-11-15
WB2401ST2021037021,2021-11-20
WB2401ST2023010336,2023-05-25
WB2401ST2021019703,2021-09-21
WB2401ST2021031777,2021-10-05
WB2401ST2022026180,2022-08-21
WB2401ST2021021570,2021-09-23
WB2401ST2022018447,2022-06-17
WB2401ST2021024119,2021-09-26
WB2401ST2022006701,2022-02-09
WB2401ST2021032427,2021-10-09
WB2401ST2022000978,2022-01-12
WB2401ST2021023558,2021-09-25
WB2401ST2021025289,2021-09-27
WB2401ST2023010332,2023-05-25
WB2401ST2021031815,2021-10-05
WB2401ST2022008134,2022-03-06
WB2401ST2021019526,2021-09-21
WB2401ST2022005936,2022-01-26
WB2401ST2023004131,2023-03-23
WB2401ST2021018327,2021-09-20
WB2401ST2022005409,2022-01-22
WB2401ST2021026080,2021-09-28
WB2401ST2021045856,2021-12-29
WB2401ST2021022904,2021-09-24
WB2401ST2021047232,2021-12-31
WB2401ST2021026058,2021-09-28
WB2401ST2021017756,2021-09-18
WB2401ST2022014243,2022-03-20
WB2401ST2021023642,2021-09-25
WB2401ST2021022255,2021-09-24
WB2401ST2021032069,2021-10-06
WB2401ST2021034389,2021-10-28
WB2401ST2021021331,2021-09-23
WB2401ST2023059948,2023-08-05
WB2401ST2021040346,2021-12-16
WB2401ST2021017452,2021-09-18
WB2401ST2021016538,2021-09-16
WB2401ST2021033979,2021-10-13
WB2401ST2022000580,2022-01-05
WB2401ST2021015619,2021-09-16
WB2401ST2022006379,2022-02-04
WB2401ST2022024470,2022-07-15
WB2401ST2021033016,2021-10-11
WB2401ST2021025808,2021-09-28
WB2401ST2021045386,2021-12-28
WB2401ST2021016749,2021-09-16
WB2401ST2022015024,2022-03-31
WB2401ST2022001017,2022-01-12
WB2401ST2021025821,2021-09-28
WB2401ST2023010331,2023-05-25
WB2401ST2021031700,2021-10-05
WB2401ST2021023545,2021-09-25
WB2401ST2022003066,2022-01-14
WB2401ST2023059994,2023-08-05
WB2401ST2021023653,2021-09-25
WB2401ST2021013892,2021-09-13
WB2401ST2021034188,2021-10-17
WB2401ST2023011867,2023-05-28
WB2401ST2023008788,2023-05-21
WB2401ST2022022697,2022-06-25
WB2401ST2021033828,2021-10-13
WB2401ST2021041353,2021-12-18
WB2401ST2021024181,2021-09-26
WB2401ST2021024746,2021-09-26
WB2401ST2021041467,2021-12-18
WB2401ST2022004898,2022-01-20
WB2401ST2021018441,2021-09-20
WB2401ST2021033667,2021-10-12
WB2401ST2021013625,2021-09-13
WB2401ST2021042960,2021-12-19
WB2401ST2021026394,2021-09-28
WB2401ST2021027641,2021-09-30
WB2401ST2022014505,2022-03-20
WB2401ST2021034423,2021-10-28
WB2401ST2021021632,2021-09-23
WB2401ST2022017781,2022-06-08
WB2401ST2021028224,2021-09-30
WB2401ST2022003082,2022-01-14
WB2401ST2021040313,2021-12-16
WB2401ST2023019408,2023-05-31
WB2401ST2022020950,2022-06-23
WB2401ST2024001993,2024-11-18
WB2401ST2022008247,2022-03-06
WB2401ST2022000983,2022-01-12
WB2401ST2021028105,2021-09-30
WB2401ST2023008787,2023-05-21
WB2401ST2021017206,2021-09-16
WB2401ST2021045186,2021-12-27
WB2401ST2022016282,2022-05-25
WB2401ST2021020396,2021-09-21
WB2401ST2021033109,2021-10-11
WB2401ST2021017404,2021-09-18
WB2401ST2021025563,2021-09-27
WB2401ST2021022172,2021-09-24
WB2401ST2021027443,2021-09-29
WB2401ST2021043489,2021-12-19
WB2401ST2021016803,2021-09-16
WB2401ST2021025389,2021-09-27
WB2401ST2021016100,2021-09-16
WB2401ST2021033251,2021-10-11
WB2401ST2023042272,2023-07-25
WB2401ST2021033014,2021-10-11
WB2401ST2021014204,2021-09-14
WB2401ST2021027308,2021-09-29
WB2401ST2021025740,2021-09-28
WB2401ST2021037737,2021-11-30
WB2401ST2021028633,2021-10-01
WB2401ST2022012503,2022-03-16
WB2401ST2021023863,2021-09-26
WB2401ST2021043513,2021-12-19
WB2401ST2021028525,2021-10-01
WB2401ST2023006251,2023-04-11
WB2401ST2021017463,2021-09-18
WB2401ST2021017208,2021-09-16
WB2401ST2021021882,2021-09-24
WB2401ST2022019814,2022-06-21
WB2401ST2021027212,2021-09-29
WB2401ST2023040486,2023-07-21
WB2401ST2022022672,2022-06-25
WB2401ST2021033830,2021-10-13
WB2401ST2022000799,2022-01-12
WB2401ST2021029136,2021-10-01
WB2401ST2022006335,2022-02-04
WB2401ST2021021316,2021-09-23
WB2401ST2022005517,2022-01-22
WB2401ST2021018305,2021-09-19
WB2401ST2021026904,2021-09-29
WB2401ST2022007791,2022-03-06
WB2401ST2021031804,2021-10-05
WB2401ST2021030624,2021-10-05
WB2401ST2021017433,2021-09-18
WB2401ST2021042202,2021-12-18
WB2401ST2023013769,2023-05-28
WB2401ST2021044152,2021-12-19
WB2401ST2021030381,2021-10-05
WB2401ST2022001028,2022-01-12
WB2401ST2022015088,2022-03-31
WB2401ST2022004645,2022-01-19
WB2401ST2021033259,2021-10-11
WB2401ST2022024609,2022-07-15
WB2401ST2021040258,2021-12-16
WB2401ST2021020694,2021-09-22
WB2401ST2021017207,2021-09-16
WB2401ST2021020590,2021-09-22
WB2401ST2023040485,2023-07-21
WB2401ST2021029518,2021-10-02
WB2401ST2022016570,2022-05-28
WB2401ST2024001982,2024-11-14
WB2401ST2021041895,2021-12-18
WB2401ST2022037187,2022-12-29
WB2401ST2022008248,2022-03-06
WB2401ST2021028102,2021-09-30
WB2401ST2021036032,2021-11-16
WB2401ST2021021335,2021-09-23
WB2401ST2021028837,2021-10-01
WB2401ST2021020991,2021-09-22
WB2401ST2021013907,2021-09-13
WB2401ST2021038332,2021-12-06
WB2401ST2021022908,2021-09-24
WB2401ST2021020179,2021-09-21
WB2401ST2021019739,2021-09-21
WB2401ST2022009709,2022-03-10
WB2401ST2021022622,2021-09-24
WB2401ST2021029238,2021-10-01
WB2401ST2022001345,2022-01-12
WB2401ST2022004086,2022-01-18
WB2401ST2021027241,2021-09-29
WB2401ST2021035415,2021-11-15
WB2401ST2022017902,2022-06-08
WB2401ST2021025329,2021-09-27
WB2401ST2021021355,2021-09-23
WB2401ST2022002206,2022-01-13
WB2401ST2021039929,2021-12-13
WB2401ST2022034608,2022-12-01
WB2401ST2021026060,2021-09-28
WB2401ST2021043107,2021-12-19
WB2401ST2021019669,2021-09-21
WB2401ST2021013923,2021-09-13
WB2401ST2021036149,2021-11-17
WB2401ST2021018508,2021-09-20
WB2401ST2021033276,2021-10-11
WB2401ST2021030837,2021-10-05
WB2401ST2021028967,2021-10-01
WB2401ST2021038815,2021-12-11
WB2401ST2021018209,2021-09-19
WB2401ST2021026726,2021-09-28
WB2401ST2021047132,2021-12-31
WB2401ST2021032462,2021-10-09
WB2401ST2022002096,2022-01-13
WB2401ST2021032995,2021-10-11
WB2401ST2021015765,2021-09-16
WB2401ST2021047137,2021-12-31
WB2401ST2023013913,2023-05-28
WB2401ST2021031380,2021-10-05
WB2401ST2022018954,2022-06-20
WB2401ST2021033299,2021-10-11
WB2401ST2024000620,2024-02-08
WB2401ST2022000290,2022-01-05
WB2401ST2022025016,2022-07-29
WB2401ST2021043463,2021-12-19
WB2401ST2021018517,2021-09-20
WB2401ST2021042130,2021-12-18
WB2401ST2021020591,2021-09-22
WB2401ST2022007575,2022-02-13
WB2401ST2021019846,2021-09-21
WB2401ST2022006878,2022-02-10
WB2401ST2021019666,2021-09-21
WB2401ST2021027054,2021-09-29
WB2401ST2021029332,2021-10-01
WB2401ST2021029562,2021-10-02
WB2401ST2022008680,2022-03-07
WB2401ST2022004394,2022-01-19
WB2401ST2021022474,2021-09-24
WB2401ST2023029414,2023-06-06
WB2401ST2022000989,2022-01-12
WB2401ST2021034985,2021-10-30
WB2401ST2021019063,2021-09-20
WB2401ST2023003041,2023-02-06
WB2401ST2021027312,2021-09-29
WB2401ST2021035768,2021-11-15
WB2401ST2021022460,2021-09-24
WB2401ST2022000808,2022-01-12
WB2401ST2023018852,2023-05-30
WB2401ST2021017260,2021-09-17
WB2401ST2021029063,2021-10-01
WB2401ST2021043650,2021-12-19
WB2401ST2021036148,2021-11-17
WB2401ST2021022475,2021-09-24
WB2401ST2022019374,2022-06-21
WB2401ST2022022555,2022-06-25
WB2401ST2021020156,2021-09-21
WB2401ST2021043105,2021-12-19
WB2401ST2022004232,2022-01-18
WB2401ST2021024443,2021-09-26
WB2401ST2021024608,2021-09-26
WB2401ST2021020754,2021-09-22
WB2401ST2021014195,2021-09-14
WB2401ST2021036961,2021-11-20
WB2401ST2021014607,2021-09-14
WB2401ST2022004216,2022-01-18
WB2401ST2021018359,2021-09-20
WB2401ST2021025828,2021-09-28
WB2401ST2021042216,2021-12-18
WB2401ST2021041680,2021-12-18
WB2401ST2023017850,2023-05-30
WB2401ST2023037328,2023-06-08
WB2401ST2021037395,2021-11-21
WB2401ST2022019177,2022-06-20
WB2401ST2023008794,2023-05-21
WB2401ST2021033685,2021-10-12
WB2401ST2021033701,2021-10-12
WB2401ST2022020844,2022-06-23
WB2401ST2021018431,2021-09-20
WB2401ST2022020507,2022-06-22
WB2401ST2022017083,2022-06-01
WB2401ST2021034142,2021-10-13
WB2401ST2021036133,2021-11-17
WB2401ST2021018556,2021-09-20
WB2401ST2022001156,2022-01-12
WB2401ST2021021553,2021-09-23
WB2401ST2022014991,2022-03-31
WB2401ST2021016857,2021-09-16
WB2401ST2021022450,2021-09-24
WB2401ST2021018224,2021-09-19
WB2401ST2021040624,2021-12-17
WB2401ST2021042125,2021-12-18
WB2401ST2023018939,2023-05-30
WB2401ST2021021314,2021-09-23
WB2401ST2022014506,2022-03-20
WB2401ST2021038714,2021-12-08
WB2401ST2021038759,2021-12-08
WB2401ST2021024336,2021-09-26
WB2401ST2021027578,2021-09-30
WB2401ST2021034337,2021-10-28
WB2401ST2022000571,2022-01-05
WB2401ST2021045789,2021-12-29
WB2401ST2021019971,2021-09-21
WB2401ST2021028096,2021-09-30
WB2401ST2021013963,2021-09-13
WB2401ST2021023103,2021-09-25
WB2401ST2021022991,2021-09-25
WB2401ST2023035394,2023-06-08
WB2401ST2022022969,2022-06-28
WB2401ST2021027948,2021-09-30
WB2401ST2021020061,2021-09-21
WB2401ST2023051342,2023-08-03
WB2401ST2021017405,2021-09-18
WB2401ST2021013626,2021-09-13
WB2401ST2021021315,2021-09-23
WB2401ST2022000559,2022-01-05
WB2401ST2021023292,2021-09-25
WB2401ST2021024113,2021-09-26
WB2401ST2022004254,2022-01-18
WB2401ST2022003302,2022-01-14
WB2401ST2021045263,2021-12-28
WB2401ST2022015542,2022-05-06
WB2401ST2022014507,2022-03-20
WB2401ST2023008793,2023-05-21
WB2401ST2021027163,2021-09-29
WB2401ST2021018109,2021-09-19
WB2401ST2021029528,2021-10-02
WB2401ST2021045827,2021-12-29
WB2401ST2022016672,2022-05-30
WB2401ST2021018555,2021-09-20
WB2401ST2022022377,2022-06-25
WB2401ST2021018437,2021-09-20
WB2401ST2023018845,2023-05-30
WB2401ST2022029880,2022-09-20
WB2401ST2021035908,2021-11-16
WB2401ST2021031810,2021-10-05
WB2401ST2023067372,2023-08-06
WB2401ST2021023105,2021-09-25
WB2401ST2023022621,2023-06-01
WB2401ST2021027606,2021-09-30
WB2401ST2021012951,2021-09-11
WB2401ST2023022755,2023-06-02
WB2401ST2021024395,2021-09-26
WB2401ST2021020279,2021-09-21
WB2401ST2021016191,2021-09-16
WB2401ST2022004640,2022-01-19
WB2401ST2021011784,2021-09-09
WB2401ST2021011785,2021-09-09
WB2401ST2021029549,2021-10-02
WB2401ST2022004530,2022-01-19
WB2401ST2021011786,2021-09-09
WB2401ST2021011790,2021-09-09
WB2401ST2021027818,2021-09-30
WB2401ST2021047109,2021-12-31
WB2401ST2021011764,2021-09-09
WB2401ST2021011768,2021-09-09
WB2401ST2021011771,2021-09-09
WB2401ST2021021554,2021-09-23
WB2401ST2021023042,2021-09-25
WB2401ST2021045617,2021-12-28
WB2401ST2021013908,2021-09-13
WB2401ST2021023247,2021-09-25
WB2401ST2021011781,2021-09-09
WB2401ST2021020997,2021-09-22
WB2401ST2021011782,2021-09-09
WB2401ST2021042525,2021-12-18
WB2401ST2021036574,2021-11-19
WB2401ST2023020410,2023-05-31
WB2401ST2021022660,2021-09-24
WB2401ST2021022210,2021-09-24
WB2401ST2022017943,2022-06-08
WB2401ST2021017242,2021-09-17
WB2401ST2021020455,2021-09-21
WB2401ST2021020998,2021-09-22
WB2401ST2021043515,2021-12-19
WB2401ST2021045824,2021-12-29
WB2401ST2021045925,2021-12-29
WB2401ST2021042201,2021-12-18
WB2401ST2021045809,2021-12-29
WB2401ST2021020543,2021-09-22
WB2401ST2021045812,2021-12-29
WB2401ST2021045799,2021-12-29
WB2401ST2021043470,2021-12-19
WB2401ST2021021223,2021-09-23
WB2401ST2022019802,2022-06-21
WB2401ST2021043096,2021-12-19
WB2401ST2021026391,2021-09-28
WB2401ST2023073033,2023-08-31
WB2401ST2021026567,2021-09-28
WB2401ST2021019539,2021-09-21
WB2401ST2021019851,2021-09-21
WB2401ST2023010340,2023-05-25
WB2401ST2021019607,2021-09-21
WB2401ST2021019608,2021-09-21
WB2401ST2022022675,2022-06-25
WB2401ST2021019495,2021-09-21
WB2401ST2021030486,2021-10-05
WB2401ST2021021319,2021-09-23
WB2401ST2021011729,2021-09-09
WB2401ST2023026207,2023-06-03
WB2401ST2021011738,2021-09-09
WB2401ST2021011739,2021-09-09
WB2401ST2021021304,2021-09-23
WB2401ST2021017451,2021-09-18
WB2401ST2021011740,2021-09-09
WB2401ST2021017268,2021-09-17
WB2401ST2021013475,2021-09-12
WB2401ST2021011687,2021-09-09
WB2401ST2022021487,2022-06-24
WB2401ST2021018949,2021-09-20
WB2401ST2021011689,2021-09-09
WB2401ST2021013474,2021-09-12
WB2401ST2021017269,2021-09-17
WB2401ST2021011691,2021-09-09
WB2401ST2021013473,2021-09-12
WB2401ST2021023175,2021-09-25
WB2401ST2021021320,2021-09-23
WB2401ST2021011692,2021-09-09
WB2401ST2021015654,2021-09-16
WB2401ST2021011694,2021-09-09
WB2401ST2021029198,2021-10-01
WB2401ST2021036503,2021-11-19
WB2401ST2021021515,2021-09-23
WB2401ST2021021286,2021-09-23
WB2401ST2021011695,2021-09-09
WB2401ST2021026959,2021-09-29
WB2401ST2021045608,2021-12-28
WB2401ST2021015675,2021-09-16
WB2401ST2021033302,2021-10-11
WB2401ST2021016405,2021-09-16
WB2401ST2021016852,2021-09-16
WB2401ST2022020853,2022-06-23
WB2401ST2021028715,2021-10-01
WB2401ST2021041385,2021-12-18
WB2401ST2021024117,2021-09-26
WB2401ST2021029867,2021-10-02
WB2401ST2022004925,2022-01-20
WB2401ST2021013468,2021-09-12
WB2401ST2022015820,2022-05-13
WB2401ST2021018062,2021-09-19
WB2401ST2023003632,2023-03-03
WB2401ST2022028228,2022-08-29
WB2401ST2022006584,2022-02-09
WB2401ST2021024446,2021-09-26
WB2401ST2022020381,2022-06-22
WB2401ST2021043093,2021-12-19
WB2401ST2021011696,2021-09-09
WB2401ST2022022176,2022-06-25
WB2401ST2022002702,2022-01-14
WB2401ST2021029491,2021-10-02
WB2401ST2022024598,2022-07-15
WB2401ST2021019882,2021-09-21
WB2401ST2022006601,2022-02-09
WB2401ST2021036569,2021-11-19
WB2401ST2022004926,2022-01-20
WB2401ST2022001604,2022-01-13
WB2401ST2021035663,2021-11-15
WB2401ST2022001042,2022-01-12
WB2401ST2021031432,2021-10-05
WB2401ST2022010364,2022-03-11
WB2401ST2021041418,2021-12-18
WB2401ST2021020626,2021-09-22
WB2401ST2021044231,2021-12-19
WB2401ST2021030455,2021-10-05
WB2401ST2022016042,2022-05-17
WB2401ST2021018955,2021-09-20
WB2401ST2022001431,2022-01-12
WB2401ST2022004947,2022-01-20
WB2401ST2021033083,2021-10-11
WB2401ST2021033003,2021-10-11
WB2401ST2021031397,2021-10-05
WB2401ST2021022396,2021-09-24
WB2401ST2021016763,2021-09-16
WB2401ST2023008802,2023-05-21
WB2401ST2021011697,2021-09-09
WB2401ST2021026085,2021-09-28
WB2401ST2021035070,2021-11-02
WB2401ST2021030865,2021-10-05
WB2401ST2021034322,2021-10-20
WB2401ST2021018446,2021-09-20
WB2401ST2021039460,2021-12-12
WB2401ST2021014504,2021-09-14
WB2401ST2021024485,2021-09-26
WB2401ST2021047090,2021-12-31
WB2401ST2021021783,2021-09-23
WB2401ST2023058612,2023-08-05
WB2401ST2022004989,2022-01-20
WB2401ST2021019875,2021-09-21
WB2401ST2022010768,2022-03-11
WB2401ST2022015091,2022-03-31
WB2401ST2021022923,2021-09-25
WB2401ST2021035544,2021-11-15
WB2401ST2021029482,2021-10-02
WB2401ST2022028492,2022-08-30
WB2401ST2021042862,2021-12-18
WB2401ST2021020847,2021-09-22
WB2401ST2021023186,2021-09-25
WB2401ST2021021561,2021-09-23
WB2401ST2022013126,2022-03-17
WB2401ST2022001466,2022-01-12
WB2401ST2021016812,2021-09-16
WB2401ST2021043954,2021-12-19
WB2401ST2022007947,2022-03-06
WB2401ST2022003607,2022-01-15
WB2401ST2022000150,2022-01-02
WB2401ST2021033250,2021-10-11
WB2401ST2022019145,2022-06-20
WB2401ST2021029327,2021-10-01
WB2401ST2023061763,2023-08-05
WB2401ST2021021617,2021-09-23
WB2401ST2021024442,2021-09-26
WB2401ST2021032781,2021-10-09
WB2401ST2022012396,2022-03-15
WB2401ST2022008057,2022-03-06
WB2401ST2021030357,2021-10-05
WB2401ST2021023388,2021-09-25
WB2401ST2021039412,2021-12-11
WB2401ST2021046525,2021-12-30
WB2401ST2021036603,2021-11-20
WB2401ST2021032243,2021-10-09
WB2401ST2021011698,2021-09-09
WB2401ST2021028560,2021-10-01
WB2401ST2022005815,2022-01-26
WB2401ST2022007630,2022-02-13
WB2401ST2021022948,2021-09-25
WB2401ST2021021510,2021-09-23
WB2401ST2022009963,2022-03-10
WB2401ST2021018453,2021-09-20
WB2401ST2021034341,2021-10-28
WB2401ST2023012307,2023-05-28
WB2401ST2021032579,2021-10-09
WB2401ST2021022143,2021-09-24
WB2401ST2022019358,2022-06-21
WB2401ST2022027690,2022-08-25
WB2401ST2021016479,2021-09-16
WB2401ST2021016364,2021-09-16
WB2401ST2021018033,2021-09-19
WB2401ST2021022988,2021-09-25
WB2401ST2021026615,2021-09-28
WB2401ST2021027632,2021-09-30
WB2401ST2022000843,2022-01-12
WB2401ST2021025366,2021-09-27
WB2401ST2022000228,2022-01-03
WB2401ST2021018526,2021-09-20
WB2401ST2021029066,2021-10-01
WB2401ST2023008801,2023-05-21
WB2401ST2022018337,2022-06-16
WB2401ST2021026712,2021-09-28
WB2401ST2021033984,2021-10-13
WB2401ST2021017906,2021-09-18
WB2401ST2021024594,2021-09-26
WB2401ST2022007718,2022-02-13
WB2401ST2021024570,2021-09-26
WB2401ST2021037946,2021-12-03
WB2401ST2022024516,2022-07-15
WB2401ST2021030333,2021-10-05
WB2401ST2022003429,2022-01-15
WB2401ST2021026084,2021-09-28
WB2401ST2021027895,2021-09-30
WB2401ST2021039327,2021-12-11
WB2401ST2022005840,2022-01-26
WB2401ST2021043974,2021-12-19
WB2401ST2021029594,2021-10-02
WB2401ST2022031426,2022-10-28
WB2401ST2021032223,2021-10-09
WB2401ST2021034450,2021-10-28
WB2401ST2021013466,2021-09-12
WB2401ST2021030360,2021-10-05
WB2401ST2022000701,2022-01-05
WB2401ST2022003596,2022-01-15
WB2401ST2021027620,2021-09-30
WB2401ST2021044898,2021-12-24
WB2401ST2021035011,2021-10-30
WB2401ST2021043464,2021-12-19
WB2401ST2021021560,2021-09-23
WB2401ST2022020290,2022-06-22
WB2401ST2021023100,2021-09-25
WB2401ST2021021374,2021-09-23
WB2401ST2021022979,2021-09-25
WB2401ST2021020238,2021-09-21
WB2401ST2022000856,2022-01-12
WB2401ST2021028092,2021-09-30
WB2401ST2021023389,2021-09-25
WB2401ST2021018343,2021-09-20
WB2401ST2022022267,2022-06-25
WB2401ST2021031504,2021-10-05
WB2401ST2021013879,2021-09-13
WB2401ST2021016439,2021-09-16
WB2401ST2021023922,2021-09-26
WB2401ST2021016105,2021-09-16
WB2401ST2022006230,2022-02-04
WB2401ST2022000968,2022-01-12
WB2401ST2023046345,2023-08-02
WB2401ST2021034801,2021-10-30
WB2401ST2021025921,2021-09-28
WB2401ST2022000369,2022-01-05
WB2401ST2021030419,2021-10-05
WB2401ST2022021661,2022-06-24
WB2401ST2021030018,2021-10-05
WB2401ST2021016068,2021-09-16
WB2401ST2021047073,2021-12-31
WB2401ST2021041340,2021-12-18
WB2401ST2021039427,2021-12-11
WB2401ST2021031256,2021-10-05
WB2401ST2021019905,2021-09-21
WB2401ST2021040739,2021-12-17
WB2401ST2021018489,2021-09-20
WB2401ST2021021777,2021-09-23
WB2401ST2021046499,2021-12-30
WB2401ST2022019659,2022-06-21
WB2401ST2021033829,2021-10-13
WB2401ST2021016454,2021-09-16
WB2401ST2022029739,2022-09-20
WB2401ST2023063688,2023-08-06
WB2401ST2021029268,2021-10-01
WB2401ST2022004965,2022-01-20
WB2401ST2022027093,2022-08-23
WB2401ST2021032598,2021-10-09
WB2401ST2021019977,2021-09-21
WB2401ST2021042818,2021-12-18
WB2401ST2022004334,2022-01-19
WB2401ST2022000612,2022-01-05
WB2401ST2021027242,2021-09-29
WB2401ST2022000870,2022-01-12
WB2401ST2021035793,2021-11-15
WB2401ST2022014244,2022-03-20
WB2401ST2022002203,2022-01-13
WB2401ST2021035003,2021-10-30
WB2401ST2022003605,2022-01-15
WB2401ST2022003170,2022-01-14
WB2401ST2021018153,2021-09-19
WB2401ST2022006259,2022-02-04
WB2401ST2021021924,2021-09-24
WB2401ST2021036583,2021-11-19
WB2401ST2022019735,2022-06-21
WB2401ST2021024223,2021-09-26
WB2401ST2021017066,2021-09-16
WB2401ST2022000342,2022-01-05
WB2401ST2021023405,2021-09-25
WB2401ST2023021089,2023-05-31
WB2401ST2021031832,2021-10-05
WB2401ST2021032572,2021-10-09
WB2401ST2022015028,2022-03-31
WB2401ST2021034427,2021-10-28
WB2401ST2021047264,2021-12-31
WB2401ST2021023387,2021-09-25
WB2401ST2021019506,2021-09-21
WB2401ST2021027508,2021-09-29
WB2401ST2021045777,2021-12-29
WB2401ST2021023921,2021-09-26
WB2401ST2023008795,2023-05-21
WB2401ST2021024472,2021-09-26
WB2401ST2021023338,2021-09-25
WB2401ST2021025382,2021-09-27
WB2401ST2021019576,2021-09-21
WB2401ST2021037077,2021-11-20
WB2401ST2022015304,2022-04-13
WB2401ST2021019908,2021-09-21
WB2401ST2021033071,2021-10-11
WB2401ST2021017918,2021-09-18
WB2401ST2021017871,2021-09-18
WB2401ST2021034668,2021-10-30
WB2401ST2021020123,2021-09-21
WB2401ST2022016580,2022-05-28
WB2401ST2021017851,2021-09-18
WB2401ST2021043090,2021-12-19
WB2401ST2021038448,2021-12-06
WB2401ST2021017702,2021-09-18
WB2401ST2022001681,2022-01-13
WB2401ST2021021809,2021-09-23
WB2401ST2021018342,2021-09-20
WB2401ST2021044469,2021-12-22
WB2401ST2021022815,2021-09-24
WB2401ST2021042245,2021-12-18
WB2401ST2023041201,2023-07-23
WB2401ST2021017243,2021-09-17
WB2401ST2021041436,2021-12-18
WB2401ST2022013637,2022-03-17
WB2401ST2021039927,2021-12-13
WB2401ST2021022984,2021-09-25
WB2401ST2021018561,2021-09-20
WB2401ST2021016069,2021-09-16
WB2401ST2021035947,2021-11-16
WB2401ST2022000231,2022-01-03
WB2401ST2023021867,2023-06-01
WB2401ST2022004338,2022-01-19
WB2401ST2021034365,2021-10-28
WB2401ST2023012299,2023-05-28
WB2401ST2021022659,2021-09-24
WB2401ST2021036053,2021-11-16
WB2401ST2021034482,2021-10-28
WB2401ST2021023407,2021-09-25
WB2401ST2023067378,2023-08-06
WB2401ST2021037509,2021-11-26
WB2401ST2022002065,2022-01-13
WB2401ST2021024316,2021-09-26
WB2401ST2021023599,2021-09-25
WB2401ST2021036575,2021-11-19
WB2401ST2022001107,2022-01-12
WB2401ST2021032150,2021-10-06
WB2401ST2021036964,2021-11-20
WB2401ST2022026607,2022-08-23
WB2401ST2021021267,2021-09-23
WB2401ST2021019008,2021-09-20
WB2401ST2022012621,2022-03-16
WB2401ST2023077490,2023-12-11
WB2401ST2023070525,2023-08-07
WB2401ST2021021702,2021-09-23
WB2401ST2021026785,2021-09-28
WB2401ST2021020818,2021-09-22
WB2401ST2021025745,2021-09-28
WB2401ST2021031339,2021-10-05
WB2401ST2022016254,2022-05-24
WB2401ST2022004977,2022-01-20
WB2401ST2021045292,2021-12-28
WB2401ST2021033872,2021-10-13
WB2401ST2021016824,2021-09-16
WB2401ST2021014194,2021-09-14
WB2401ST2022007815,2022-03-06
WB2401ST2021019239,2021-09-20
WB2401ST2021034978,2021-10-30
WB2401ST2021024610,2021-09-26
WB2401ST2022006021,2022-01-26
WB2401ST2021032048,2021-10-06
WB2401ST2021023352,2021-09-25
WB2401ST2023006555,2023-04-12
WB2401ST2021016450,2021-09-16
WB2401ST2022005302,2022-01-22
WB2401ST2021035587,2021-11-15
WB2401ST2021018479,2021-09-20
WB2401ST2021025418,2021-09-27
WB2401ST2021028435,2021-10-01
WB2401ST2021045945,2021-12-29
WB2401ST2021024243,2021-09-26
WB2401ST2021034690,2021-10-30
WB2401ST2021021283,2021-09-23
WB2401ST2021029657,2021-10-02
WB2401ST2021027325,2021-09-29
WB2401ST2022022078,2022-06-25
WB2401ST2022027689,2022-08-25
WB2401ST2022020302,2022-06-22
WB2401ST2021038890,2021-12-11
WB2401ST2022034775,2022-12-06
WB2401ST2022022124,2022-06-25
WB2401ST2022027191,2022-08-24
WB2401ST2021039466,2021-12-12
WB2401ST2023008090,2023-05-01
WB2401ST2021026616,2021-09-28
WB2401ST2021023584,2021-09-25
WB2401ST2021013891,2021-09-13
WB2401ST2021034368,2021-10-28
WB2401ST2022006364,2022-02-04
WB2401ST2021026379,2021-09-28
WB2401ST2021025121,2021-09-27
WB2401ST2021015760,2021-09-16
WB2401ST2022005298,2022-01-22
WB2401ST2021027867,2021-09-30
WB2401ST2021027354,2021-09-29
WB2401ST2022013860,2022-03-20
WB2401ST2022006073,2022-01-26
WB2401ST2022022295,2022-06-25
WB2401ST2021033380,2021-10-11
WB2401ST2021015601,2021-09-16
WB2401ST2021016793,2021-09-16
WB2401ST2021034749,2021-10-30
WB2401ST2021031624,2021-10-05
WB2401ST2021040774,2021-12-17
WB2401ST2021043075,2021-12-19
WB2401ST2022026909,2022-08-23
WB2401ST2022005564,2022-01-22
WB2401ST2021038577,2021-12-07
WB2401ST2021030435,2021-10-05
WB2401ST2021043702,2021-12-19
WB2401ST2022001894,2022-01-13
WB2401ST2021031135,2021-10-05
WB2401ST2022014245,2022-03-20
WB2401ST2021036527,2021-11-19
WB2401ST2022022581,2022-06-25
WB2401ST2022019166,2022-06-20
WB2401ST2021019680,2021-09-21
WB2401ST2024002367,2024-12-26
WB2401ST2021041501,2021-12-18
WB2401ST2021022283,2021-09-24
WB2401ST2021011744,2021-09-09
WB2401ST2022008102,2022-03-06
WB2401ST2021046658,2021-12-31
WB2401ST2021046630,2021-12-31
WB2401ST2021029559,2021-10-02
WB2401ST2022002719,2022-01-14
WB2401ST2021019534,2021-09-21
WB2401ST2021035579,2021-11-15
WB2401ST2021045811,2021-12-29
WB2401ST2021026868,2021-09-29
WB2401ST2021019500,2021-09-21
WB2401ST2021020465,2021-09-21
WB2401ST2021035577,2021-11-15
WB2401ST2021033261,2021-10-11
WB2401ST2021036820,2021-11-20
WB2401ST2021034424,2021-10-28
WB2401ST2021042623,2021-12-18
WB2401ST2021036982,2021-11-20
WB2401ST2021042922,2021-12-19
WB2401ST2021038975,2021-12-11
WB2401ST2021039870,2021-12-13
WB2401ST2022007602,2022-02-13
WB2401ST2021015693,2021-09-16
WB2401ST2021027476,2021-09-29
WB2401ST2021018419,2021-09-20
WB2401ST2021038457,2021-12-06
WB2401ST2021023106,2021-09-25
WB2401ST2021027789,2021-09-30
WB2401ST2021026425,2021-09-28
WB2401ST2021034373,2021-10-28
WB2401ST2021038569,2021-12-07
WB2401ST2021024526,2021-09-26
WB2401ST2021029309,2021-10-01
WB2401ST2022004528,2022-01-19
WB2401ST2021014159,2021-09-14
WB2401ST2022008125,2022-03-06
WB2401ST2022009944,2022-03-10
WB2401ST2022005690,2022-01-22
WB2401ST2021027900,2021-09-30
WB2401ST2021017271,2021-09-17
WB2401ST2021035424,2021-11-15
WB2401ST2021029319,2021-10-01
WB2401ST2022000370,2022-01-05
WB2401ST2021018459,2021-09-20
WB2401ST2021025376,2021-09-27
WB2401ST2021011753,2021-09-09
WB2401ST2023070487,2023-08-07
WB2401ST2021020055,2021-09-21
WB2401ST2021013951,2021-09-13
WB2401ST2021027944,2021-09-30
WB2401ST2021036512,2021-11-19
WB2401ST2021027829,2021-09-30
WB2401ST2022020206,2022-06-22
WB2401ST2023025494,2023-06-03
WB2401ST2021016648,2021-09-16
WB2401ST2021028071,2021-09-30
WB2401ST2022027247,2022-08-24
WB2401ST2021020088,2021-09-21
WB2401ST2021032574,2021-10-09
WB2401ST2022005124,2022-01-22
WB2401ST2022015533,2022-05-06
WB2401ST2021018919,2021-09-20
WB2401ST2022017556,2022-06-03
WB2401ST2022003535,2022-01-15
WB2401ST2021020700,2021-09-22
WB2401ST2022003865,2022-01-18
WB2401ST2021045613,2021-12-28
WB2401ST2021034146,2021-10-13
WB2401ST2021018932,2021-09-20
WB2401ST2021035595,2021-11-15
WB2401ST2021026624,2021-09-28
WB2401ST2021018541,2021-09-20
WB2401ST2021029351,2021-10-01
WB2401ST2021029342,2021-10-01
WB2401ST2021031622,2021-10-05
WB2401ST2022014246,2022-03-20
WB2401ST2021020989,2021-09-22
WB2401ST2021027563,2021-09-30
WB2401ST2022020687,2022-06-23
WB2401ST2021036824,2021-11-20
WB2401ST2021018362,2021-09-20
WB2401ST2022005471,2022-01-22
WB2401ST2022008888,2022-03-07
WB2401ST2021034428,2021-10-28
WB2401ST2021046247,2021-12-29
WB2401ST2021013874,2021-09-13
WB2401ST2022020645,2022-06-22
WB2401ST2021027575,2021-09-30
WB2401ST2022022403,2022-06-25
WB2401ST2021015694,2021-09-16
WB2401ST2023035658,2023-06-08
WB2401ST2023066173,2023-08-06
WB2401ST2021036203,2021-11-19
WB2401ST2021016564,2021-09-16
WB2401ST2023010341,2023-05-25
WB2401ST2022026316,2022-08-21
WB2401ST2021029591,2021-10-02
WB2401ST2021014345,2021-09-14
WB2401ST2022021619,2022-06-24
WB2401ST2021027474,2021-09-29
WB2401ST2021044750,2021-12-23
WB2401ST2021018022,2021-09-19
WB2401ST2021019619,2021-09-21
WB2401ST2021039711,2021-12-12
WB2401ST2021021211,2021-09-23
WB2401ST2021027615,2021-09-30
WB2401ST2021034187,2021-10-17
WB2401ST2021032872,2021-10-10
WB2401ST2021014187,2021-09-14
WB2401ST2022000567,2022-01-05
WB2401ST2021017257,2021-09-17
WB2401ST2021035664,2021-11-15
WB2401ST2021044420,2021-12-22
WB2401ST2021016618,2021-09-16
WB2401ST2021027150,2021-09-29
WB2401ST2021036850,2021-11-20
WB2401ST2022013359,2022-03-17
WB2401ST2021035784,2021-11-15
WB2401ST2022007164,2022-02-13
WB2401ST2021021835,2021-09-23
WB2401ST2022003847,2022-01-18
WB2401ST2022035364,2022-12-13
WB2401ST2021017921,2021-09-18
WB2401ST2021034636,2021-10-30
WB2401ST2021015809,2021-09-16
WB2401ST2022027766,2022-08-25
WB2401ST2021017362,2021-09-18
WB2401ST2022001467,2022-01-12
WB2401ST2021031390,2021-10-05
WB2401ST2021023659,2021-09-25
WB2401ST2021023111,2021-09-25
WB2401ST2021027760,2021-09-30
WB2401ST2021034367,2021-10-28
WB2401ST2022001186,2022-01-12
WB2401ST2022012707,2022-03-16
WB2401ST2023011424,2023-05-27
WB2401ST2023004395,2023-03-31
WB2401ST2021033023,2021-10-11
WB2401ST2021045838,2021-12-29
WB2401ST2021042793,2021-12-18
WB2401ST2022021612,2022-06-24
WB2401ST2023073018,2023-08-31
WB2401ST2022004551,2022-01-19
WB2401ST2021036140,2021-11-17
WB2401ST2021019673,2021-09-21
WB2401ST2021044844,2021-12-24
WB2401ST2022008563,2022-03-06
WB2401ST2021038095,2021-12-06
WB2401ST2021017005,2021-09-16
WB2401ST2021034760,2021-10-30
WB2401ST2022014508,2022-03-20
WB2401ST2023008797,2023-05-21
WB2401ST2021036859,2021-11-20
WB2401ST2021028061,2021-09-30
WB2401ST2022004478,2022-01-19
WB2401ST2021036017,2021-11-16
WB2401ST2022006029,2022-01-26
WB2401ST2022006245,2022-02-04
WB2401ST2021033608,2021-10-11
WB2401ST2021034419,2021-10-28
WB2401ST2022020644,2022-06-22
WB2401ST2021019296,2021-09-20
WB2401ST2022035363,2022-12-13
WB2401ST2022026951,2022-08-23
WB2401ST2022006624,2022-02-09
WB2401ST2021015622,2021-09-16
WB2401ST2021043630,2021-12-19
WB2401ST2022014247,2022-03-20
WB2401ST2022004056,2022-01-18
WB2401ST2021046655,2021-12-31
WB2401ST2021030651,2021-10-05
WB2401ST2021030936,2021-10-05
WB2401ST2021011756,2021-09-09
WB2401ST2021035671,2021-11-15
WB2401ST2021044549,2021-12-22
WB2401ST2021044149,2021-12-19
WB2401ST2021016822,2021-09-16
WB2401ST2022027543,2022-08-25
WB2401ST2021017065,2021-09-16
WB2401ST2022000183,2022-01-02
WB2401ST2021020267,2021-09-21
WB2401ST2022000811,2022-01-12
WB2401ST2023030436,2023-06-06
WB2401ST2021034393,2021-10-28
WB2401ST2021022298,2021-09-24
WB2401ST2021018411,2021-09-20
WB2401ST2021036147,2021-11-17
WB2401ST2021025187,2021-09-27
WB2401ST2021037339,2021-11-21
WB2401ST2021022903,2021-09-24
WB2401ST2023013233,2023-05-28
WB2401ST2021032239,2021-10-09
WB2401ST2021017135,2021-09-16
WB2401ST2021020653,2021-09-22
WB2401ST2021042002,2021-12-18
WB2401ST2021042827,2021-12-18
WB2401ST2021012356,2021-09-09
WB2401ST2022012976,2022-03-17
WB2401ST2021035878,2021-11-16
WB2401ST2021032542,2021-10-09
WB2401ST2021044458,2021-12-22
WB2401ST2022022343,2022-06-25
WB2401ST2021029211,2021-10-01
WB2401ST2022005685,2022-01-22
WB2401ST2021030695,2021-10-05
WB2401ST2022003265,2022-01-14
WB2401ST2022003851,2022-01-18
WB2401ST2021034421,2021-10-28
WB2401ST2021027389,2021-09-29
WB2401ST2021031702,2021-10-05
WB2401ST2021034756,2021-10-30
WB2401ST2021028070,2021-09-30
WB2401ST2021033020,2021-10-11
WB2401ST2021029490,2021-10-02
WB2401ST2022020213,2022-06-22
WB2401ST2021016455,2021-09-16
WB2401ST2021019725,2021-09-21
WB2401ST2021028112,2021-09-30
WB2401ST2022008098,2022-03-06
WB2401ST2021020704,2021-09-22
WB2401ST2021043560,2021-12-19
WB2401ST2021027868,2021-09-30
WB2401ST2022005683,2022-01-22
WB2401ST2021045954,2021-12-29
WB2401ST2021017705,2021-09-18
WB2401ST2021018571,2021-09-20
WB2401ST2021027640,2021-09-30
WB2401ST2021040277,2021-12-16
WB2401ST2022014248,2022-03-20
WB2401ST2021028090,2021-09-30
WB2401ST2021024773,2021-09-26
WB2401ST2021026306,2021-09-28
WB2401ST2022002154,2022-01-13
WB2401ST2021020841,2021-09-22
WB2401ST2021033978,2021-10-13
WB2401ST2021026660,2021-09-28
WB2401ST2021045878,2021-12-29
WB2401ST2021036139,2021-11-17
WB2401ST2021038466,2021-12-06
WB2401ST2021018282,2021-09-19
WB2401ST2021023733,2021-09-25
WB2401ST2021025163,2021-09-27
WB2401ST2022001085,2022-01-12
WB2401ST2022005159,2022-01-22
WB2401ST2022018929,2022-06-20
WB2401ST2021028471,2021-10-01
WB2401ST2021027349,2021-09-29
WB2401ST2021038659,2021-12-08
WB2401ST2021020920,2021-09-22
WB2401ST2022001237,2022-01-12
WB2401ST2021033884,2021-10-13
WB2401ST2021027167,2021-09-29
WB2401ST2021032565,2021-10-09
WB2401ST2021022466,2021-09-24
WB2401ST2021032380,2021-10-09
WB2401ST2022008644,2022-03-06
WB2401ST2021036146,2021-11-17
WB2401ST2021018552,2021-09-20
WB2401ST2021039183,2021-12-11
WB2401ST2021015603,2021-09-16
WB2401ST2021025627,2021-09-27
WB2401ST2021028962,2021-10-01
WB2401ST2021033269,2021-10-11
WB2401ST2021018478,2021-09-20
WB2401ST2022021051,2022-06-23
WB2401ST2021033986,2021-10-13
WB2401ST2021013953,2021-09-13
WB2401ST2021021604,2021-09-23
WB2401ST2021044743,2021-12-23
WB2401ST2021018537,2021-09-20
WB2401ST2022005960,2022-01-26
WB2401ST2022020140,2022-06-22
WB2401ST2021019667,2021-09-21
WB2401ST2022017375,2022-06-01
WB2401ST2021014250,2021-09-14
WB2401ST2021030673,2021-10-05
WB2401ST2022004169,2022-01-18
WB2401ST2022004922,2022-01-20
WB2401ST2021043746,2021-12-19
WB2401ST2021020981,2021-09-22
WB2401ST2021033169,2021-10-11
WB2401ST2021023852,2021-09-26
WB2401ST2021027643,2021-09-30
WB2401ST2021016381,2021-09-16
WB2401ST2021022274,2021-09-24
WB2401ST2021019818,2021-09-21
WB2401ST2021020826,2021-09-22
WB2401ST2023010339,2023-05-25
WB2401ST2021020663,2021-09-22
WB2401ST2021021096,2021-09-23
WB2401ST2021035662,2021-11-15
WB2401ST2023004126,2023-03-23
WB2401ST2021024216,2021-09-26
WB2401ST2023077172,2023-10-27
WB2401ST2021021265,2021-09-23
WB2401ST2023017487,2023-05-30
WB2401ST2021030593,2021-10-05
WB2401ST2021018947,2021-09-20
WB2401ST2021026654,2021-09-28
WB2401ST2021044577,2021-12-22
WB2401ST2022023699,2022-06-29
WB2401ST2021020844,2021-09-22
WB2401ST2021042962,2021-12-19
WB2401ST2021020628,2021-09-22
WB2401ST2021020584,2021-09-22
WB2401ST2021017267,2021-09-17
WB2401ST2021023647,2021-09-25
WB2401ST2022020230,2022-06-22
WB2401ST2021020616,2021-09-22
WB2401ST2021023931,2021-09-26
WB2401ST2021017764,2021-09-18
WB2401ST2021026793,2021-09-28
WB2401ST2022006772,2022-02-09
WB2401ST2022022077,2022-06-25
WB2401ST2021017365,2021-09-18
WB2401ST2021014179,2021-09-14
WB2401ST2022005162,2022-01-22
WB2401ST2022036692,2022-12-21
WB2401ST2022006830,2022-02-10
WB2401ST2021017718,2021-09-18
WB2401ST2021042905,2021-12-19
WB2401ST2021038870,2021-12-11
WB2401ST2021029350,2021-10-01
WB2401ST2021019601,2021-09-21
WB2401ST2021021426,2021-09-23
WB2401ST2021016400,2021-09-16
WB2401ST2021033987,2021-10-13
WB2401ST2021037088,2021-11-20
WB2401ST2021019512,2021-09-21
WB2401ST2021018512,2021-09-20
WB2401ST2022006117,2022-01-26
WB2401ST2021033019,2021-10-11
WB2401ST2022007276,2022-02-13
WB2401ST2021029282,2021-10-01
WB2401ST2021029184,2021-10-01
WB2401ST2022008800,2022-03-07
WB2401ST2021019544,2021-09-21
WB2401ST2023031989,2023-06-07
WB2401ST2021023308,2021-09-25
WB2401ST2021043106,2021-12-19
WB2401ST2021025639,2021-09-27
WB2401ST2021024198,2021-09-26
WB2401ST2021024612,2021-09-26
WB2401ST2022004942,2022-01-20
WB2401ST2021035543,2021-11-15
WB2401ST2021034643,2021-10-30
WB2401ST2023007347,2023-04-22
WB2401ST2022000635,2022-01-05
WB2401ST2022006278,2022-02-04
WB2401ST2021017499,2021-09-18
WB2401ST2023004411,2023-03-31
WB2401ST2021021626,2021-09-23
WB2401ST2022006110,2022-01-26
WB2401ST2021027147,2021-09-29
WB2401ST2021020621,2021-09-22
WB2401ST2021031492,2021-10-05
WB2401ST2021020707,2021-09-22
WB2401ST2023055447,2023-08-04
WB2401ST2022027647,2022-08-25
WB2401ST2022018950,2022-06-20
WB2401ST2021023611,2021-09-25
WB2401ST2021021597,2021-09-23
WB2401ST2021039499,2021-12-12
WB2401ST2021021839,2021-09-24
WB2401ST2021041985,2021-12-18
WB2401ST2021045934,2021-12-29
WB2401ST2021017857,2021-09-18
WB2401ST2022007670,2022-02-13
WB2401ST2021026577,2021-09-28
WB2401ST2021045936,2021-12-29
WB2401ST2022026907,2022-08-23
WB2401ST2021016283,2021-09-16
WB2401ST2021031654,2021-10-05
WB2401ST2021014198,2021-09-14
WB2401ST2021036112,2021-11-17
WB2401ST2021032435,2021-10-09
WB2401ST2022005914,2022-01-26
WB2401ST2021043076,2021-12-19
WB2401ST2023058438,2023-08-05
WB2401ST2021018386,2021-09-20
WB2401ST2022014249,2022-03-20
WB2401ST2022010341,2022-03-11
WB2401ST2021034642,2021-10-30
WB2401ST2023004127,2023-03-23
WB2401ST2021019981,2021-09-21
WB2401ST2021021585,2021-09-23
WB2401ST2021019921,2021-09-21
WB2401ST2021022530,2021-09-24
WB2401ST2022006603,2022-02-09
WB2401ST2022004657,2022-01-19
WB2401ST2021022258,2021-09-24
WB2401ST2021017137,2021-09-16
WB2401ST2021037932,2021-11-30
WB2401ST2021021526,2021-09-23
WB2401ST2021030631,2021-10-05
WB2401ST2021028556,2021-10-01
WB2401ST2021027148,2021-09-29
WB2401ST2021037846,2021-11-30
WB2401ST2021042126,2021-12-18
WB2401ST2021020287,2021-09-21
WB2401ST2021035573,2021-11-15
WB2401ST2021029174,2021-10-01
WB2401ST2022027280,2022-08-24
WB2401ST2021024184,2021-09-26
WB2401ST2021035621,2021-11-15
WB2401ST2021023021,2021-09-25
WB2401ST2021026161,2021-09-28
WB2401ST2023011701,2023-05-27
WB2401ST2021029913,2021-10-02
WB2401ST2021027487,2021-09-29
WB2401ST2021020846,2021-09-22
WB2401ST2022006776,2022-02-09
WB2401ST2021011720,2021-09-09
WB2401ST2021032499,2021-10-09
WB2401ST2021021257,2021-09-23
WB2401ST2021034961,2021-10-30
WB2401ST2023007194,2023-04-19
WB2401ST2023032019,2023-06-07
WB2401ST2022005991,2022-01-26
WB2401ST2023026658,2023-06-04
WB2401ST2021017434,2021-09-18
WB2401ST2021031229,2021-10-05
WB2401ST2021020453,2021-09-21
WB2401ST2022013614,2022-03-17
WB2401ST2022004214,2022-01-18
WB2401ST2021033264,2021-10-11
WB2401ST2021028510,2021-10-01
WB2401ST2021025990,2021-09-28
WB2401ST2021021904,2021-09-24
WB2401ST2021016563,2021-09-16
WB2401ST2021045672,2021-12-28
WB2401ST2022026737,2022-08-23
WB2401ST2021036126,2021-11-17
WB2401ST2023011083,2023-05-27
WB2401ST2021014626,2021-09-14
WB2401ST2021017852,2021-09-18
WB2401ST2021026982,2021-09-29
WB2401ST2021024251,2021-09-26
WB2401ST2024002022,2024-11-20
WB2401ST2021019815,2021-09-21
WB2401ST2021011716,2021-09-09
WB2401ST2021016864,2021-09-16
WB2401ST2022009307,2022-03-10
WB2401ST2022017722,2022-06-08
WB2401ST2021023729,2021-09-25
WB2401ST2021033281,2021-10-11
WB2401ST2023057312,2023-08-04
WB2401ST2021029661,2021-10-02
WB2401ST2022022387,2022-06-25
WB2401ST2022002269,2022-01-13
WB2401ST2021041039,2021-12-17
WB2401ST2021011713,2021-09-09
WB2401ST2021038751,2021-12-08
WB2401ST2021027485,2021-09-29
WB2401ST2022015767,2022-05-11
WB2401ST2021042950,2021-12-19
WB2401ST2021023834,2021-09-26
WB2401ST2021041636,2021-12-18
WB2401ST2021046662,2021-12-31
WB2401ST2021046660,2021-12-31
WB2401ST2021037055,2021-11-20
WB2401ST2021041760,2021-12-18
WB2401ST2022006728,2022-02-09
WB2401ST2021023603,2021-09-25
WB2401ST2021016447,2021-09-16
WB2401ST2021021271,2021-09-23
WB2401ST2021041782,2021-12-18
WB2401ST2021028917,2021-10-01
WB2401ST2021036292,2021-11-19
WB2401ST2021021743,2021-09-23
WB2401ST2021027986,2021-09-30
WB2401ST2023001318,2023-01-16
WB2401ST2021045956,2021-12-29
WB2401ST2021026745,2021-09-28
WB2401ST2021023061,2021-09-25
WB2401ST2021016194,2021-09-16
WB2401ST2021044224,2021-12-19
WB2401ST2021035939,2021-11-16
WB2401ST2022004177,2022-01-18
WB2401ST2022001173,2022-01-12
WB2401ST2021017983,2021-09-19
WB2401ST2023061730,2023-08-05
WB2401ST2021028504,2021-10-01
WB2401ST2021031020,2021-10-05
WB2401ST2021021349,2021-09-23
WB2401ST2021039822,2021-12-12
WB2401ST2022018987,2022-06-20
WB2401ST2021031637,2021-10-05
WB2401ST2023010338,2023-05-25
WB2401ST2021022225,2021-09-24
WB2401ST2021020679,2021-09-22
WB2401ST2023058451,2023-08-05
WB2401ST2022019178,2022-06-20
WB2401ST2021046500,2021-12-30
WB2401ST2023061726,2023-08-05
WB2401ST2021043104,2021-12-19
WB2401ST2021027940,2021-09-30
WB2401ST2021011710,2021-09-09
WB2401ST2022007974,2022-03-06
WB2401ST2021024402,2021-09-26
WB2401ST2022006199,2022-02-04
WB2401ST2022000356,2022-01-05
WB2401ST2021026967,2021-09-29
WB2401ST2021028968,2021-10-01
WB2401ST2021027114,2021-09-29
WB2401ST2022005691,2022-01-22
WB2401ST2021043713,2021-12-19
WB2401ST2022005993,2022-01-26
WB2401ST2023005302,2023-04-04
WB2401ST2021034754,2021-10-30
WB2401ST2021043624,2021-12-19
WB2401ST2021020878,2021-09-22
WB2401ST2021020603,2021-09-22
WB2401ST2021022492,2021-09-24
WB2401ST2021030615,2021-10-05
WB2401ST2022001051,2022-01-12
WB2401ST2022015600,2022-05-06
WB2401ST2021020683,2021-09-22
WB2401ST2021014182,2021-09-14
WB2401ST2022018422,2022-06-17
WB2401ST2021029480,2021-10-02
WB2401ST2021016990,2021-09-16
WB2401ST2021025352,2021-09-27
WB2401ST2021045806,2021-12-29
WB2401ST2021021611,2021-09-23
WB2401ST2021029918,2021-10-02
WB2401ST2021029466,2021-10-02
WB2401ST2021034666,2021-10-30
WB2401ST2021040054,2021-12-16
WB2401ST2021027937,2021-09-30
WB2401ST2022000452,2022-01-05
WB2401ST2021047144,2021-12-31
WB2401ST2024001945,2024-10-30
WB2401ST2021038611,2021-12-07
WB2401ST2021026304,2021-09-28
WB2401ST2021018570,2021-09-20
WB2401ST2022019022,2022-06-20
WB2401ST2021023195,2021-09-25
WB2401ST2021030483,2021-10-05
WB2401ST2021027554,2021-09-29
WB2401ST2021020709,2021-09-22
WB2401ST2022010085,2022-03-10
WB2401ST2021028169,2021-09-30
WB2401ST2022015524,2022-05-06
WB2401ST2021038229,2021-12-06
WB2401ST2022003051,2022-01-14
WB2401ST2022004932,2022-01-20
WB2401ST2021046539,2021-12-30
WB2401ST2022001323,2022-01-12
WB2401ST2022006748,2022-02-09
WB2401ST2021016924,2021-09-16
WB2401ST2021017024,2021-09-16
WB2401ST2021041789,2021-12-18
WB2401ST2021028487,2021-10-01
WB2401ST2021032373,2021-10-09
WB2401ST2022005962,2022-01-26
WB2401ST2021023344,2021-09-25
WB2401ST2022002723,2022-01-14
WB2401ST2021027763,2021-09-30
WB2401ST2023074099,2023-09-24
WB2401ST2021024403,2021-09-26
WB2401ST2021023909,2021-09-26
WB2401ST2021043621,2021-12-19
WB2401ST2021024902,2021-09-27
WB2401ST2021016414,2021-09-16
WB2401ST2021031246,2021-10-05
WB2401ST2021027327,2021-09-29
WB2401ST2021027329,2021-09-29
WB2401ST2022016530,2022-05-27
WB2401ST2021027331,2021-09-29
WB2401ST2021027328,2021-09-29
WB2401ST2021029853,2021-10-02
WB2401ST2021027248,2021-09-29
WB2401ST2022025138,2022-07-30
WB2401ST2022005932,2022-01-26
WB2401ST2021027484,2021-09-29
WB2401ST2021021106,2021-09-23
WB2401ST2021027617,2021-09-30
WB2401ST2021036181,2021-11-19
WB2401ST2022001715,2022-01-13
WB2401ST2021025791,2021-09-28
WB2401ST2021023920,2021-09-26
WB2401ST2021023364,2021-09-25
WB2401ST2022019180,2022-06-20
WB2401ST2021032042,2021-10-06
WB2401ST2021045810,2021-12-29
WB2401ST2021023778,2021-09-25
WB2401ST2021021234,2021-09-23
WB2401ST2021028838,2021-10-01
WB2401ST2022000626,2022-01-05
WB2401ST2021046538,2021-12-30
WB2401ST2021027570,2021-09-30
WB2401ST2021031451,2021-10-05
WB2401ST2022000607,2022-01-05
WB2401ST2023014654,2023-05-29
WB2401ST2021014219,2021-09-14
WB2401ST2022007261,2022-02-13
WB2401ST2021023482,2021-09-25
WB2401ST2021021623,2021-09-23
WB2401ST2021046617,2021-12-31
WB2401ST2021036817,2021-11-20
WB2401ST2021038576,2021-12-07
WB2401ST2021019807,2021-09-21
WB2401ST2021033021,2021-10-11
WB2401ST2021043499,2021-12-19
WB2401ST2021015137,2021-09-15
WB2401ST2021047270,2021-12-31
WB2401ST2022005142,2022-01-22
WB2401ST2022004544,2022-01-19
WB2401ST2021015794,2021-09-16
WB2401ST2021024592,2021-09-26
WB2401ST2022005420,2022-01-22
WB2401ST2022017030,2022-06-01
WB2401ST2021019741,2021-09-21
WB2401ST2021025742,2021-09-28
WB2401ST2021025807,2021-09-28
WB2401ST2021029141,2021-10-01
WB2401ST2021037324,2021-11-21
WB2401ST2021019011,2021-09-20
WB2401ST2021043496,2021-12-19
WB2401ST2021045876,2021-12-29
WB2401ST2023031982,2023-06-07
WB2401ST2021019936,2021-09-21
WB2401ST2021032379,2021-10-09
WB2401ST2021043487,2021-12-19
WB2401ST2022013705,2022-03-17
WB2401ST2023059382,2023-08-05
WB2401ST2022001065,2022-01-12
WB2401ST2021016336,2021-09-16
WB2401ST2021025118,2021-09-27
WB2401ST2022019793,2022-06-21
WB2401ST2021032055,2021-10-06
WB2401ST2021016438,2021-09-16
WB2401ST2023015870,2023-05-29
WB2401ST2021016895,2021-09-16
WB2401ST2021020047,2021-09-21
WB2401ST2021043112,2021-12-19
WB2401ST2022002270,2022-01-13
WB2401ST2021047130,2021-12-31
WB2401ST2021019584,2021-09-21
WB2401ST2022016230,2022-05-24
WB2401ST2021044739,2021-12-23
WB2401ST2021021727,2021-09-23
WB2401ST2021023857,2021-09-26
WB2401ST2021022200,2021-09-24
WB2401ST2021012950,2021-09-11
WB2401ST2021047318,2021-12-31
WB2401ST2021043500,2021-12-19
WB2401ST2021025757,2021-09-28
WB2401ST2021013894,2021-09-13
WB2401ST2021027875,2021-09-30
WB2401ST2021031453,2021-10-05
WB2401ST2022005166,2022-01-22
WB2401ST2023066175,2023-08-06
WB2401ST2021042858,2021-12-18
WB2401ST2021017754,2021-09-18
WB2401ST2022016244,2022-05-24
WB2401ST2021014196,2021-09-14
WB2401ST2022001501,2022-01-12
WB2401ST2022026655,2022-08-23
WB2401ST2021016818,2021-09-16
WB2401ST2021042866,2021-12-18
WB2401ST2021018470,2021-09-20
WB2401ST2023014026,2023-05-28
WB2401ST2021029934,2021-10-02
WB2401ST2023004179,2023-03-29
WB2401ST2021045859,2021-12-29
WB2401ST2021012791,2021-09-10
WB2401ST2023004512,2023-03-31
WB2401ST2021020084,2021-09-21
WB2401ST2021014243,2021-09-14
WB2401ST2021025081,2021-09-27
WB2401ST2021043477,2021-12-19
WB2401ST2022001589,2022-01-13
WB2401ST2023031954,2023-06-07
WB2401ST2022026565,2022-08-23
WB2401ST2021024808,2021-09-26
WB2401ST2021030894,2021-10-05
WB2401ST2021026617,2021-09-28
WB2401ST2021031625,2021-10-05
WB2401ST2021047131,2021-12-31
WB2401ST2021012792,2021-09-10
WB2401ST2021024297,2021-09-26
WB2401ST2021033463,2021-10-11
WB2401ST2021034696,2021-10-30
WB2401ST2023032869,2023-06-07
WB2401ST2022001815,2022-01-13
WB2401ST2021021802,2021-09-23
WB2401ST2022004499,2022-01-19
WB2401ST2021029175,2021-10-01
WB2401ST2023066885,2023-08-06
WB2401ST2021022315,2021-09-24
WB2401ST2023008800,2023-05-21
WB2401ST2021018528,2021-09-20
WB2401ST2022017029,2022-06-01
WB2401ST2021038658,2021-12-08
WB2401ST2021028851,2021-10-01
WB2401ST2022002266,2022-01-13
WB2401ST2021012793,2021-09-10
WB2401ST2021032080,2021-10-06
WB2401ST2021027056,2021-09-29
WB2401ST2021017201,2021-09-16
WB2401ST2021032823,2021-10-10
WB2401ST2021021206,2021-09-23
WB2401ST2021025190,2021-09-27
WB2401ST2021019610,2021-09-21
WB2401ST2021027154,2021-09-29
WB2401ST2022003240,2022-01-14
WB2401ST2022009276,2022-03-09
WB2401ST2022003274,2022-01-14
WB2401ST2022024940,2022-07-29
WB2401ST2021041228,2021-12-18
WB2401ST2021014224,2021-09-14
WB2401ST2022024632,2022-07-15
WB2401ST2021021371,2021-09-23
WB2401ST2021027726,2021-09-30
WB2401ST2021028898,2021-10-01
WB2401ST2021031823,2021-10-05
WB2401ST2026000611,2026-01-21
WB2401ST2021043620,2021-12-19
WB2401ST2021022148,2021-09-24
WB2401ST2021012794,2021-09-10
WB2401ST2022013666,2022-03-17
WB2401ST2021044581,2021-12-22
WB2401ST2021037926,2021-11-30
WB2401ST2022004158,2022-01-18
WB2401ST2021029548,2021-10-02
WB2401ST2021022213,2021-09-24
WB2401ST2022003473,2022-01-15
WB2401ST2022004507,2022-01-19
WB2401ST2022007266,2022-02-13
WB2401ST2022015952,2022-05-16
WB2401ST2022009834,2022-03-10
WB2401ST2022017557,2022-06-03
WB2401ST2021025810,2021-09-28
WB2401ST2021012795,2021-09-10
WB2401ST2021024518,2021-09-26
WB2401ST2022000866,2022-01-12
WB2401ST2021024225,2021-09-26
WB2401ST2021021099,2021-09-23
WB2401ST2021026030,2021-09-28
WB2401ST2021029868,2021-10-02
WB2401ST2021021227,2021-09-23
WB2401ST2021028119,2021-09-30
WB2401ST2021019824,2021-09-21
WB2401ST2021037084,2021-11-20
WB2401ST2021042332,2021-12-18
WB2401ST2022001157,2022-01-12
WB2401ST2022028713,2022-08-31
WB2401ST2021043495,2021-12-19
WB2401ST2022008683,2022-03-07
WB2401ST2022020726,2022-06-23
WB2401ST2021016431,2021-09-16
WB2401ST2021020604,2021-09-22
WB2401ST2022005896,2022-01-26
WB2401ST2021035809,2021-11-15
WB2401ST2021026029,2021-09-28
WB2401ST2021033464,2021-10-11
WB2401ST2021033460,2021-10-11
WB2401ST2023010889,2023-05-26
WB2401ST2021042672,2021-12-18
WB2401ST2022020202,2022-06-22
WB2401ST2021024938,2021-09-27
WB2401ST2021018786,2021-09-20
WB2401ST2021044175,2021-12-19
WB2401ST2021027233,2021-09-29
WB2401ST2022004539,2022-01-19
WB2401ST2021027886,2021-09-30
WB2401ST2021023683,2021-09-25
WB2401ST2022001063,2022-01-12
WB2401ST2021027927,2021-09-30
WB2401ST2021031835,2021-10-05
WB2401ST2021020470,2021-09-21
WB2401ST2021045835,2021-12-29
WB2401ST2021017727,2021-09-18
WB2401ST2021021010,2021-09-22
WB2401ST2021038637,2021-12-08
WB2401ST2022014538,2022-03-20
WB2401ST2021043660,2021-12-19
WB2401ST2022027368,2022-08-24
WB2401ST2022030063,2022-09-21
WB2401ST2021019956,2021-09-21
WB2401ST2021035699,2021-11-15
WB2401ST2021024396,2021-09-26
WB2401ST2022017305,2022-06-01
WB2401ST2021026742,2021-09-28
WB2401ST2021023230,2021-09-25
WB2401ST2021045814,2021-12-29
WB2401ST2021036578,2021-11-19
WB2401ST2021029307,2021-10-01
WB2401ST2022001554,2022-01-12
WB2401ST2021040631,2021-12-17
WB2401ST2021032563,2021-10-09
WB2401ST2021038575,2021-12-07
WB2401ST2021016981,2021-09-16
WB2401ST2021032059,2021-10-06
WB2401ST2022008557,2022-03-06
WB2401ST2022012606,2022-03-16
WB2401ST2022022281,2022-06-25
WB2401ST2021027941,2021-09-30
WB2401ST2021016365,2021-09-16
WB2401ST2021036418,2021-11-19
WB2401ST2021041564,2021-12-18
WB2401ST2021021284,2021-09-23
WB2401ST2021033033,2021-10-11
WB2401ST2021025824,2021-09-28
WB2401ST2021015691,2021-09-16
WB2401ST2021035714,2021-11-15
WB2401ST2022005524,2022-01-22
WB2401ST2021020635,2021-09-22
WB2401ST2022000977,2022-01-12
WB2401ST2021033981,2021-10-13
WB2401ST2023008798,2023-05-21
WB2401ST2021043899,2021-12-19
WB2401ST2022005043,2022-01-20
WB2401ST2021038070,2021-12-06
WB2401ST2023011444,2023-05-27
WB2401ST2021028569,2021-10-01
WB2401ST2021023333,2021-09-25
WB2401ST2021043975,2021-12-19
WB2401ST2021018452,2021-09-20
WB2401ST2021031505,2021-10-05
WB2401ST2021038422,2021-12-06
WB2401ST2021043512,2021-12-19
WB2401ST2021045632,2021-12-28
WB2401ST2021027723,2021-09-30
WB2401ST2021024295,2021-09-26
WB2401ST2021021287,2021-09-23
WB2401ST2021029928,2021-10-02
WB2401ST2021043086,2021-12-19
WB2401ST2022006876,2022-02-10
WB2401ST2023001578,2023-01-17
WB2401ST2021017448,2021-09-18
WB2401ST2021035052,2021-11-02
WB2401ST2021030386,2021-10-05
WB2401ST2021017481,2021-09-18
WB2401ST2022016058,2022-05-17
WB2401ST2021036895,2021-11-20
WB2401ST2021047069,2021-12-31
WB2401ST2021044853,2021-12-24
WB2401ST2021046526,2021-12-30
WB2401ST2021028123,2021-09-30
WB2401ST2021043625,2021-12-19
WB2401ST2021020272,2021-09-21
WB2401ST2021020740,2021-09-22
WB2401ST2021042819,2021-12-18
WB2401ST2021017453,2021-09-18
WB2401ST2021018984,2021-09-20
WB2401ST2021018374,2021-09-20
WB2401ST2021024849,2021-09-27
WB2401ST2021021579,2021-09-23
WB2401ST2021021897,2021-09-24
WB2401ST2021021241,2021-09-23
WB2401ST2023014634,2023-05-29
WB2401ST2021027946,2021-09-30
WB2401ST2021019105,2021-09-20
WB2401ST2021031303,2021-10-05
WB2401ST2021047236,2021-12-31
WB2401ST2021020271,2021-09-21
WB2401ST2021016477,2021-09-16
WB2401ST2021029487,2021-10-02
WB2401ST2021027739,2021-09-30
WB2401ST2022022276,2022-06-25
WB2401ST2021027324,2021-09-29
WB2401ST2021030043,2021-10-05
WB2401ST2021023052,2021-09-25
WB2401ST2021021903,2021-09-24
WB2401ST2021020266,2021-09-21
WB2401ST2021026576,2021-09-28
WB2401ST2023039443,2023-06-28
WB2401ST2022002780,2022-01-14
WB2401ST2021024168,2021-09-26
WB2401ST2021039121,2021-12-11
WB2401ST2021034738,2021-10-30
WB2401ST2021033507,2021-10-11
WB2401ST2021045836,2021-12-29
WB2401ST2022023755,2022-06-29
WB2401ST2022005092,2022-01-20
WB2401ST2021032377,2021-10-09
WB2401ST2021016534,2021-09-16
WB2401ST2021019531,2021-09-21
WB2401ST2021020459,2021-09-21
WB2401ST2021040270,2021-12-16
WB2401ST2021027812,2021-09-30
WB2401ST2021022981,2021-09-25
WB2401ST2021037401,2021-11-21
WB2401ST2021030157,2021-10-05
WB2401ST2022010612,2022-03-11
WB2401ST2021030568,2021-10-05
WB2401ST2021027247,2021-09-29
WB2401ST2021031783,2021-10-05
WB2401ST2023059392,2023-08-05
WB2401ST2023010342,2023-05-25
WB2401ST2022022262,2022-06-25
WB2401ST2021029251,2021-10-01
WB2401ST2021028542,2021-10-01
WB2401ST2022005713,2022-01-23
WB2401ST2021035005,2021-10-30
WB2401ST2021032296,2021-10-09
WB2401ST2021033254,2021-10-11
WB2401ST2022005413,2022-01-22
WB2401ST2021035390,2021-11-15
WB2401ST2021025938,2021-09-28
WB2401ST2021020285,2021-09-21
WB2401ST2022006510,2022-02-09
WB2401ST2022008880,2022-03-07
WB2401ST2023041885,2023-07-24
WB2401ST2021033461,2021-10-11
WB2401ST2022005814,2022-01-26
WB2401ST2021032056,2021-10-06
WB2401ST2021028875,2021-10-01
WB2401ST2024002191,2024-12-06
WB2401ST2022016346,2022-05-25
WB2401ST2021044729,2021-12-23
WB2401ST2021019805,2021-09-21
WB2401ST2021027607,2021-09-30
WB2401ST2021024845,2021-09-27
WB2401ST2022009350,2022-03-10
WB2401ST2021045502,2021-12-28
WB2401ST2021029014,2021-10-01
WB2401ST2021035051,2021-11-02
WB2401ST2022001967,2022-01-13
WB2401ST2023059396,2023-08-05
WB2401ST2022002089,2022-01-13
WB2401ST2021033238,2021-10-11
WB2401ST2021032570,2021-10-09
WB2401ST2022023882,2022-07-05
WB2401ST2021027597,2021-09-30
WB2401ST2022005255,2022-01-22
WB2401ST2023008799,2023-05-21
WB2401ST2021028961,2021-10-01
WB2401ST2022002276,2022-01-13
WB2401ST2023008796,2023-05-21
WB2401ST2022027194,2022-08-24
WB2401ST2021025913,2021-09-28
WB2401ST2021020807,2021-09-22
WB2401ST2021028495,2021-10-01
WB2401ST2021027438,2021-09-29
WB2401ST2021027576,2021-09-30
WB2401ST2022001002,2022-01-12
WB2401ST2022003545,2022-01-15
WB2401ST2021032862,2021-10-10
WB2401ST2021033237,2021-10-11
WB2401ST2022006549,2022-02-09
WB2401ST2021028904,2021-10-01
WB2401ST2021025743,2021-09-28
WB2401ST2021028841,2021-10-01
WB2401ST2022001509,2022-01-12
WB2401ST2022000737,2022-01-12
WB2401ST2021016980,2021-09-16
WB2401ST2022005693,2022-01-22
WB2401ST2021034138,2021-10-13
WB2401ST2021041711,2021-12-18
WB2401ST2021045858,2021-12-29
WB2401ST2021021435,2021-09-23
WB2401ST2022008533,2022-03-06
WB2401ST2022001164,2022-01-12
WB2401ST2021046497,2021-12-30
WB2401ST2022013651,2022-03-17
WB2401ST2021042865,2021-12-18
WB2401ST2021017854,2021-09-18
WB2401ST2021019076,2021-09-20
WB2401ST2023011446,2023-05-27
WB2401ST2021044970,2021-12-24
WB2401ST2021043951,2021-12-19
WB2401ST2021016936,2021-09-16
WB2401ST2021033824,2021-10-13
WB2401ST2021034366,2021-10-28
WB2401ST2021034371,2021-10-28
WB2401ST2021025183,2021-09-27
WB2401ST2021028640,2021-10-01
WB2401ST2021041565,2021-12-18
WB2401ST2022006244,2022-02-04
WB2401ST2023018790,2023-05-30
WB2401ST2022001174,2022-01-12
WB2401ST2022014250,2022-03-20
WB2401ST2022024631,2022-07-15
WB2401ST2021040272,2021-12-16
WB2401ST2021037093,2021-11-20
WB2401ST2021022295,2021-09-24
WB2401ST2021046540,2021-12-30
WB2401ST2022006798,2022-02-10
WB2401ST2021021599,2021-09-23
WB2401ST2023051518,2023-08-03
WB2401ST2022002282,2022-01-13
WB2401ST2021039654,2021-12-12
WB2401ST2021033247,2021-10-11
WB2401ST2021045408,2021-12-28
WB2401ST2021033639,2021-10-11
WB2401ST2022003008,2022-01-14
WB2401ST2021033631,2021-10-11
WB2401ST2021019730,2021-09-21
WB2401ST2021039222,2021-12-11
WB2401ST2022000645,2022-01-05
WB2401ST2021024782,2021-09-26
WB2401ST2021045804,2021-12-29
WB2401ST2023043404,2023-07-27
WB2401ST2022001661,2022-01-13
WB2401ST2023019460,2023-05-31
WB2401ST2021029849,2021-10-02
WB2401ST2021039390,2021-12-11
WB2401ST2021028631,2021-10-01
WB2401ST2022005649,2022-01-22
WB2401ST2021030095,2021-10-05
WB2401ST2021045805,2021-12-29
WB2401ST2021024482,2021-09-26
WB2401ST2022000951,2022-01-12
WB2401ST2022008879,2022-03-07
WB2401ST2021045791,2021-12-29
WB2401ST2021029374,2021-10-01
WB2401ST2021029320,2021-10-01
WB2401ST2021035698,2021-11-15
WB2401ST2021023749,2021-09-25
WB2401ST2021026633,2021-09-28
WB2401ST2021028773,2021-10-01
WB2401ST2021021386,2021-09-23
WB2401ST2022008601,2022-03-06
WB2401ST2021042324,2021-12-18
WB2401ST2021021213,2021-09-23
WB2401ST2022000849,2022-01-12
WB2401ST2023076735,2023-10-16
WB2401ST2021027121,2021-09-29
WB2401ST2021024084,2021-09-26
WB2401ST2021033982,2021-10-13
WB2401ST2022003872,2022-01-18
WB2401ST2023063590,2023-08-06
WB2401ST2021039269,2021-12-11
WB2401ST2022000887,2022-01-12
WB2401ST2021034422,2021-10-28
WB2401ST2021024132,2021-09-26
WB2401ST2022007771,2022-02-20
WB2401ST2021036728,2021-11-20
WB2401ST2021043955,2021-12-19
WB2401ST2021045829,2021-12-29
WB2401ST2021013952,2021-09-13
WB2401ST2021034897,2021-10-30
WB2401ST2021035684,2021-11-15
WB2401ST2021022879,2021-09-24
WB2401ST2021025482,2021-09-27
WB2401ST2022014251,2022-03-20
WB2401ST2022007870,2022-03-06
WB2401ST2021023318,2021-09-25
WB2401ST2021030335,2021-10-05
WB2401ST2022017895,2022-06-08
WB2401ST2021029322,2021-10-01
WB2401ST2022001075,2022-01-12
WB2401ST2021044576,2021-12-22
WB2401ST2023075847,2023-10-08
WB2401ST2021028527,2021-10-01
WB2401ST2023043573,2023-07-27
WB2401ST2021026393,2021-09-28
WB2401ST2021041521,2021-12-18
WB2401ST2021024853,2021-09-27
WB2401ST2021021418,2021-09-23
WB2401ST2021046896,2021-12-31
WB2401ST2023004615,2023-03-31
WB2401ST2021023418,2021-09-25
WB2401ST2021023148,2021-09-25
WB2401ST2021022254,2021-09-24
WB2401ST2021032543,2021-10-09
WB2401ST2021023174,2021-09-25
WB2401ST2021020630,2021-09-22
WB2401ST2022001689,2022-01-13
WB2401ST2021029347,2021-10-01
WB2401ST2022002405,2022-01-14
WB2401ST2023063904,2023-08-06
WB2401ST2021022986,2021-09-25
WB2401ST2022001660,2022-01-13
WB2401ST2021025280,2021-09-27
WB2401ST2021020121,2021-09-21
WB2401ST2021029946,2021-10-03
WB2401ST2022001777,2022-01-13
WB2401ST2021025328,2021-09-27
WB2401ST2022008330,2022-03-06
WB2401ST2021043647,2021-12-19
WB2401ST2021034117,2021-10-13
WB2401ST2021031769,2021-10-05
WB2401ST2021022599,2021-09-24
WB2401ST2021022463,2021-09-24
WB2401ST2021046609,2021-12-31
WB2401ST2021031398,2021-10-05
WB2401ST2022003576,2022-01-15
WB2401ST2021012789,2021-09-10
WB2401ST2021017421,2021-09-18
WB2401ST2021026678,2021-09-28
WB2401ST2021012790,2021-09-10
WB2401ST2021029581,2021-10-02
WB2401ST2021043933,2021-12-19
WB2401ST2022007083,2022-02-13
WB2401ST2021021395,2021-09-23
WB2401ST2022030064,2022-09-21
WB2401ST2022006827,2022-02-10
WB2401ST2022006799,2022-02-10
WB2401ST2021022223,2021-09-24
WB2401ST2021028068,2021-09-30
WB2401ST2021029483,2021-10-02
WB2401ST2021027512,2021-09-29
WB2401ST2021024364,2021-09-26
WB2401ST2021043088,2021-12-19
WB2401ST2022007959,2022-03-06
WB2401ST2023019830,2023-05-31
WB2401ST2021043475,2021-12-19
WB2401ST2023018931,2023-05-30
WB2401ST2021043474,2021-12-19
WB2401ST2021032568,2021-10-09
WB2401ST2021030569,2021-10-05
WB2401ST2021017217,2021-09-16
WB2401ST2021015775,2021-09-16
WB2401ST2021019707,2021-09-21
WB2401ST2021030505,2021-10-05
WB2401ST2021020540,2021-09-22
WB2401ST2021030354,2021-10-05
WB2401ST2021019525,2021-09-21
WB2401ST2022001054,2022-01-12
WB2401ST2021020461,2021-09-21
WB2401ST2021020466,2021-09-21
WB2401ST2022001183,2022-01-12
WB2401ST2021045783,2021-12-29
WB2401ST2021043468,2021-12-19
WB2401ST2021043492,2021-12-19
WB2401ST2021045794,2021-12-29
WB2401ST2021043465,2021-12-19
WB2401ST2021021605,2021-09-23
WB2401ST2021023210,2021-09-25
WB2401ST2021020282,2021-09-21
WB2401ST2021023143,2021-09-25
WB2401ST2021021618,2021-09-23
WB2401ST2021019683,2021-09-21
WB2401ST2021030536,2021-10-05
WB2401ST2021019532,2021-09-21
WB2401ST2021027737,2021-09-30
WB2401ST2021019594,2021-09-21
WB2401ST2021027499,2021-09-29
WB2401ST2021042824,2021-12-18
WB2401ST2021019570,2021-09-21
WB2401ST2021023207,2021-09-25
WB2401ST2021042785,2021-12-18
WB2401ST2021021607,2021-09-23
WB2401ST2022019096,2022-06-20
WB2401ST2021015652,2021-09-16
WB2401ST2021015782,2021-09-16
WB2401ST2021029190,2021-10-01
WB2401ST2021017478,2021-09-18
WB2401ST2021026331,2021-09-28
WB2401ST2021021393,2021-09-23
WB2401ST2022017882,2022-06-08
WB2401ST2021021880,2021-09-24
WB2401ST2021021394,2021-09-23
WB2401ST2021018810,2021-09-20
WB2401ST2023020898,2023-05-31
WB2401ST2021012807,2021-09-10
WB2401ST2021018855,2021-09-20
WB2401ST2021039462,2021-12-12
WB2401ST2021012808,2021-09-10
WB2401ST2021012809,2021-09-10
WB2401ST2021012810,2021-09-10
WB2401ST2022004122,2022-01-18
WB2401ST2021019032,2021-09-20
WB2401ST2021035489,2021-11-15
WB2401ST2021020029,2021-09-21
WB2401ST2021012811,2021-09-10
WB2401ST2022027795,2022-08-27
WB2401ST2022024223,2022-07-12
WB2401ST2022000606,2022-01-05
WB2401ST2021012812,2021-09-10
WB2401ST2021043976,2021-12-19
WB2401ST2021012815,2021-09-10
WB2401ST2021045853,2021-12-29
WB2401ST2021012816,2021-09-10
WB2401ST2021037091,2021-11-20
WB2401ST2021041762,2021-12-18
WB2401ST2021031639,2021-10-05
WB2401ST2021017726,2021-09-18
WB2401ST2021017068,2021-09-16
WB2401ST2022001161,2022-01-12
WB2401ST2021029866,2021-10-02
WB2401ST2021022802,2021-09-24
WB2401ST2021021781,2021-09-23
WB2401ST2021015779,2021-09-16
WB2401ST2021043071,2021-12-19
WB2401ST2021031824,2021-10-05
WB2401ST2021017768,2021-09-18
WB2401ST2021031116,2021-10-05
WB2401ST2021032595,2021-10-09
WB2401ST2021023359,2021-09-25
WB2401ST2023013119,2023-05-28
WB2401ST2023067387,2023-08-06
WB2401ST2022002066,2022-01-13
WB2401ST2021021308,2021-09-23
WB2401ST2021041761,2021-12-18
WB2401ST2022013649,2022-03-17
WB2401ST2022028328,2022-08-29
WB2401ST2023018900,2023-05-30
WB2401ST2022005658,2022-01-22
WB2401ST2022015637,2022-05-06
WB2401ST2021032573,2021-10-09
WB2401ST2021036521,2021-11-19
WB2401ST2021012802,2021-09-10
WB2401ST2021031512,2021-10-05
WB2401ST2021039998,2021-12-15
WB2401ST2021013937,2021-09-13
WB2401ST2022015002,2022-03-31
WB2401ST2021027569,2021-09-30
WB2401ST2021016478,2021-09-16
WB2401ST2022024505,2022-07-15
WB2401ST2022002073,2022-01-13
WB2401ST2022006805,2022-02-10
WB2401ST2021030524,2021-10-05
WB2401ST2021013916,2021-09-13
WB2401ST2023011296,2023-05-27
WB2401ST2022017868,2022-06-08
WB2401ST2022024306,2022-07-13
WB2401ST2022009452,2022-03-10
WB2401ST2022002460,2022-01-14
WB2401ST2022016448,2022-05-26
WB2401ST2022005485,2022-01-22
WB2401ST2021023654,2021-09-25
WB2401ST2021033037,2021-10-11
WB2401ST2022000615,2022-01-05
WB2401ST2021028452,2021-10-01
WB2401ST2021043467,2021-12-19
WB2401ST2022002365,2022-01-14
WB2401ST2021034852,2021-10-30
WB2401ST2021025823,2021-09-28
WB2401ST2021027237,2021-09-29
WB2401ST2021034605,2021-10-30
WB2401ST2021018204,2021-09-19
WB2401ST2021021061,2021-09-23
WB2401ST2021034447,2021-10-28
WB2401ST2021017026,2021-09-16
WB2401ST2022008449,2022-03-06
WB2401ST2022010543,2022-03-11
WB2401ST2022018962,2022-06-20
WB2401ST2021028840,2021-10-01
WB2401ST2021041563,2021-12-18
WB2401ST2021045673,2021-12-28
WB2401ST2021014586,2021-09-14
WB2401ST2021013917,2021-09-13
WB2401ST2021039393,2021-12-11
WB2401ST2021012905,2021-09-11
WB2401ST2023018878,2023-05-30
WB2401ST2021033307,2021-10-11
WB2401ST2021037652,2021-11-26
WB2401ST2021042328,2021-12-18
WB2401ST2022027377,2022-08-24
WB2401ST2021021757,2021-09-23
WB2401ST2021036577,2021-11-19
WB2401ST2022006464,2022-02-08
WB2401ST2021032577,2021-10-09
WB2401ST2021026710,2021-09-28
WB2401ST2021032228,2021-10-09
WB2401ST2022026342,2022-08-21
WB2401ST2023002393,2023-01-20
WB2401ST2023030174,2023-06-06
WB2401ST2021037058,2021-11-20
WB2401ST2021019833,2021-09-21
WB2401ST2021026027,2021-09-28
WB2401ST2022001340,2022-01-12
WB2401ST2021021273,2021-09-23
WB2401ST2021029133,2021-10-01
WB2401ST2021023375,2021-09-25
WB2401ST2022026153,2022-08-21
WB2401ST2021033207,2021-10-11
WB2401ST2021020602,2021-09-22
WB2401ST2021020615,2021-09-22
WB2401ST2023074328,2023-09-28
WB2401ST2021040637,2021-12-17
WB2401ST2021023754,2021-09-25
WB2401ST2021042823,2021-12-18
WB2401ST2021039979,2021-12-13
WB2401ST2021026431,2021-09-28
WB2401ST2021015714,2021-09-16
WB2401ST2021017853,2021-09-18
WB2401ST2021038971,2021-12-11
WB2401ST2021017027,2021-09-16
WB2401ST2021021447,2021-09-23
WB2401ST2021029274,2021-10-01
WB2401ST2021045546,2021-12-28
WB2401ST2021018248,2021-09-19
WB2401ST2021046891,2021-12-31
WB2401ST2021023355,2021-09-25
WB2401ST2021019305,2021-09-20
WB2401ST2022002389,2022-01-14
WB2401ST2021029489,2021-10-02
WB2401ST2022004433,2022-01-19
WB2401ST2021033719,2021-10-12
WB2401ST2022014921,2022-03-20
WB2401ST2022009847,2022-03-10
WB2401ST2022013861,2022-03-20
WB2401ST2021026673,2021-09-28
WB2401ST2022001874,2022-01-13
WB2401ST2023066817,2023-08-06
WB2401ST2021020625,2021-09-22
WB2401ST2021025882,2021-09-28
WB2401ST2021034473,2021-10-28
WB2401ST2022026804,2022-08-23
WB2401ST2021014583,2021-09-14
WB2401ST2022006719,2022-02-09
WB2401ST2021046649,2021-12-31
WB2401ST2023057743,2023-08-05
WB2401ST2021040748,2021-12-17
WB2401ST2021024351,2021-09-26
WB2401ST2021042890,2021-12-19
WB2401ST2022025013,2022-07-29
WB2401ST2021017744,2021-09-18
WB2401ST2022032029,2022-11-07
WB2401ST2021043727,2021-12-19
WB2401ST2022018884,2022-06-20
WB2401ST2021033166,2021-10-11
WB2401ST2021017966,2021-09-19
WB2401ST2022001152,2022-01-12
WB2401ST2023010367,2023-05-25
WB2401ST2022023685,2022-06-29
WB2401ST2021031263,2021-10-05
WB2401ST2021027727,2021-09-30
WB2401ST2021045020,2021-12-24
WB2401ST2021025631,2021-09-27
WB2401ST2021033168,2021-10-11
WB2401ST2022007563,2022-02-13
WB2401ST2021035634,2021-11-15
WB2401ST2021030606,2021-10-05
WB2401ST2022015072,2022-03-31
WB2401ST2021027322,2021-09-29
WB2401ST2022006252,2022-02-04
WB2401ST2022009271,2022-03-09
WB2401ST2022005395,2022-01-22
WB2401ST2021025805,2021-09-28
WB2401ST2022005706,2022-01-23
WB2401ST2022009587,2022-03-10
WB2401ST2022022119,2022-06-25
WB2401ST2021041790,2021-12-18
WB2401ST2022001019,2022-01-12
WB2401ST2021038498,2021-12-06
WB2401ST2021033647,2021-10-11
WB2401ST2022002387,2022-01-14
WB2401ST2022028759,2022-08-31
WB2401ST2022018952,2022-06-20
WB2401ST2021026050,2021-09-28
WB2401ST2021015614,2021-09-16
WB2401ST2023015714,2023-05-29
WB2401ST2021029113,2021-10-01
WB2401ST2021046650,2021-12-31
WB2401ST2021043982,2021-12-19
WB2401ST2021017264,2021-09-17
WB2401ST2022010641,2022-03-11
WB2401ST2021045780,2021-12-29
WB2401ST2022020869,2022-06-23
WB2401ST2021037889,2021-11-30
WB2401ST2021018126,2021-09-19
WB2401ST2021029933,2021-10-02
WB2401ST2021020601,2021-09-22
WB2401ST2021019662,2021-09-21
WB2401ST2021012803,2021-09-10
WB2401ST2021027169,2021-09-29
WB2401ST2021016959,2021-09-16
WB2401ST2021031035,2021-10-05
WB2401ST2021021431,2021-09-23
WB2401ST2021014591,2021-09-14
WB2401ST2021029567,2021-10-02
WB2401ST2023013165,2023-05-28
WB2401ST2021029565,2021-10-02
WB2401ST2022014252,2022-03-20
WB2401ST2022002099,2022-01-13
WB2401ST2021024488,2021-09-26
WB2401ST2022013862,2022-03-20
WB2401ST2021025948,2021-09-28
WB2401ST2021018363,2021-09-20
WB2401ST2022004149,2022-01-18
WB2401ST2023036943,2023-06-08
WB2401ST2022019099,2022-06-20
WB2401ST2021016311,2021-09-16
WB2401ST2021046546,2021-12-30
WB2401ST2021017998,2021-09-19
WB2401ST2022004418,2022-01-19
WB2401ST2023001683,2023-01-17
WB2401ST2022020035,2022-06-22
WB2401ST2021023339,2021-09-25
WB2401ST2022006090,2022-01-26
WB2401ST2021038404,2021-12-06
WB2401ST2021041746,2021-12-18
WB2401ST2022005377,2022-01-22
WB2401ST2021012804,2021-09-10
WB2401ST2021033598,2021-10-11
WB2401ST2022013529,2022-03-17
WB2401ST2023020552,2023-05-31
WB2401ST2021040129,2021-12-16
WB2401ST2021029339,2021-10-01
WB2401ST2021040608,2021-12-17
WB2401ST2021018131,2021-09-19
WB2401ST2021036572,2021-11-19
WB2401ST2021026464,2021-09-28
WB2401ST2021046995,2021-12-31
WB2401ST2021031461,2021-10-05
WB2401ST2021029465,2021-10-02
WB2401ST2022000812,2022-01-12
WB2401ST2021043989,2021-12-19
WB2401ST2021012796,2021-09-10
WB2401ST2022001147,2022-01-12
WB2401ST2021041729,2021-12-18
WB2401ST2021039340,2021-12-11
WB2401ST2021023374,2021-09-25
WB2401ST2021012805,2021-09-10
WB2401ST2023031991,2023-06-07
WB2401ST2021032765,2021-10-09
WB2401ST2022001522,2022-01-12
WB2401ST2022000054,2022-01-02
WB2401ST2022004517,2022-01-19
WB2401ST2021037510,2021-11-26
WB2401ST2021018940,2021-09-20
WB2401ST2022007328,2022-02-13
WB2401ST2021043813,2021-12-19
WB2401ST2022005834,2022-01-26
WB2401ST2021019738,2021-09-21
WB2401ST2021039396,2021-12-11
WB2401ST2021017072,2021-09-16
WB2401ST2021030430,2021-10-05
WB2401ST2022015985,2022-05-16
WB2401ST2021021120,2021-09-23
WB2401ST2021040625,2021-12-17
WB2401ST2023074373,2023-09-28
WB2401ST2021037506,2021-11-26
WB2401ST2022000032,2022-01-02
WB2401ST2023004405,2023-03-31
WB2401ST2022022293,2022-06-25
WB2401ST2021027912,2021-09-30
WB2401ST2022004959,2022-01-20
WB2401ST2022014253,2022-03-20
WB2401ST2021032336,2021-10-09
WB2401ST2023013174,2023-05-28
WB2401ST2021020231,2021-09-21
WB2401ST2021042115,2021-12-18
WB2401ST2021044203,2021-12-19
WB2401ST2022004247,2022-01-18
WB2401ST2021027793,2021-09-30
WB2401ST2022001150,2022-01-12
WB2401ST2022009558,2022-03-10
WB2401ST2021022989,2021-09-25
WB2401ST2022000920,2022-01-12
WB2401ST2022006778,2022-02-09
WB2401ST2022020074,2022-06-22
WB2401ST2021040291,2021-12-16
WB2401ST2023006165,2023-04-11
WB2401ST2022023885,2022-07-05
WB2401ST2021018193,2021-09-19
WB2401ST2022006370,2022-02-04
WB2401ST2021024631,2021-09-26
WB2401ST2022005158,2022-01-22
WB2401ST2022018963,2022-06-20
WB2401ST2021039344,2021-12-11
WB2401ST2025003519,2025-12-09
WB2401ST2021045768,2021-12-29
WB2401ST2021025635,2021-09-27
WB2401ST2022005959,2022-01-26
WB2401ST2023008807,2023-05-21
WB2401ST2022009396,2022-03-10
WB2401ST2021028225,2021-09-30
WB2401ST2021029875,2021-10-02
WB2401ST2021027141,2021-09-29
WB2401ST2021035067,2021-11-02
WB2401ST2022008167,2022-03-06
WB2401ST2021029070,2021-10-01
WB2401ST2021021780,2021-09-23
WB2401ST2021024076,2021-09-26
WB2401ST2021035056,2021-11-02
WB2401ST2022008030,2022-03-06
WB2401ST2022009351,2022-03-10
WB2401ST2021037723,2021-11-29
WB2401ST2021043286,2021-12-19
WB2401ST2023045722,2023-08-01
WB2401ST2021019617,2021-09-21
WB2401ST2021012806,2021-09-10
WB2401ST2023011288,2023-05-27
WB2401ST2022024472,2022-07-15
WB2401ST2021014581,2021-09-14
WB2401ST2021039333,2021-12-11
WB2401ST2021029541,2021-10-02
WB2401ST2021020233,2021-09-21
WB2401ST2021026070,2021-09-28
WB2401ST2023001317,2023-01-16
WB2401ST2022001809,2022-01-13
WB2401ST2021033893,2021-10-13
WB2401ST2021030614,2021-10-05
WB2401ST2021016926,2021-09-16
WB2401ST2021045915,2021-12-29
WB2401ST2021012798,2021-09-10
WB2401ST2021028116,2021-09-30
WB2401ST2022018416,2022-06-17
WB2401ST2021030511,2021-10-05
WB2401ST2022000638,2022-01-05
WB2401ST2021021098,2021-09-23
WB2401ST2021031712,2021-10-05
WB2401ST2021020044,2021-09-21
WB2401ST2021025822,2021-09-28
WB2401ST2021030618,2021-10-05
WB2401ST2023076099,2023-10-11
WB2401ST2021046951,2021-12-31
WB2401ST2021026864,2021-09-29
WB2401ST2021027058,2021-09-29
WB2401ST2021012799,2021-09-10
WB2401ST2021021022,2021-09-22
WB2401ST2022005427,2022-01-22
WB2401ST2021024589,2021-09-26
WB2401ST2021023326,2021-09-25
WB2401ST2021034385,2021-10-28
WB2401ST2021046491,2021-12-30
WB2401ST2021027823,2021-09-30
WB2401ST2024001916,2024-10-30
WB2401ST2021020686,2021-09-22
WB2401ST2021025887,2021-09-28
WB2401ST2023006556,2023-04-12
WB2401ST2022025128,2022-07-29
WB2401ST2021012800,2021-09-10
WB2401ST2021017763,2021-09-18
WB2401ST2021046465,2021-12-30
WB2401ST2021030951,2021-10-05
WB2401ST2022001170,2022-01-12
WB2401ST2021027646,2021-09-30
WB2401ST2022017934,2022-06-08
WB2401ST2021035646,2021-11-15
WB2401ST2023067383,2023-08-06
WB2401ST2022015878,2022-05-13
WB2401ST2022028924,2022-08-31
WB2401ST2023004407,2023-03-31
WB2401ST2021043873,2021-12-19
WB2401ST2021019613,2021-09-21
WB2401ST2021024489,2021-09-26
WB2401ST2022000115,2022-01-02
WB2401ST2021018335,2021-09-20
WB2401ST2022019172,2022-06-20
WB2401ST2021036355,2021-11-19
WB2401ST2021035574,2021-11-15
WB2401ST2021035416,2021-11-15
WB2401ST2021027421,2021-09-29
WB2401ST2021031713,2021-10-05
WB2401ST2021043728,2021-12-19
WB2401ST2021045411,2021-12-28
WB2401ST2021042857,2021-12-18
WB2401ST2021012801,2021-09-10
WB2401ST2021026090,2021-09-28
WB2401ST2021021687,2021-09-23
WB2401ST2022024450,2022-07-15
WB2401ST2022008156,2022-03-06
WB2401ST2021029259,2021-10-01
WB2401ST2021032567,2021-10-09
WB2401ST2022001984,2022-01-13
WB2401ST2021022801,2021-09-24
WB2401ST2021024576,2021-09-26
WB2401ST2021031711,2021-10-05
WB2401ST2021043458,2021-12-19
WB2401ST2021023238,2021-09-25
WB2401ST2021019918,2021-09-21
WB2401ST2022020585,2022-06-22
WB2401ST2021012817,2021-09-10
WB2401ST2023061345,2023-08-05
WB2401ST2021022625,2021-09-24
WB2401ST2021039229,2021-12-11
WB2401ST2021030170,2021-10-05
WB2401ST2021023180,2021-09-25
WB2401ST2021040482,2021-12-17
WB2401ST2021017745,2021-09-18
WB2401ST2021044463,2021-12-22
WB2401ST2021046633,2021-12-31
WB2401ST2021029193,2021-10-01
WB2401ST2021027910,2021-09-30
WB2401ST2023074649,2023-09-28
WB2401ST2021021039,2021-09-23
WB2401ST2022015505,2022-05-06
WB2401ST2021041462,2021-12-18
WB2401ST2023010366,2023-05-25
WB2401ST2022008186,2022-03-06
WB2401ST2022004160,2022-01-18
WB2401ST2022018403,2022-06-17
WB2401ST2021028450,2021-10-01
WB2401ST2022021505,2022-06-24
WB2401ST2022015429,2022-05-06
WB2401ST2021019422,2021-09-20
WB2401ST2021017425,2021-09-18
WB2401ST2023006976,2023-04-16
WB2401ST2021012797,2021-09-10
WB2401ST2021019590,2021-09-21
WB2401ST2021014389,2021-09-14
WB2401ST2021044419,2021-12-22
WB2401ST2022005394,2022-01-22
WB2401ST2021033818,2021-10-13
WB2401ST2021029963,2021-10-04
WB2401ST2021035945,2021-11-16
WB2401ST2021024468,2021-09-26
WB2401ST2021043264,2021-12-19
WB2401ST2021023394,2021-09-25
WB2401ST2021022260,2021-09-24
WB2401ST2022000209,2022-01-02
WB2401ST2021024490,2021-09-26
WB2401ST2021032003,2021-10-06
WB2401ST2022005905,2022-01-26
WB2401ST2021012818,2021-09-10
WB2401ST2021017486,2021-09-18
WB2401ST2022024486,2022-07-15
WB2401ST2021043471,2021-12-19
WB2401ST2022026090,2022-08-21
WB2401ST2022001103,2022-01-12
WB2401ST2021017038,2021-09-16
WB2401ST2021030145,2021-10-05
WB2401ST2021023548,2021-09-25
WB2401ST2021029939,2021-10-02
WB2401ST2021021251,2021-09-23
WB2401ST2022008157,2022-03-06
WB2401ST2022006828,2022-02-10
WB2401ST2021035705,2021-11-15
WB2401ST2022005407,2022-01-22
WB2401ST2022010116,2022-03-10
WB2401ST2022006800,2022-02-10
WB2401ST2021018394,2021-09-20
WB2401ST2023004406,2023-03-31
WB2401ST2021031703,2021-10-05
WB2401ST2022007511,2022-02-13
WB2401ST2021013955,2021-09-13
WB2401ST2021018586,2021-09-20
WB2401ST2021012819,2021-09-10
WB2401ST2021030696,2021-10-05
WB2401ST2021043943,2021-12-19
WB2401ST2021014557,2021-09-14
WB2401ST2021018870,2021-09-20
WB2401ST2021039341,2021-12-11
WB2401ST2022030560,2022-09-28
WB2401ST2024001938,2024-10-30
WB2401ST2021022831,2021-09-24
WB2401ST2021042595,2021-12-18
WB2401ST2022003868,2022-01-18
WB2401ST2021017234,2021-09-17
WB2401ST2022001559,2022-01-12
WB2401ST2022008182,2022-03-06
WB2401ST2022001740,2022-01-13
WB2401ST2022025998,2022-08-21
WB2401ST2021036038,2021-11-16
WB2401ST2021028161,2021-09-30
WB2401ST2021012820,2021-09-10
WB2401ST2022001519,2022-01-12
WB2401ST2021019664,2021-09-21
WB2401ST2021022531,2021-09-24
WB2401ST2021042800,2021-12-18
WB2401ST2021023127,2021-09-25
WB2401ST2021029645,2021-10-02
WB2401ST2022016007,2022-05-17
WB2401ST2022010342,2022-03-11
WB2401ST2021044464,2021-12-22
WB2401ST2022003798,2022-01-15
WB2401ST2022002373,2022-01-14
WB2401ST2021033761,2021-10-12
WB2401ST2021031417,2021-10-05
WB2401ST2021033826,2021-10-13
WB2401ST2022007745,2022-02-13
WB2401ST2021036635,2021-11-20
WB2401ST2022001743,2022-01-13
WB2401ST2021015613,2021-09-16
WB2401ST2022000563,2022-01-05
WB2401ST2022007802,2022-03-06
WB2401ST2021037670,2021-11-26
WB2401ST2021026343,2021-09-28
WB2401ST2021028099,2021-09-30
WB2401ST2021019295,2021-09-20
WB2401ST2021021366,2021-09-23
WB2401ST2021019825,2021-09-21
WB2401ST2023011197,2023-05-27
WB2401ST2022004527,2022-01-19
WB2401ST2022021809,2022-06-24
WB2401ST2023013176,2023-05-28
WB2401ST2022003723,2022-01-15
WB2401ST2021046832,2021-12-31
WB2401ST2023008811,2023-05-21
WB2401ST2021040240,2021-12-16
WB2401ST2021016927,2021-09-16
WB2401ST2021019591,2021-09-21
WB2401ST2021027942,2021-09-30
WB2401ST2023066813,2023-08-06
WB2401ST2021042713,2021-12-18
WB2401ST2022008483,2022-03-06
WB2401ST2021023145,2021-09-25
WB2401ST2021024097,2021-09-26
WB2401ST2022000243,2022-01-05
WB2401ST2022022807,2022-06-27
WB2401ST2021023274,2021-09-25
WB2401ST2021032891,2021-10-10
WB2401ST2021020617,2021-09-22
WB2401ST2022006806,2022-02-10
WB2401ST2021019631,2021-09-21
WB2401ST2021016920,2021-09-16
WB2401ST2022019811,2022-06-21
WB2401ST2021026683,2021-09-28
WB2401ST2022006713,2022-02-09
WB2401ST2021033740,2021-10-12
WB2401ST2021017773,2021-09-18
WB2401ST2022014412,2022-03-20
WB2401ST2021042799,2021-12-18
WB2401ST2021035545,2021-11-15
WB2401ST2023008806,2023-05-21
WB2401ST2021033279,2021-10-11
WB2401ST2023002387,2023-01-20
WB2401ST2021020781,2021-09-22
WB2401ST2023008809,2023-05-21
WB2401ST2021023327,2021-09-25
WB2401ST2021017412,2021-09-18
WB2401ST2022007102,2022-02-13
WB2401ST2021031460,2021-10-05
WB2401ST2022019909,2022-06-21
WB2401ST2021019505,2021-09-21
WB2401ST2021021476,2021-09-23
WB2401ST2021046544,2021-12-30
WB2401ST2021022150,2021-09-24
WB2401ST2021033779,2021-10-12
WB2401ST2022006829,2022-02-10
WB2401ST2021020173,2021-09-21
WB2401ST2021046447,2021-12-30
WB2401ST2022006852,2022-02-10
WB2401ST2021020460,2021-09-21
WB2401ST2021017695,2021-09-18
WB2401ST2021046249,2021-12-30
WB2401ST2022017932,2022-06-08
WB2401ST2021031801,2021-10-05
WB2401ST2021016305,2021-09-16
WB2401ST2021020734,2021-09-22
WB2401ST2021019620,2021-09-21
WB2401ST2022004627,2022-01-19
WB2401ST2022009400,2022-03-10
WB2401ST2021021432,2021-09-23
WB2401ST2021043069,2021-12-19
WB2401ST2021033560,2021-10-11
WB2401ST2022020947,2022-06-23
WB2401ST2021028094,2021-09-30
WB2401ST2023058296,2023-08-05
WB2401ST2021039196,2021-12-11
WB2401ST2021014609,2021-09-14
WB2401ST2021022186,2021-09-24
WB2401ST2021045894,2021-12-29
WB2401ST2021027892,2021-09-30
WB2401ST2021042813,2021-12-18
WB2401ST2023012878,2023-05-28
WB2401ST2022006221,2022-02-04
WB2401ST2021046508,2021-12-30
WB2401ST2023012841,2023-05-28
WB2401ST2021024384,2021-09-26
WB2401ST2021029869,2021-10-02
WB2401ST2021036067,2021-11-16
WB2401ST2021019568,2021-09-21
WB2401ST2021021225,2021-09-23
WB2401ST2021042410,2021-12-18
WB2401ST2023003624,2023-03-02
WB2401ST2021023901,2021-09-26
WB2401ST2021027243,2021-09-29
WB2401ST2021019489,2021-09-21
WB2401ST2021040286,2021-12-16
WB2401ST2021026582,2021-09-28
WB2401ST2021029937,2021-10-02
WB2401ST2021046607,2021-12-31
WB2401ST2021030639,2021-10-05
WB2401ST2021022202,2021-09-24
WB2401ST2021020822,2021-09-22
WB2401ST2021024335,2021-09-26
WB2401ST2021025429,2021-09-27
WB2401ST2021016998,2021-09-16
WB2401ST2022003613,2022-01-15
WB2401ST2021023063,2021-09-25
WB2401ST2022027913,2022-08-27
WB2401ST2022001171,2022-01-12
WB2401ST2021024630,2021-09-26
WB2401ST2021042787,2021-12-18
WB2401ST2021027341,2021-09-29
WB2401ST2021023665,2021-09-25
WB2401ST2021017149,2021-09-16
WB2401ST2023003079,2023-02-06
WB2401ST2022008323,2022-03-06
WB2401ST2021023764,2021-09-25
WB2401ST2021017023,2021-09-16
WB2401ST2021044920,2021-12-24
WB2401ST2023041329,2023-07-23
WB2401ST2021035789,2021-11-15
WB2401ST2021025870,2021-09-28
WB2401ST2021027935,2021-09-30
WB2401ST2021016992,2021-09-16
WB2401ST2021024412,2021-09-26
WB2401ST2021035585,2021-11-15
WB2401ST2021035590,2021-11-15
WB2401ST2021033266,2021-10-11
WB2401ST2023020018,2023-05-31
WB2401ST2021044142,2021-12-19
WB2401ST2021028441,2021-10-01
WB2401ST2022000558,2022-01-05
WB2401ST2022017897,2022-06-08
WB2401ST2023026708,2023-06-04
WB2401ST2022009711,2022-03-10
WB2401ST2021043466,2021-12-19
WB2401ST2021025388,2021-09-27
WB2401ST2021035007,2021-10-30
WB2401ST2021029589,2021-10-02
WB2401ST2021031473,2021-10-05
WB2401ST2021031447,2021-10-05
WB2401ST2023059732,2023-08-05
WB2401ST2021037316,2021-11-21
WB2401ST2021029682,2021-10-02
WB2401ST2022000556,2022-01-05
WB2401ST2021020677,2021-09-22
WB2401ST2022027650,2022-08-25
WB2401ST2021020811,2021-09-22
WB2401ST2021018183,2021-09-19
WB2401ST2021045494,2021-12-28
WB2401ST2023003078,2023-02-06
WB2401ST2023012293,2023-05-28
WB2401ST2022013028,2022-03-17
WB2401ST2022027233,2022-08-24
WB2401ST2021014625,2021-09-14
WB2401ST2021020276,2021-09-21
WB2401ST2021026584,2021-09-28
WB2401ST2021027627,2021-09-30
WB2401ST2022005976,2022-01-26
WB2401ST2022005582,2022-01-22
WB2401ST2021046511,2021-12-30
WB2401ST2022027288,2022-08-24
WB2401ST2022007738,2022-02-13
WB2401ST2021046297,2021-12-30
WB2401ST2021019942,2021-09-21
WB2401ST2023008145,2023-05-10
WB2401ST2021026340,2021-09-28
WB2401ST2021034627,2021-10-30
WB2401ST2021023357,2021-09-25
WB2401ST2021034610,2021-10-30
WB2401ST2022034592,2022-12-01
WB2401ST2021041322,2021-12-18
WB2401ST2022023454,2022-06-29
WB2401ST2022001033,2022-01-12
WB2401ST2021021895,2021-09-24
WB2401ST2021024228,2021-09-26
WB2401ST2021030215,2021-10-05
WB2401ST2022020066,2022-06-22
WB2401ST2021036293,2021-11-19
WB2401ST2022026587,2022-08-23
WB2401ST2021021214,2021-09-23
WB2401ST2022001080,2022-01-12
WB2401ST2021029852,2021-10-02
WB2401ST2021021624,2021-09-23
WB2401ST2022000868,2022-01-12
WB2401ST2022006744,2022-02-09
WB2401ST2021026462,2021-09-28
WB2401ST2022022465,2022-06-25
WB2401ST2021015612,2021-09-16
WB2401ST2021029130,2021-10-01
WB2401ST2021033577,2021-10-11
WB2401ST2022001106,2022-01-12
WB2401ST2022018439,2022-06-17
WB2401ST2022007732,2022-02-13
WB2401ST2021045841,2021-12-29
WB2401ST2021030312,2021-10-05
WB2401ST2021035960,2021-11-16
WB2401ST2021023064,2021-09-25
WB2401ST2021030813,2021-10-05
WB2401ST2023066956,2023-08-06
WB2401ST2021029185,2021-10-01
WB2401ST2021041620,2021-12-18
WB2401ST2021035868,2021-11-16
WB2401ST2021032225,2021-10-09
WB2401ST2023075630,2023-10-04
WB2401ST2021043089,2021-12-19
WB2401ST2021025669,2021-09-27
WB2401ST2022002166,2022-01-13
WB2401ST2021026661,2021-09-28
WB2401ST2021043648,2021-12-19
WB2401ST2021029372,2021-10-01
WB2401ST2021028537,2021-10-01
WB2401ST2021046644,2021-12-31
WB2401ST2025000964,2025-02-28
WB2401ST2023059065,2023-08-05
WB2401ST2021029084,2021-10-01
WB2401ST2023019199,2023-05-31
WB2401ST2021045882,2021-12-29
WB2401ST2021037386,2021-11-21
WB2401ST2021016995,2021-09-16
WB2401ST2022024625,2022-07-15
WB2401ST2021027777,2021-09-30
WB2401ST2021028117,2021-09-30
WB2401ST2022004199,2022-01-18
WB2401ST2021031378,2021-10-05
WB2401ST2021040001,2021-12-15
WB2401ST2022004154,2022-01-18
WB2401ST2021037036,2021-11-20
WB2401ST2021019834,2021-09-21
WB2401ST2021025467,2021-09-27
WB2401ST2021021427,2021-09-23
WB2401ST2021043547,2021-12-19
WB2401ST2021029344,2021-10-01
WB2401ST2021043997,2021-12-19
WB2401ST2021036489,2021-11-19
WB2401ST2021023237,2021-09-25
WB2401ST2021019671,2021-09-21
WB2401ST2022008710,2022-03-07
WB2401ST2023028703,2023-06-05
WB2401ST2021039353,2021-12-11
WB2401ST2021029478,2021-10-02
WB2401ST2021040440,2021-12-17
WB2401ST2023066257,2023-08-06
WB2401ST2021022665,2021-09-24
WB2401ST2023011130,2023-05-27
WB2401ST2021039110,2021-12-11
WB2401ST2021035217,2021-11-02
WB2401ST2021023358,2021-09-25
WB2401ST2021036586,2021-11-19
WB2401ST2022005467,2022-01-22
WB2401ST2023008803,2023-05-21
WB2401ST2021047309,2021-12-31
WB2401ST2021026993,2021-09-29
WB2401ST2021026994,2021-09-29
WB2401ST2021046740,2021-12-31
WB2401ST2021047050,2021-12-31
WB2401ST2021017096,2021-09-16
WB2401ST2022027749,2022-08-25
WB2401ST2021016253,2021-09-16
WB2401ST2021021028,2021-09-23
WB2401ST2022024488,2022-07-15
WB2401ST2022004885,2022-01-20
WB2401ST2021036831,2021-11-20
WB2401ST2022013358,2022-03-17
WB2401ST2023063541,2023-08-06
WB2401ST2022024440,2022-07-15
WB2401ST2021029073,2021-10-01
WB2401ST2021044018,2021-12-19
WB2401ST2022006853,2022-02-10
WB2401ST2023010365,2023-05-25
WB2401ST2022003559,2022-01-15
WB2401ST2021022201,2021-09-24
WB2401ST2022024423,2022-07-14
WB2401ST2021036076,2021-11-16
WB2401ST2021047239,2021-12-31
WB2401ST2021046345,2021-12-30
WB2401ST2021029192,2021-10-01
WB2401ST2021047283,2021-12-31
WB2401ST2021036483,2021-11-19
WB2401ST2021024771,2021-09-26
WB2401ST2021027522,2021-09-29
WB2401ST2021025819,2021-09-28
WB2401ST2021043984,2021-12-19
WB2401ST2021041623,2021-12-18
WB2401ST2021026558,2021-09-28
WB2401ST2022019363,2022-06-21
WB2401ST2021028873,2021-10-01
WB2401ST2021029563,2021-10-02
WB2401ST2021026637,2021-09-28
WB2401ST2021044027,2021-12-19
WB2401ST2021037866,2021-11-30
WB2401ST2021017011,2021-09-16
WB2401ST2022022944,2022-06-28
WB2401ST2021015655,2021-09-16
WB2401ST2021027621,2021-09-30
WB2401ST2021024361,2021-09-26
WB2401ST2022028466,2022-08-30
WB2401ST2021027162,2021-09-29
WB2401ST2022020764,2022-06-23
WB2401ST2021016935,2021-09-16
WB2401ST2021027548,2021-09-29
WB2401ST2021026966,2021-09-29
WB2401ST2021043098,2021-12-19
WB2401ST2021023690,2021-09-25
WB2401ST2023004846,2023-03-31
WB2401ST2022021422,2022-06-24
WB2401ST2021024404,2021-09-26
WB2401ST2021021253,2021-09-23
WB2401ST2022014255,2022-03-20
WB2401ST2023004368,2023-03-31
WB2401ST2021039031,2021-12-11
WB2401ST2022005951,2022-01-26
WB2401ST2022006200,2022-02-04
WB2401ST2022028467,2022-08-30
WB2401ST2021033260,2021-10-11
WB2401ST2021026649,2021-09-28
WB2401ST2022001227,2022-01-12
WB2401ST2021045844,2021-12-29
WB2401ST2021035805,2021-11-15
WB2401ST2022010401,2022-03-11
WB2401ST2021022983,2021-09-25
WB2401ST2022001974,2022-01-13
WB2401ST2021047276,2021-12-31
WB2401ST2021027738,2021-09-30
WB2401ST2021016977,2021-09-16
WB2401ST2021037507,2021-11-26
WB2401ST2021022621,2021-09-24
WB2401ST2022006815,2022-02-10
WB2401ST2021046973,2021-12-31
WB2401ST2022003468,2022-01-15
WB2401ST2021044226,2021-12-19
WB2401ST2021037777,2021-11-30
WB2401ST2022020198,2022-06-22
WB2401ST2022019876,2022-06-21
WB2401ST2021021049,2021-09-23
WB2401ST2021019018,2021-09-20
WB2401ST2021021756,2021-09-23
WB2401ST2021016844,2021-09-16
WB2401ST2021045232,2021-12-28
WB2401ST2021032039,2021-10-06
WB2401ST2022006037,2022-01-26
WB2401ST2021033422,2021-10-11
WB2401ST2021017239,2021-09-17
WB2401ST2021037531,2021-11-26
WB2401ST2021035054,2021-11-02
WB2401ST2021020105,2021-09-21
WB2401ST2021043734,2021-12-19
WB2401ST2023012070,2023-05-28
WB2401ST2022031375,2022-10-19
WB2401ST2021027685,2021-09-30
WB2401ST2022020812,2022-06-23
WB2401ST2021032706,2021-10-09
WB2401ST2022013027,2022-03-17
WB2401ST2021026597,2021-09-28
WB2401ST2023047394,2023-08-03
WB2401ST2024001989,2024-11-14
WB2401ST2021030017,2021-10-05
WB2401ST2023028710,2023-06-05
WB2401ST2021034333,2021-10-28
WB2401ST2021028934,2021-10-01
WB2401ST2022005456,2022-01-22
WB2401ST2021044212,2021-12-19
WB2401ST2022010558,2022-03-11
WB2401ST2022020567,2022-06-22
WB2401ST2021017692,2021-09-18
WB2401ST2022022997,2022-06-28
WB2401ST2021027768,2021-09-30
WB2401ST2021018787,2021-09-20
WB2401ST2021029237,2021-10-01
WB2401ST2022010149,2022-03-11
WB2401ST2021021433,2021-09-23
WB2401ST2022016487,2022-05-27
WB2401ST2021031041,2021-10-05
WB2401ST2021027330,2021-09-29
WB2401ST2021027171,2021-09-29
WB2401ST2021020262,2021-09-21
WB2401ST2021036116,2021-11-17
WB2401ST2021023900,2021-09-26
WB2401ST2021030851,2021-10-05
WB2401ST2022001515,2022-01-12
WB2401ST2021028639,2021-10-01
WB2401ST2021025996,2021-09-28
WB2401ST2022006454,2022-02-08
WB2401ST2022002418,2022-01-14
WB2401ST2022001552,2022-01-12
WB2401ST2022008492,2022-03-06
WB2401ST2023009506,2023-05-23
WB2401ST2021022302,2021-09-24
WB2401ST2022019692,2022-06-21
WB2401ST2021047157,2021-12-31
WB2401ST2022024358,2022-07-13
WB2401ST2022003940,2022-01-18
WB2401ST2021035352,2021-11-02
WB2401ST2023010343,2023-05-25
WB2401ST2021033565,2021-10-11
WB2401ST2022010190,2022-03-11
WB2401ST2021027310,2021-09-29
WB2401ST2022030076,2022-09-21
WB2401ST2021017237,2021-09-17
WB2401ST2022028848,2022-08-31
WB2401ST2021013941,2021-09-13
WB2401ST2024002018,2024-11-18
WB2401ST2021045108,2021-12-24
WB2401ST2021022614,2021-09-24
WB2401ST2022001560,2022-01-12
WB2401ST2023073950,2023-09-20
WB2401ST2021019621,2021-09-21
WB2401ST2021023245,2021-09-25
WB2401ST2023039398,2023-06-26
WB2401ST2021027506,2021-09-29
WB2401ST2021024409,2021-09-26
WB2401ST2021024581,2021-09-26
WB2401ST2021034649,2021-10-30
WB2401ST2023043574,2023-07-27
WB2401ST2022000627,2022-01-05
WB2401ST2022001446,2022-01-12
WB2401ST2021028109,2021-09-30
WB2401ST2021018455,2021-09-20
WB2401ST2021029458,2021-10-01
WB2401ST2021021232,2021-09-23
WB2401ST2021019611,2021-09-21
WB2401ST2021018177,2021-09-19
WB2401ST2022009365,2022-03-10
WB2401ST2021038435,2021-12-06
WB2401ST2021037019,2021-11-20
WB2401ST2021019549,2021-09-21
WB2401ST2021019557,2021-09-21
WB2401ST2021046493,2021-12-30
WB2401ST2022020831,2022-06-23
WB2401ST2021040679,2021-12-17
WB2401ST2021018901,2021-09-20
WB2401ST2021016930,2021-09-16
WB2401ST2022017548,2022-06-03
WB2401ST2023005600,2023-04-06
WB2401ST2021031792,2021-10-05
WB2401ST2021023307,2021-09-25
WB2401ST2022014256,2022-03-20
WB2401ST2021020124,2021-09-21
WB2401ST2021022905,2021-09-24
WB2401ST2022026428,2022-08-21
WB2401ST2022014257,2022-03-20
WB2401ST2021046020,2021-12-29
WB2401ST2022019080,2022-06-20
WB2401ST2026000390,2026-01-11
WB2401ST2021026992,2021-09-29
WB2401ST2021036867,2021-11-20
WB2401ST2021019572,2021-09-21
WB2401ST2021018451,2021-09-20
WB2401ST2022013371,2022-03-17
WB2401ST2022005408,2022-01-22
WB2401ST2021044009,2021-12-19
WB2401ST2021025624,2021-09-27
WB2401ST2022010150,2022-03-11
WB2401ST2023059200,2023-08-05
WB2401ST2022018450,2022-06-17
WB2401ST2021025484,2021-09-27
WB2401ST2021035911,2021-11-16
WB2401ST2023061373,2023-08-05
WB2401ST2021023254,2021-09-25
WB2401ST2022026071,2022-08-21
WB2401ST2021035617,2021-11-15
WB2401ST2021037532,2021-11-26
WB2401ST2022027003,2022-08-23
WB2401ST2021022978,2021-09-25
WB2401ST2021021598,2021-09-23
WB2401ST2023005601,2023-04-06
WB2401ST2021023065,2021-09-25
WB2401ST2022021353,2022-06-23
WB2401ST2021019501,2021-09-21
WB2401ST2022000860,2022-01-12
WB2401ST2022018968,2022-06-20
WB2401ST2021035693,2021-11-15
WB2401ST2021045923,2021-12-29
WB2401ST2021036555,2021-11-19
WB2401ST2021043741,2021-12-19
WB2401ST2021046337,2021-12-30
WB2401ST2021045883,2021-12-29
WB2401ST2022033175,2022-11-18
WB2401ST2022001993,2022-01-13
WB2401ST2022016369,2022-05-26
WB2401ST2021024491,2021-09-26
WB2401ST2021024291,2021-09-26
WB2401ST2021016744,2021-09-16
WB2401ST2026000400,2026-01-11
WB2401ST2021022985,2021-09-25
WB2401ST2021020252,2021-09-21
WB2401ST2022002060,2022-01-13
WB2401ST2021031071,2021-10-05
WB2401ST2021024790,2021-09-26
WB2401ST2022017968,2022-06-08
WB2401ST2022001500,2022-01-12
WB2401ST2022004330,2022-01-19
WB2401ST2021045921,2021-12-29
WB2401ST2021028700,2021-10-01
WB2401ST2021027532,2021-09-29
WB2401ST2021026787,2021-09-28
WB2401ST2021032594,2021-10-09
WB2401ST2022005114,2022-01-22
WB2401ST2021027152,2021-09-29
WB2401ST2023072985,2023-08-31
WB2401ST2021019695,2021-09-21
WB2401ST2021034097,2021-10-13
WB2401ST2021035892,2021-11-16
WB2401ST2021026664,2021-09-28
WB2401ST2021027849,2021-09-30
WB2401ST2022001825,2022-01-13
WB2401ST2026000388,2026-01-11
WB2401ST2022008788,2022-03-07
WB2401ST2021032448,2021-10-09
WB2401ST2021037526,2021-11-26
WB2401ST2021045920,2021-12-29
WB2401ST2021037527,2021-11-26
WB2401ST2021024311,2021-09-26
WB2401ST2022003431,2022-01-15
WB2401ST2021035620,2021-11-15
WB2401ST2023008812,2023-05-21
WB2401ST2021021582,2021-09-23
WB2401ST2021045700,2021-12-28
WB2401ST2022024600,2022-07-15
WB2401ST2021027623,2021-09-30
WB2401ST2022001297,2022-01-12
WB2401ST2022024550,2022-07-15
WB2401ST2021046642,2021-12-31
WB2401ST2024001990,2024-11-14
WB2401ST2021020253,2021-09-21
WB2401ST2021027361,2021-09-29
WB2401ST2022004268,2022-01-18
WB2401ST2021043108,2021-12-19
WB2401ST2023008810,2023-05-21
WB2401ST2022005799,2022-01-26
WB2401ST2021019985,2021-09-21
WB2401ST2022019050,2022-06-20
WB2401ST2021020277,2021-09-21
WB2401ST2021019435,2021-09-20
WB2401ST2022026306,2022-08-21
WB2401ST2022006374,2022-02-04
WB2401ST2021030516,2021-10-05
WB2401ST2022001746,2022-01-13
WB2401ST2021032450,2021-10-09
WB2401ST2021027457,2021-09-29
WB2401ST2021041610,2021-12-18
WB2401ST2023045522,2023-07-31
WB2401ST2022003447,2022-01-15
WB2401ST2021020688,2021-09-22
WB2401ST2022027284,2022-08-24
WB2401ST2021031772,2021-10-05
WB2401ST2022001516,2022-01-12
WB2401ST2021033642,2021-10-11
WB2401ST2021023713,2021-09-25
WB2401ST2021027590,2021-09-30
WB2401ST2021020176,2021-09-21
WB2401ST2021035553,2021-11-15
WB2401ST2021027179,2021-09-29
WB2401ST2021031500,2021-10-05
WB2401ST2021033624,2021-10-11
WB2401ST2023020096,2023-05-31
WB2401ST2022017956,2022-06-08
WB2401ST2022008184,2022-03-06
WB2401ST2021027416,2021-09-29
WB2401ST2022017998,2022-06-08
WB2401ST2022005153,2022-01-22
WB2401ST2022002263,2022-01-13
WB2401ST2021031997,2021-10-06
WB2401ST2022005509,2022-01-22
WB2401ST2022017973,2022-06-08
WB2401ST2021028107,2021-09-30
WB2401ST2023008808,2023-05-21
WB2401ST2021046799,2021-12-31
WB2401ST2021046528,2021-12-30
WB2401ST2022001829,2022-01-13
WB2401ST2021038821,2021-12-11
WB2401ST2021020711,2021-09-22
WB2401ST2021043460,2021-12-19
WB2401ST2021043068,2021-12-19
WB2401ST2022010733,2022-03-11
WB2401ST2022018988,2022-06-20
WB2401ST2021022922,2021-09-25
WB2401ST2021028176,2021-09-30
WB2401ST2021039163,2021-12-11
WB2401ST2021028087,2021-09-30
WB2401ST2021043064,2021-12-19
WB2401ST2022030436,2022-09-28
WB2401ST2021020281,2021-09-21
WB2401ST2021019612,2021-09-21
WB2401ST2021034963,2021-10-30
WB2401ST2022028861,2022-08-31
WB2401ST2023008805,2023-05-21
WB2401ST2021028871,2021-10-01
WB2401ST2021030429,2021-10-05
WB2401ST2022003991,2022-01-18
WB2401ST2022001096,2022-01-12
WB2401ST2021021404,2021-09-23
WB2401ST2021027409,2021-09-29
WB2401ST2021020778,2021-09-22
WB2401ST2022007106,2022-02-13
WB2401ST2022014258,2022-03-20
WB2401ST2021027825,2021-09-30
WB2401ST2021019357,2021-09-20
WB2401ST2022008315,2022-03-06
WB2401ST2021024593,2021-09-26
WB2401ST2021027785,2021-09-30
WB2401ST2023062085,2023-08-06
WB2401ST2021021277,2021-09-23
WB2401ST2021019511,2021-09-21
WB2401ST2021021367,2021-09-23
WB2401ST2021043072,2021-12-19
WB2401ST2021039455,2021-12-12
WB2401ST2022004308,2022-01-18
WB2401ST2022014259,2022-03-20
WB2401ST2022001088,2022-01-12
WB2401ST2023002923,2023-02-03
WB2401ST2021044351,2021-12-21
WB2401ST2021019503,2021-09-21
WB2401ST2021035606,2021-11-15
WB2401ST2021035869,2021-11-16
WB2401ST2021039343,2021-12-11
WB2401ST2021033664,2021-10-12
WB2401ST2021038536,2021-12-06
WB2401ST2022034677,2022-12-02
WB2401ST2021034378,2021-10-28
WB2401ST2021027376,2021-09-29
WB2401ST2021025426,2021-09-27
WB2401ST2021023101,2021-09-25
WB2401ST2022001081,2022-01-12
WB2401ST2021030686,2021-10-05
WB2401ST2022004019,2022-01-18
WB2401ST2022016368,2022-05-26
WB2401ST2021027648,2021-09-30
WB2401ST2022008336,2022-03-06
WB2401ST2021028008,2021-09-30
WB2401ST2022004297,2022-01-18
WB2401ST2021033390,2021-10-11
WB2401ST2022016034,2022-05-17
WB2401ST2021027800,2021-09-30
WB2401ST2021046659,2021-12-31
WB2401ST2023003716,2023-03-03
WB2401ST2022003925,2022-01-18
WB2401ST2022000628,2022-01-05
WB2401ST2021031809,2021-10-05
WB2401ST2023074293,2023-09-27
WB2401ST2022012420,2022-03-15
WB2401ST2021024226,2021-09-26
WB2401ST2021035597,2021-11-15
WB2401ST2022008674,2022-03-07
WB2401ST2022021269,2022-06-23
WB2401ST2021045695,2021-12-28
WB2401ST2021025127,2021-09-27
WB2401ST2021027625,2021-09-30
WB2401ST2022000693,2022-01-05
WB2401ST2021034416,2021-10-28
WB2401ST2021040792,2021-12-17
WB2401ST2022005863,2022-01-26
WB2401ST2021029038,2021-10-01
WB2401ST2021022329,2021-09-24
WB2401ST2021018008,2021-09-19
WB2401ST2022026734,2022-08-23
WB2401ST2022017087,2022-06-01
WB2401ST2021041801,2021-12-18
WB2401ST2022006950,2022-02-10
WB2401ST2022000074,2022-01-02
WB2401ST2023066974,2023-08-06
WB2401ST2022013738,2022-03-17
WB2401ST2023003736,2023-03-03
WB2401ST2021017770,2021-09-18
WB2401ST2023008804,2023-05-21
WB2401ST2021026074,2021-09-28
WB2401ST2021023252,2021-09-25
WB2401ST2022005129,2022-01-22
WB2401ST2021028562,2021-10-01
WB2401ST2022003947,2022-01-18
WB2401ST2021030650,2021-10-05
WB2401ST2021034106,2021-10-13
WB2401ST2021031506,2021-10-05
WB2401ST2023017723,2023-05-30
WB2401ST2022027628,2022-08-25
WB2401ST2023030851,2023-06-06
WB2401ST2021044400,2021-12-22
WB2401ST2021046021,2021-12-29
WB2401ST2022005462,2022-01-22
WB2401ST2022022117,2022-06-25
WB2401ST2021037027,2021-11-20
WB2401ST2021043124,2021-12-19
WB2401ST2021027503,2021-09-29
WB2401ST2021040178,2021-12-16
WB2401ST2021045002,2021-12-24
WB2401ST2021027931,2021-09-30
WB2401ST2022006508,2022-02-09
WB2401ST2021040169,2021-12-16
WB2401ST2021036488,2021-11-19
WB2401ST2021045970,2021-12-29
WB2401ST2023037931,2023-06-12
WB2401ST2021026015,2021-09-28
WB2401ST2021022163,2021-09-24
WB2401ST2022001328,2022-01-12
WB2401ST2022003375,2022-01-14
WB2401ST2022017958,2022-06-08
WB2401ST2021023768,2021-09-25
WB2401ST2022026693,2022-08-23
WB2401ST2021040053,2021-12-16
WB2401ST2022026841,2022-08-23
WB2401ST2021028184,2021-09-30
WB2401ST2021033763,2021-10-12
WB2401ST2022003850,2022-01-18
WB2401ST2021030617,2021-10-05
WB2401ST2021027205,2021-09-29
WB2401ST2021017085,2021-09-16
WB2401ST2021038859,2021-12-11
WB2401ST2021026063,2021-09-28
WB2401ST2021021451,2021-09-23
WB2401ST2021026898,2021-09-29
WB2401ST2021040862,2021-12-17
WB2401ST2021023068,2021-09-25
WB2401ST2022026623,2022-08-23
WB2401ST2021025485,2021-09-27
WB2401ST2023036246,2023-06-08
WB2401ST2022010102,2022-03-10
WB2401ST2023072980,2023-08-31
WB2401ST2021029858,2021-10-02
WB2401ST2021045230,2021-12-28
WB2401ST2021033073,2021-10-11
WB2401ST2021044415,2021-12-22
WB2401ST2023031972,2023-06-07
WB2401ST2022010148,2022-03-11
WB2401ST2022005867,2022-01-26
WB2401ST2022015620,2022-05-06
WB2401ST2021033621,2021-10-11
WB2401ST2021017738,2021-09-18
WB2401ST2022005372,2022-01-22
WB2401ST2022000092,2022-01-02
WB2401ST2021047129,2021-12-31
WB2401ST2021025795,2021-09-28
WB2401ST2021036737,2021-11-20
WB2401ST2022002100,2022-01-13
WB2401ST2021047311,2021-12-31
WB2401ST2021047001,2021-12-31
WB2401ST2023010364,2023-05-25
WB2401ST2021031004,2021-10-05
WB2401ST2021043559,2021-12-19
WB2401ST2021023255,2021-09-25
WB2401ST2023067394,2023-08-06
WB2401ST2021016572,2021-09-16
WB2401ST2022003485,2022-01-15
WB2401ST2021023769,2021-09-25
WB2401ST2021034316,2021-10-20
WB2401ST2021032006,2021-10-06
WB2401ST2022009896,2022-03-10
WB2401ST2021045766,2021-12-29
WB2401ST2022003514,2022-01-15
WB2401ST2021029644,2021-10-02
WB2401ST2022002302,2022-01-14
WB2401ST2022028170,2022-08-27
WB2401ST2021036563,2021-11-19
WB2401ST2021046641,2021-12-31
WB2401ST2021018301,2021-09-19
WB2401ST2021017255,2021-09-17
WB2401ST2022001676,2022-01-13
WB2401ST2021037581,2021-11-26
WB2401ST2022024429,2022-07-14
WB2401ST2021024067,2021-09-26
WB2401ST2021042253,2021-12-18
WB2401ST2022004893,2022-01-20
WB2401ST2022006014,2022-01-26
WB2401ST2021040005,2021-12-15
WB2401ST2021016111,2021-09-16
WB2401ST2021031329,2021-10-05
WB2401ST2022017955,2022-06-08
WB2401ST2022017957,2022-06-08
WB2401ST2021012852,2021-09-11
WB2401ST2021016193,2021-09-16
WB2401ST2021012853,2021-09-11
WB2401ST2022004909,2022-01-20
WB2401ST2022003639,2022-01-15
WB2401ST2021012847,2021-09-11
WB2401ST2022019098,2022-06-20
WB2401ST2021047153,2021-12-31
WB2401ST2021045634,2021-12-28
WB2401ST2021045687,2021-12-28
WB2401ST2021034678,2021-10-30
WB2401ST2021012844,2021-09-11
WB2401ST2021046656,2021-12-31
WB2401ST2021012849,2021-09-11
WB2401ST2021012850,2021-09-11
WB2401ST2021043740,2021-12-19
WB2401ST2021027959,2021-09-30
WB2401ST2021034176,2021-10-15
WB2401ST2022026247,2022-08-21
WB2401ST2021046657,2021-12-31
WB2401ST2021046652,2021-12-31
WB2401ST2021046653,2021-12-31
WB2401ST2022003654,2022-01-15
WB2401ST2023012286,2023-05-28
WB2401ST2021020620,2021-09-22
WB2401ST2021020247,2021-09-21
WB2401ST2021039236,2021-12-11
WB2401ST2022012861,2022-03-17
WB2401ST2021034626,2021-10-30
WB2401ST2023004401,2023-03-31
WB2401ST2021036497,2021-11-19
WB2401ST2022001318,2022-01-12
WB2401ST2022004278,2022-01-18
WB2401ST2021044859,2021-12-24
WB2401ST2021023607,2021-09-25
WB2401ST2022005753,2022-01-23
WB2401ST2021012841,2021-09-11
WB2401ST2022001957,2022-01-13
WB2401ST2021012843,2021-09-11
WB2401ST2021036498,2021-11-19
WB2401ST2021012842,2021-09-11
WB2401ST2021022253,2021-09-24
WB2401ST2022013659,2022-03-17
WB2401ST2022006363,2022-02-04
WB2401ST2021012846,2021-09-11
WB2401ST2021045652,2021-12-28
WB2401ST2021044927,2021-12-24
WB2401ST2021036667,2021-11-20
WB2401ST2021029257,2021-10-01
WB2401ST2022002003,2022-01-13
WB2401ST2021038429,2021-12-06
WB2401ST2022019126,2022-06-20
WB2401ST2022029113,2022-09-14
WB2401ST2021034679,2021-10-30
WB2401ST2021039915,2021-12-13
WB2401ST2021039516,2021-12-12
WB2401ST2022007629,2022-02-13
WB2401ST2021032646,2021-10-09
WB2401ST2022012962,2022-03-17
WB2401ST2022000371,2022-01-05
WB2401ST2021025092,2021-09-27
WB2401ST2022010254,2022-03-11
WB2401ST2022022099,2022-06-25
WB2401ST2021039519,2021-12-12
WB2401ST2022016041,2022-05-17
WB2401ST2021020916,2021-09-22
WB2401ST2021028756,2021-10-01
WB2401ST2021022248,2021-09-24
WB2401ST2021032750,2021-10-09
WB2401ST2021028444,2021-10-01
WB2401ST2023008822,2023-05-21
WB2401ST2022018935,2022-06-20
WB2401ST2022000340,2022-01-05
WB2401ST2023001706,2023-01-17
WB2401ST2021022279,2021-09-24
WB2401ST2021020246,2021-09-21
WB2401ST2021029157,2021-10-01
WB2401ST2021028436,2021-10-01
WB2401ST2022004313,2022-01-18
WB2401ST2023070470,2023-08-07
WB2401ST2021040326,2021-12-16
WB2401ST2022010736,2022-03-11
WB2401ST2022006041,2022-01-26
WB2401ST2021018092,2021-09-19
WB2401ST2021026743,2021-09-28
WB2401ST2022000859,2022-01-12
WB2401ST2022014260,2022-03-20
WB2401ST2021028507,2021-10-01
WB2401ST2021046501,2021-12-30
WB2401ST2021029033,2021-10-01
WB2401ST2022024175,2022-07-12
WB2401ST2022010253,2022-03-11
WB2401ST2021045651,2021-12-28
WB2401ST2023002197,2023-01-19
WB2401ST2021031480,2021-10-05
WB2401ST2022013864,2022-03-20
WB2401ST2021030886,2021-10-05
WB2401ST2021045681,2021-12-28
WB2401ST2021034967,2021-10-30
WB2401ST2021044619,2021-12-23
WB2401ST2022024662,2022-07-15
WB2401ST2023020093,2023-05-31
WB2401ST2023039399,2023-06-26
WB2401ST2023018097,2023-05-30
WB2401ST2022033220,2022-11-18
WB2401ST2021021671,2021-09-23
WB2401ST2021032734,2021-10-09
WB2401ST2022018610,2022-06-17
WB2401ST2021043729,2021-12-19
WB2401ST2021031054,2021-10-05
WB2401ST2021037059,2021-11-20
WB2401ST2021022932,2021-09-25
WB2401ST2021023824,2021-09-26
WB2401ST2022012739,2022-03-16
WB2401ST2022001658,2022-01-13
WB2401ST2021016962,2021-09-16
WB2401ST2023005137,2023-03-31
WB2401ST2021012845,2021-09-11
WB2401ST2023072714,2023-08-28
WB2401ST2021036967,2021-11-20
WB2401ST2021033310,2021-10-11
WB2401ST2021031173,2021-10-05
WB2401ST2022017363,2022-06-01
WB2401ST2021044897,2021-12-24
WB2401ST2021045017,2021-12-24
WB2401ST2021040677,2021-12-17
WB2401ST2021044857,2021-12-24
WB2401ST2021034672,2021-10-30
WB2401ST2022001392,2022-01-12
WB2401ST2021045145,2021-12-24
WB2401ST2022017887,2022-06-08
WB2401ST2021029505,2021-10-02
WB2401ST2021026093,2021-09-28
WB2401ST2022002574,2022-01-14
WB2401ST2021028659,2021-10-01
WB2401ST2022002388,2022-01-14
WB2401ST2021035576,2021-11-15
WB2401ST2021040148,2021-12-16
WB2401ST2021012904,2021-09-11
WB2401ST2021036746,2021-11-20
WB2401ST2021020944,2021-09-22
WB2401ST2021033010,2021-10-11
WB2401ST2022001561,2022-01-12
WB2401ST2022010456,2022-03-11
WB2401ST2022027649,2022-08-25
WB2401ST2021035486,2021-11-15
WB2401ST2022004949,2022-01-20
WB2401ST2021027378,2021-09-29
WB2401ST2021029217,2021-10-01
WB2401ST2021033930,2021-10-13
WB2401ST2021025939,2021-09-28
WB2401ST2021025617,2021-09-27
WB2401ST2021021245,2021-09-23
WB2401ST2021032647,2021-10-09
WB2401ST2021031645,2021-10-05
WB2401ST2021018914,2021-09-20
WB2401ST2021035428,2021-11-15
WB2401ST2023061273,2023-08-05
WB2401ST2023056084,2023-08-04
WB2401ST2022002556,2022-01-14
WB2401ST2021024802,2021-09-26
WB2401ST2021033258,2021-10-11
WB2401ST2022016082,2022-05-17
WB2401ST2023008819,2023-05-21
WB2401ST2021027932,2021-09-30
WB2401ST2021045650,2021-12-28
WB2401ST2021024313,2021-09-26
WB2401ST2022002361,2022-01-14
WB2401ST2022005421,2022-01-22
WB2401ST2021042692,2021-12-18
WB2401ST2021013476,2021-09-12
WB2401ST2021045004,2021-12-24
WB2401ST2022001197,2022-01-12
WB2401ST2022005861,2022-01-26
WB2401ST2022026189,2022-08-21
WB2401ST2021033323,2021-10-11
WB2401ST2022002342,2022-01-14
WB2401ST2021034962,2021-10-30
WB2401ST2021028459,2021-10-01
WB2401ST2021034364,2021-10-28
WB2401ST2021034641,2021-10-30
WB2401ST2021020774,2021-09-22
WB2401ST2021034680,2021-10-30
WB2401ST2023008818,2023-05-21
WB2401ST2021017969,2021-09-19
WB2401ST2021026845,2021-09-29
WB2401ST2021020025,2021-09-21
WB2401ST2022003659,2022-01-15
WB2401ST2022027645,2022-08-25
WB2401ST2022006674,2022-02-09
WB2401ST2022001422,2022-01-12
WB2401ST2021027609,2021-09-30
WB2401ST2021044899,2021-12-24
WB2401ST2022022289,2022-06-25
WB2401ST2021028848,2021-10-01
WB2401ST2023065418,2023-08-06
WB2401ST2021024371,2021-09-26
WB2401ST2021039974,2021-12-13
WB2401ST2021035767,2021-11-15
WB2401ST2022005955,2022-01-26
WB2401ST2021032999,2021-10-11
WB2401ST2022002557,2022-01-14
WB2401ST2021033153,2021-10-11
WB2401ST2021046415,2021-12-30
WB2401ST2021044972,2021-12-24
WB2401ST2021034143,2021-10-13
WB2401ST2021033162,2021-10-11
WB2401ST2021035769,2021-11-15
WB2401ST2022005198,2022-01-22
WB2401ST2022001043,2022-01-12
WB2401ST2022018986,2022-06-20
WB2401ST2021026866,2021-09-29
WB2401ST2022002691,2022-01-14
WB2401ST2022002097,2022-01-13
WB2401ST2021045855,2021-12-29
WB2401ST2021018053,2021-09-19
WB2401ST2022005103,2022-01-20
WB2401ST2021039463,2021-12-12
WB2401ST2022013602,2022-03-17
WB2401ST2021037651,2021-11-26
WB2401ST2021041956,2021-12-18
WB2401ST2021020005,2021-09-21
WB2401ST2022024670,2022-07-15
WB2401ST2022004287,2022-01-18
WB2401ST2021018913,2021-09-20
WB2401ST2021034981,2021-10-30
WB2401ST2021029050,2021-10-01
WB2401ST2022005514,2022-01-22
WB2401ST2022010251,2022-03-11
WB2401ST2021030032,2021-10-05
WB2401ST2023001602,2023-01-17
WB2401ST2021044208,2021-12-19
WB2401ST2022002053,2022-01-13
WB2401ST2021044800,2021-12-23
WB2401ST2021027321,2021-09-29
WB2401ST2021039858,2021-12-13
WB2401ST2021012908,2021-09-11
WB2401ST2022004444,2022-01-19
WB2401ST2022005843,2022-01-26
WB2401ST2021020286,2021-09-21
WB2401ST2021027603,2021-09-30
WB2401ST2022001731,2022-01-13
WB2401ST2021026942,2021-09-29
WB2401ST2022005113,2022-01-22
WB2401ST2021024268,2021-09-26
WB2401ST2021039921,2021-12-13
WB2401ST2021032399,2021-10-09
WB2401ST2021041776,2021-12-18
WB2401ST2021023008,2021-09-25
WB2401ST2021018868,2021-09-20
WB2401ST2021027773,2021-09-30
WB2401ST2021020736,2021-09-22
WB2401ST2022005944,2022-01-26
WB2401ST2021022582,2021-09-24
WB2401ST2023077446,2023-12-04
WB2401ST2022005832,2022-01-26
WB2401ST2021020696,2021-09-22
WB2401ST2023019096,2023-05-30
WB2401ST2021012907,2021-09-11
WB2401ST2023008815,2023-05-21
WB2401ST2023001321,2023-01-16
WB2401ST2022001799,2022-01-13
WB2401ST2021019934,2021-09-21
WB2401ST2021034383,2021-10-28
WB2401ST2021019171,2021-09-20
WB2401ST2022004950,2022-01-20
WB2401ST2021040547,2021-12-17
WB2401ST2021029296,2021-10-01
WB2401ST2021017753,2021-09-18
WB2401ST2022006938,2022-02-10
WB2401ST2021045225,2021-12-28
WB2401ST2021027488,2021-09-29
WB2401ST2021022633,2021-09-24
WB2401ST2021023372,2021-09-25
WB2401ST2021029516,2021-10-02
WB2401ST2021046464,2021-12-30
WB2401ST2021039413,2021-12-11
WB2401ST2022024564,2022-07-15
WB2401ST2021025607,2021-09-27
WB2401ST2021033640,2021-10-11
WB2401ST2022027822,2022-08-27
WB2401ST2022006930,2022-02-10
WB2401ST2023025596,2023-06-03
WB2401ST2021021359,2021-09-23
WB2401ST2021033388,2021-10-11
WB2401ST2022003936,2022-01-18
WB2401ST2023037349,2023-06-08
WB2401ST2021024109,2021-09-26
WB2401ST2022006718,2022-02-09
WB2401ST2023055463,2023-08-04
WB2401ST2021020449,2021-09-21
WB2401ST2021024096,2021-09-26
WB2401ST2021036044,2021-11-16
WB2401ST2021026037,2021-09-28
WB2401ST2022000384,2022-01-05
WB2401ST2021020797,2021-09-22
WB2401ST2022012944,2022-03-17
WB2401ST2021039157,2021-12-11
WB2401ST2021027842,2021-09-30
WB2401ST2021027544,2021-09-29
WB2401ST2021036106,2021-11-17
WB2401ST2021019806,2021-09-21
WB2401ST2021026824,2021-09-29
WB2401ST2022006084,2022-01-26
WB2401ST2021020257,2021-09-21
WB2401ST2022023433,2022-06-29
WB2401ST2021030991,2021-10-05
WB2401ST2021029755,2021-10-02
WB2401ST2022020955,2022-06-23
WB2401ST2021024814,2021-09-27
WB2401ST2021019704,2021-09-21
WB2401ST2022022115,2022-06-25
WB2401ST2021033065,2021-10-11
WB2401ST2021044901,2021-12-24
WB2401ST2021023037,2021-09-25
WB2401ST2021017708,2021-09-18
WB2401ST2022000455,2022-01-05
WB2401ST2022012740,2022-03-16
WB2401ST2021024516,2021-09-26
WB2401ST2021041302,2021-12-18
WB2401ST2022001723,2022-01-13
WB2401ST2021023305,2021-09-25
WB2401ST2021029201,2021-10-01
WB2401ST2021033349,2021-10-11
WB2401ST2021022214,2021-09-24
WB2401ST2021019555,2021-09-21
WB2401ST2021024420,2021-09-26
WB2401ST2021032235,2021-10-09
WB2401ST2021014623,2021-09-14
WB2401ST2024000119,2024-01-08
WB2401ST2021024334,2021-09-26
WB2401ST2021025935,2021-09-28
WB2401ST2021032455,2021-10-09
WB2401ST2022006746,2022-02-09
WB2401ST2022017123,2022-06-01
WB2401ST2021020763,2021-09-22
WB2401ST2021030629,2021-10-05
WB2401ST2021027183,2021-09-29
WB2401ST2021021549,2021-09-23
WB2401ST2021043838,2021-12-19
WB2401ST2021025855,2021-09-28
WB2401ST2021036566,2021-11-19
WB2401ST2023016418,2023-05-29
WB2401ST2023072986,2023-08-31
WB2401ST2021031860,2021-10-06
WB2401ST2021027122,2021-09-29
WB2401ST2023005405,2023-04-06
WB2401ST2021033239,2021-10-11
WB2401ST2021033612,2021-10-11
WB2401ST2021025345,2021-09-27
WB2401ST2022030075,2022-09-21
WB2401ST2022027806,2022-08-27
WB2401ST2021034133,2021-10-13
WB2401ST2021023373,2021-09-25
WB2401ST2021022292,2021-09-24
WB2401ST2021043849,2021-12-19
WB2401ST2023021453,2023-06-01
WB2401ST2021040172,2021-12-16
WB2401ST2021028540,2021-10-01
WB2401ST2023016421,2023-05-29
WB2401ST2021037090,2021-11-20
WB2401ST2023015699,2023-05-29
WB2401ST2022000566,2022-01-05
WB2401ST2021042264,2021-12-18
WB2401ST2021033242,2021-10-11
WB2401ST2021033040,2021-10-11
WB2401ST2021033013,2021-10-11
WB2401ST2021043678,2021-12-19
WB2401ST2021031377,2021-10-05
WB2401ST2022003538,2022-01-15
WB2401ST2021023596,2021-09-25
WB2401ST2021023076,2021-09-25
WB2401ST2022037504,2022-12-29
WB2401ST2021020919,2021-09-22
WB2401ST2022026972,2022-08-23
WB2401ST2022019256,2022-06-20
WB2401ST2021023434,2021-09-25
WB2401ST2021038463,2021-12-06
WB2401ST2021041768,2021-12-18
WB2401ST2021020572,2021-09-22
WB2401ST2022010748,2022-03-11
WB2401ST2021023142,2021-09-25
WB2401ST2021020038,2021-09-21
WB2401ST2021023616,2021-09-25
WB2401ST2022003824,2022-01-18
WB2401ST2021033115,2021-10-11
WB2401ST2021025985,2021-09-28
WB2401ST2022019189,2022-06-20
WB2401ST2021044528,2021-12-22
WB2401ST2021024486,2021-09-26
WB2401ST2021020284,2021-09-21
WB2401ST2021042273,2021-12-18
WB2401ST2022007415,2022-02-13
WB2401ST2021032478,2021-10-09
WB2401ST2021047219,2021-12-31
WB2401ST2021043893,2021-12-19
WB2401ST2021046521,2021-12-30
WB2401ST2021031765,2021-10-05
WB2401ST2021021373,2021-09-23
WB2401ST2021039897,2021-12-13
WB2401ST2022022290,2022-06-25
WB2401ST2021013479,2021-09-12
WB2401ST2021046578,2021-12-30
WB2401ST2021019510,2021-09-21
WB2401ST2022010153,2022-03-11
WB2401ST2021023056,2021-09-25
WB2401ST2023075892,2023-10-10
WB2401ST2022013757,2022-03-17
WB2401ST2022002253,2022-01-13
WB2401ST2021024735,2021-09-26
WB2401ST2021031774,2021-10-05
WB2401ST2021032769,2021-10-09
WB2401ST2021043896,2021-12-19
WB2401ST2023010368,2023-05-25
WB2401ST2021033369,2021-10-11
WB2401ST2022004392,2022-01-19
WB2401ST2021014598,2021-09-14
WB2401ST2021021466,2021-09-23
WB2401ST2023070462,2023-08-07
WB2401ST2025001231,2025-03-04
WB2401ST2023075643,2023-10-04
WB2401ST2023004501,2023-03-31
WB2401ST2021023039,2021-09-25
WB2401ST2021039081,2021-12-11
WB2401ST2021044564,2021-12-22
WB2401ST2021042225,2021-12-18
WB2401ST2023013760,2023-05-28
WB2401ST2022004953,2022-01-20
WB2401ST2021020633,2021-09-22
WB2401ST2022005873,2022-01-26
WB2401ST2021019811,2021-09-21
WB2401ST2021038428,2021-12-06
WB2401ST2023018876,2023-05-30
WB2401ST2021027146,2021-09-29
WB2401ST2021023324,2021-09-25
WB2401ST2021023053,2021-09-25
WB2401ST2021036045,2021-11-16
WB2401ST2021032990,2021-10-11
WB2401ST2022000884,2022-01-12
WB2401ST2021023780,2021-09-25
WB2401ST2021031604,2021-10-05
WB2401ST2021040122,2021-12-16
WB2401ST2021024214,2021-09-26
WB2401ST2021017767,2021-09-18
WB2401ST2021047133,2021-12-31
WB2401ST2022004335,2022-01-19
WB2401ST2021036519,2021-11-19
WB2401ST2021022316,2021-09-24
WB2401ST2022017373,2022-06-01
WB2401ST2022014261,2022-03-20
WB2401ST2021018418,2021-09-20
WB2401ST2021035580,2021-11-15
WB2401ST2023075545,2023-10-03
WB2401ST2021041745,2021-12-18
WB2401ST2021044947,2021-12-24
WB2401ST2021044924,2021-12-24
WB2401ST2021014595,2021-09-14
WB2401ST2021030366,2021-10-05
WB2401ST2021028572,2021-10-01
WB2401ST2022001368,2022-01-12
WB2401ST2021022324,2021-09-24
WB2401ST2021031259,2021-10-05
WB2401ST2021046604,2021-12-31
WB2401ST2022001211,2022-01-12
WB2401ST2021037279,2021-11-21
WB2401ST2022013733,2022-03-17
WB2401ST2021024813,2021-09-27
WB2401ST2021044950,2021-12-24
WB2401ST2021035635,2021-11-15
WB2401ST2021032419,2021-10-09
WB2401ST2023037329,2023-06-08
WB2401ST2022004547,2022-01-19
WB2401ST2021038885,2021-12-11
WB2401ST2021033586,2021-10-11
WB2401ST2022002625,2022-01-14
WB2401ST2021038710,2021-12-08
WB2401ST2021023055,2021-09-25
WB2401ST2023032072,2023-06-07
WB2401ST2021012949,2021-09-11
WB2401ST2021045224,2021-12-28
WB2401ST2021036889,2021-11-20
WB2401ST2021027124,2021-09-29
WB2401ST2021025949,2021-09-28
WB2401ST2022006797,2022-02-10
WB2401ST2022024616,2022-07-15
WB2401ST2021023781,2021-09-25
WB2401ST2022007351,2022-02-13
WB2401ST2021034513,2021-10-30
WB2401ST2021022204,2021-09-24
WB2401ST2021018152,2021-09-19
WB2401ST2021047086,2021-12-31
WB2401ST2021014596,2021-09-14
WB2401ST2021031641,2021-10-05
WB2401ST2021047233,2021-12-31
WB2401ST2023039292,2023-06-26
WB2401ST2021021258,2021-09-23
WB2401ST2023008817,2023-05-21
WB2401ST2021027543,2021-09-29
WB2401ST2021028725,2021-10-01
WB2401ST2021026514,2021-09-28
WB2401ST2023059252,2023-08-05
WB2401ST2021034791,2021-10-30
WB2401ST2022012751,2022-03-16
WB2401ST2021020888,2021-09-22
WB2401ST2022001880,2022-01-13
WB2401ST2021037648,2021-11-26
WB2401ST2021033837,2021-10-13
WB2401ST2021025357,2021-09-27
WB2401ST2021027981,2021-09-30
WB2401ST2021021262,2021-09-23
WB2401ST2021030334,2021-10-05
WB2401ST2021028570,2021-10-01
WB2401ST2022027028,2022-08-23
WB2401ST2021043917,2021-12-19
WB2401ST2022008136,2022-03-06
WB2401ST2021024406,2021-09-26
WB2401ST2021039188,2021-12-11
WB2401ST2021021468,2021-09-23
WB2401ST2021032035,2021-10-06
WB2401ST2021023113,2021-09-25
WB2401ST2022008646,2022-03-06
WB2401ST2021013478,2021-09-12
WB2401ST2021037062,2021-11-20
WB2401ST2021033599,2021-10-11
WB2401ST2022004868,2022-01-20
WB2401ST2021033015,2021-10-11
WB2401ST2021040276,2021-12-16
WB2401ST2021030954,2021-10-05
WB2401ST2022002442,2022-01-14
WB2401ST2021022272,2021-09-24
WB2401ST2022013303,2022-03-17
WB2401ST2022023664,2022-06-29
WB2401ST2021015617,2021-09-16
WB2401ST2021037408,2021-11-21
WB2401ST2022023870,2022-07-05
WB2401ST2021024753,2021-09-26
WB2401ST2023010979,2023-05-26
WB2401ST2023011666,2023-05-27
WB2401ST2021030345,2021-10-05
WB2401ST2023012704,2023-05-28
WB2401ST2021039345,2021-12-11
WB2401ST2021027751,2021-09-30
WB2401ST2022001337,2022-01-12
WB2401ST2022018290,2022-06-16
WB2401ST2021025381,2021-09-27
WB2401ST2021035344,2021-11-02
WB2401ST2022005590,2022-01-22
WB2401ST2022024200,2022-07-12
WB2401ST2023001326,2023-01-16
WB2401ST2022005236,2022-01-22
WB2401ST2021030216,2021-10-05
WB2401ST2021041382,2021-12-18
WB2401ST2021039677,2021-12-12
WB2401ST2021046455,2021-12-30
WB2401ST2021024737,2021-09-26
WB2401ST2022024827,2022-07-29
WB2401ST2021027742,2021-09-30
WB2401ST2023010371,2023-05-25
WB2401ST2021034676,2021-10-30
WB2401ST2021022278,2021-09-24
WB2401ST2021013477,2021-09-12
WB2401ST2022027374,2022-08-24
WB2401ST2022009437,2022-03-10
WB2401ST2021014588,2021-09-14
WB2401ST2021031152,2021-10-05
WB2401ST2021030674,2021-10-05
WB2401ST2021024091,2021-09-26
WB2401ST2021025278,2021-09-27
WB2401ST2021033579,2021-10-11
WB2401ST2022005426,2022-01-22
WB2401ST2021025953,2021-09-28
WB2401ST2021035721,2021-11-15
WB2401ST2023070471,2023-08-07
WB2401ST2021040550,2021-12-17
WB2401ST2022013556,2022-03-17
WB2401ST2021027980,2021-09-30
WB2401ST2021035949,2021-11-16
WB2401ST2021018334,2021-09-20
WB2401ST2021023676,2021-09-25
WB2401ST2021045752,2021-12-29
WB2401ST2023011196,2023-05-27
WB2401ST2021026821,2021-09-29
WB2401ST2021020969,2021-09-22
WB2401ST2021022299,2021-09-24
WB2401ST2021035254,2021-11-02
WB2401ST2021025704,2021-09-27
WB2401ST2021028515,2021-10-01
WB2401ST2021042810,2021-12-18
WB2401ST2021032416,2021-10-09
WB2401ST2021046487,2021-12-30
WB2401ST2021044922,2021-12-24
WB2401ST2022021970,2022-06-24
WB2401ST2022022023,2022-06-25
WB2401ST2023031416,2023-06-07
WB2401ST2021026635,2021-09-28
WB2401ST2022006891,2022-02-10
WB2401ST2021035050,2021-11-02
WB2401ST2023058643,2023-08-05
WB2401ST2022019468,2022-06-21
WB2401ST2021034391,2021-10-28
WB2401ST2021029856,2021-10-02
WB2401ST2021038982,2021-12-11
WB2401ST2021026035,2021-09-28
WB2401ST2022007488,2022-02-13
WB2401ST2021033052,2021-10-11
WB2401ST2022003565,2022-01-15
WB2401ST2023048810,2023-08-03
WB2401ST2021020675,2021-09-22
WB2401ST2021027743,2021-09-30
WB2401ST2022006781,2022-02-09
WB2401ST2021040009,2021-12-15
WB2401ST2021033196,2021-10-11
WB2401ST2022024477,2022-07-15
WB2401ST2022003597,2022-01-15
WB2401ST2021023004,2021-09-25
WB2401ST2021042964,2021-12-19
WB2401ST2022006794,2022-02-10
WB2401ST2021037335,2021-11-21
WB2401ST2021024429,2021-09-26
WB2401ST2021041426,2021-12-18
WB2401ST2022024590,2022-07-15
WB2401ST2022022166,2022-06-25
WB2401ST2022012426,2022-03-15
WB2401ST2022000960,2022-01-12
WB2401ST2021023276,2021-09-25
WB2401ST2021036893,2021-11-20
WB2401ST2025001534,2025-03-18
WB2401ST2021036200,2021-11-19
WB2401ST2021023898,2021-09-26
WB2401ST2023031973,2023-06-07
WB2401ST2023004372,2023-03-31
WB2401ST2021029521,2021-10-02
WB2401ST2021023179,2021-09-25
WB2401ST2022004815,2022-01-20
WB2401ST2021019820,2021-09-21
WB2401ST2023074239,2023-09-27
WB2401ST2022026635,2022-08-23
WB2401ST2021040146,2021-12-16
WB2401ST2022015018,2022-03-31
WB2401ST2023038326,2023-06-13
WB2401ST2021037054,2021-11-20
WB2401ST2021029862,2021-10-02
WB2401ST2021035258,2021-11-02
WB2401ST2022020465,2022-06-22
WB2401ST2023021905,2023-06-01
WB2401ST2021039338,2021-12-11
WB2401ST2021033752,2021-10-12
WB2401ST2021019915,2021-09-21
WB2401ST2021017762,2021-09-18
WB2401ST2022008979,2022-03-08
WB2401ST2022027456,2022-08-24
WB2401ST2023030024,2023-06-06
WB2401ST2021024079,2021-09-26
WB2401ST2021029655,2021-10-02
WB2401ST2023004419,2023-03-31
WB2401ST2022026622,2022-08-23
WB2401ST2022001007,2022-01-12
WB2401ST2022028014,2022-08-27
WB2401ST2021021123,2021-09-23
WB2401ST2021020755,2021-09-22
WB2401ST2022022441,2022-06-25
WB2401ST2022002375,2022-01-14
WB2401ST2021023827,2021-09-26
WB2401ST2021018143,2021-09-19
WB2401ST2022017898,2022-06-08
WB2401ST2021026338,2021-09-28
WB2401ST2022015993,2022-05-17
WB2401ST2021016704,2021-09-16
WB2401ST2021020737,2021-09-22
WB2401ST2021028620,2021-10-01
WB2401ST2021023306,2021-09-25
WB2401ST2021021025,2021-09-22
WB2401ST2021020985,2021-09-22
WB2401ST2021047320,2021-12-31
WB2401ST2021023724,2021-09-25
WB2401ST2021028448,2021-10-01
WB2401ST2022016335,2022-05-25
WB2401ST2021026335,2021-09-28
WB2401ST2022015951,2022-05-16
WB2401ST2021027934,2021-09-30
WB2401ST2021021024,2021-09-22
WB2401ST2023067398,2023-08-06
WB2401ST2023072667,2023-08-28
WB2401ST2022000569,2022-01-05
WB2401ST2021033268,2021-10-11
WB2401ST2021036899,2021-11-20
WB2401ST2022018475,2022-06-17
WB2401ST2021027933,2021-09-30
WB2401ST2021044218,2021-12-19
WB2401ST2021030042,2021-10-05
WB2401ST2022020980,2022-06-23
WB2401ST2021031143,2021-10-05
WB2401ST2021029271,2021-10-01
WB2401ST2022017889,2022-06-08
WB2401ST2022019486,2022-06-21
WB2401ST2021045226,2021-12-28
WB2401ST2021033009,2021-10-11
WB2401ST2021032895,2021-10-10
WB2401ST2023012301,2023-05-28
WB2401ST2021031061,2021-10-05
WB2401ST2023022548,2023-06-01
WB2401ST2021024750,2021-09-26
WB2401ST2022014922,2022-03-20
WB2401ST2021026596,2021-09-28
WB2401ST2022012454,2022-03-15
WB2401ST2021028557,2021-10-01
WB2401ST2021037870,2021-11-30
WB2401ST2021038434,2021-12-06
WB2401ST2022031283,2022-09-30
WB2401ST2021034631,2021-10-30
WB2401ST2021025400,2021-09-27
WB2401ST2021040041,2021-12-16
WB2401ST2021027373,2021-09-29
WB2401ST2022004204,2022-01-18
WB2401ST2021031817,2021-10-05
WB2401ST2021039186,2021-12-11
WB2401ST2021034630,2021-10-30
WB2401ST2021029685,2021-10-02
WB2401ST2021020979,2021-09-22
WB2401ST2022004963,2022-01-20
WB2401ST2021023905,2021-09-26
WB2401ST2021031585,2021-10-05
WB2401ST2021028004,2021-09-30
WB2401ST2022020892,2022-06-23
WB2401ST2021020751,2021-09-22
WB2401ST2022004079,2022-01-18
WB2401ST2021034370,2021-10-28
WB2401ST2021043275,2021-12-19
WB2401ST2022000915,2022-01-12
WB2401ST2022006818,2022-02-10
WB2401ST2023042210,2023-07-25
WB2401ST2021038343,2021-12-06
WB2401ST2021040359,2021-12-16
WB2401ST2021028684,2021-10-01
WB2401ST2022003879,2022-01-18
WB2401ST2021035915,2021-11-16
WB2401ST2022009805,2022-03-10
WB2401ST2023035671,2023-06-08
WB2401ST2022034558,2022-12-01
WB2401ST2022004448,2022-01-19
WB2401ST2023015704,2023-05-29
WB2401ST2021024470,2021-09-26
WB2401ST2021026871,2021-09-29
WB2401ST2021035463,2021-11-15
WB2401ST2021027890,2021-09-30
WB2401ST2021024263,2021-09-26
WB2401ST2021023882,2021-09-26
WB2401ST2023031358,2023-06-07
WB2401ST2021030016,2021-10-05
WB2401ST2021023637,2021-09-25
WB2401ST2023077614,2023-12-29
WB2401ST2021022656,2021-09-24
WB2401ST2021025924,2021-09-28
WB2401ST2021020703,2021-09-22
WB2401ST2022003611,2022-01-15
WB2401ST2021038933,2021-12-11
WB2401ST2023030157,2023-06-06
WB2401ST2022008164,2022-03-06
WB2401ST2021023137,2021-09-25
WB2401ST2021020808,2021-09-22
WB2401ST2021032544,2021-10-09
WB2401ST2021028199,2021-09-30
WB2401ST2021025951,2021-09-28
WB2401ST2021041458,2021-12-18
WB2401ST2022007702,2022-02-13
WB2401ST2021027192,2021-09-29
WB2401ST2023042211,2023-07-25
WB2401ST2022003844,2022-01-18
WB2401ST2022001099,2022-01-12
WB2401ST2021038316,2021-12-06
WB2401ST2023008813,2023-05-21
WB2401ST2022021825,2022-06-24
WB2401ST2021018068,2021-09-19
WB2401ST2021022167,2021-09-24
WB2401ST2021032423,2021-10-09
WB2401ST2021029011,2021-10-01
WB2401ST2021045114,2021-12-24
WB2401ST2021031330,2021-10-05
WB2401ST2021044945,2021-12-24
WB2401ST2021039181,2021-12-11
WB2401ST2023066992,2023-08-06
WB2401ST2021027398,2021-09-29
WB2401ST2022018467,2022-06-17
WB2401ST2021038535,2021-12-06
WB2401ST2021016700,2021-09-16
WB2401ST2021017766,2021-09-18
WB2401ST2021024537,2021-09-26
WB2401ST2022010352,2022-03-11
WB2401ST2021035487,2021-11-15
WB2401ST2021019636,2021-09-21
WB2401ST2021029068,2021-10-01
WB2401ST2021028514,2021-10-01
WB2401ST2021019831,2021-09-21
WB2401ST2021029514,2021-10-02
WB2401ST2021034413,2021-10-28
WB2401ST2021032019,2021-10-06
WB2401ST2021024425,2021-09-26
WB2401ST2022009811,2022-03-10
WB2401ST2021038932,2021-12-11
WB2401ST2021016302,2021-09-16
WB2401ST2023076874,2023-10-21
WB2401ST2021031643,2021-10-05
WB2401ST2021028010,2021-09-30
WB2401ST2021034108,2021-10-13
WB2401ST2021020264,2021-09-21
WB2401ST2023042232,2023-07-25
WB2401ST2021040333,2021-12-16
WB2401ST2021029003,2021-10-01
WB2401ST2022004987,2022-01-20
WB2401ST2023062910,2023-08-06
WB2401ST2021031717,2021-10-05
WB2401ST2021030015,2021-10-05
WB2401ST2021034682,2021-10-30
WB2401ST2022004412,2022-01-19
WB2401ST2021014502,2021-09-14
WB2401ST2021028555,2021-10-01
WB2401ST2021029270,2021-10-01
WB2401ST2022014923,2022-03-20
WB2401ST2022013301,2022-03-17
WB2401ST2022009343,2022-03-10
WB2401ST2021023221,2021-09-25
WB2401ST2021018123,2021-09-19
WB2401ST2021036816,2021-11-20
WB2401ST2022005878,2022-01-26
WB2401ST2021035526,2021-11-15
WB2401ST2021026337,2021-09-28
WB2401ST2022001772,2022-01-13
WB2401ST2022010772,2022-03-11
WB2401ST2023072376,2023-08-25
WB2401ST2021018210,2021-09-19
WB2401ST2022000710,2022-01-05
WB2401ST2021034673,2021-10-30
WB2401ST2021020636,2021-09-22
WB2401ST2021031308,2021-10-05
WB2401ST2021013971,2021-09-13
WB2401ST2021033182,2021-10-11
WB2401ST2023008825,2023-05-21
WB2401ST2021023319,2021-09-25
WB2401ST2021019313,2021-09-20
WB2401ST2022010524,2022-03-11
WB2401ST2021029678,2021-10-02
WB2401ST2022010366,2022-03-11
WB2401ST2022005445,2022-01-22
WB2401ST2021040334,2021-12-16
WB2401ST2024002345,2024-12-26
WB2401ST2021039471,2021-12-12
WB2401ST2022014924,2022-03-20
WB2401ST2021018213,2021-09-19
WB2401ST2021029239,2021-10-01
WB2401ST2021026641,2021-09-28
WB2401ST2021018101,2021-09-19
WB2401ST2022019124,2022-06-20
WB2401ST2021045760,2021-12-29
WB2401ST2021019912,2021-09-21
WB2401ST2021029455,2021-10-01
WB2401ST2021028683,2021-10-01
WB2401ST2023065519,2023-08-06
WB2401ST2021027501,2021-09-29
WB2401ST2022005659,2022-01-22
WB2401ST2021033759,2021-10-12
WB2401ST2022001471,2022-01-12
WB2401ST2021012848,2021-09-11
WB2401ST2021040197,2021-12-16
WB2401ST2021033933,2021-10-13
WB2401ST2021039970,2021-12-13
WB2401ST2021027791,2021-09-30
WB2401ST2021034637,2021-10-30
WB2401ST2022022345,2022-06-25
WB2401ST2021018218,2021-09-19
WB2401ST2021012851,2021-09-11
WB2401ST2023018286,2023-05-30
WB2401ST2021041361,2021-12-18
WB2401ST2021033280,2021-10-11
WB2401ST2022020543,2022-06-22
WB2401ST2022017933,2022-06-08
WB2401ST2021039980,2021-12-13
WB2401ST2021034624,2021-10-30
WB2401ST2023075621,2023-10-04
WB2401ST2022027205,2022-08-24
WB2401ST2021028886,2021-10-01
WB2401ST2021028580,2021-10-01
WB2401ST2021043292,2021-12-19
WB2401ST2021033833,2021-10-13
WB2401ST2021045860,2021-12-29
WB2401ST2022014262,2022-03-20
WB2401ST2021035974,2021-11-16
WB2401ST2022001154,2022-01-12
WB2401ST2021031813,2021-10-05
WB2401ST2022003606,2022-01-15
WB2401ST2021026684,2021-09-28
WB2401ST2022013865,2022-03-20
WB2401ST2021024284,2021-09-26
WB2401ST2022001330,2022-01-12
WB2401ST2021024480,2021-09-26
WB2401ST2021033765,2021-10-12
WB2401ST2021031605,2021-10-05
WB2401ST2023005499,2023-04-06
WB2401ST2021025471,2021-09-27
WB2401ST2022016380,2022-05-26
WB2401ST2021030864,2021-10-05
WB2401ST2021029122,2021-10-01
WB2401ST2022010541,2022-03-11
WB2401ST2021030517,2021-10-05
WB2401ST2022010457,2022-03-11
WB2401ST2021024337,2021-09-26
WB2401ST2021027391,2021-09-29
WB2401ST2021042650,2021-12-18
WB2401ST2021033002,2021-10-11
WB2401ST2022014925,2022-03-20
WB2401ST2021045983,2021-12-29
WB2401ST2022013799,2022-03-17
WB2401ST2021020795,2021-09-22
WB2401ST2022015982,2022-05-16
WB2401ST2021017080,2021-09-16
WB2401ST2021025980,2021-09-28
WB2401ST2021039049,2021-12-11
WB2401ST2022021746,2022-06-24
WB2401ST2022008056,2022-03-06
WB2401ST2021029074,2021-10-01
WB2401ST2022004426,2022-01-19
WB2401ST2021018156,2021-09-19
WB2401ST2022020868,2022-06-23
WB2401ST2021039317,2021-12-11
WB2401ST2022021848,2022-06-24
WB2401ST2021036977,2021-11-20
WB2401ST2021032996,2021-10-11
WB2401ST2021024807,2021-09-26
WB2401ST2021034628,2021-10-30
WB2401ST2021047125,2021-12-31
WB2401ST2022026870,2022-08-23
WB2401ST2021039106,2021-12-11
WB2401ST2021033595,2021-10-11
WB2401ST2021046643,2021-12-31
WB2401ST2021023206,2021-09-25
WB2401ST2022027186,2022-08-24
WB2401ST2021040481,2021-12-17
WB2401ST2022018485,2022-06-17
WB2401ST2022001438,2022-01-12
WB2401ST2021034639,2021-10-30
WB2401ST2021042941,2021-12-19
WB2401ST2021038869,2021-12-11
WB2401ST2021029684,2021-10-02
WB2401ST2021023817,2021-09-26
WB2401ST2023022116,2023-06-01
WB2401ST2021033088,2021-10-11
WB2401ST2021024285,2021-09-26
WB2401ST2021040877,2021-12-17
WB2401ST2022015981,2022-05-16
WB2401ST2022027145,2022-08-23
WB2401ST2021030670,2021-10-05
WB2401ST2021025480,2021-09-27
WB2401ST2022028651,2022-08-30
WB2401ST2022004306,2022-01-18
WB2401ST2021018006,2021-09-19
WB2401ST2021023294,2021-09-25
WB2401ST2021041425,2021-12-18
WB2401ST2022022057,2022-06-25
WB2401ST2021033478,2021-10-11
WB2401ST2021032026,2021-10-06
WB2401ST2022033571,2022-11-22
WB2401ST2021024281,2021-09-26
WB2401ST2021041522,2021-12-18
WB2401ST2022006795,2022-02-10
WB2401ST2021025908,2021-09-28
WB2401ST2021018169,2021-09-19
WB2401ST2022014263,2022-03-20
WB2401ST2022017726,2022-06-08
WB2401ST2021032326,2021-10-09
WB2401ST2022014264,2022-03-20
WB2401ST2022002145,2022-01-13
WB2401ST2021035591,2021-11-15
WB2401ST2021032751,2021-10-09
WB2401ST2021024752,2021-09-26
WB2401ST2021032709,2021-10-09
WB2401ST2021020720,2021-09-22
WB2401ST2022013868,2022-03-20
WB2401ST2021029076,2021-10-01
WB2401ST2026001064,2026-01-31
WB2401ST2021028933,2021-10-01
WB2401ST2021043279,2021-12-19
WB2401ST2023009904,2023-05-24
WB2401ST2021025416,2021-09-27
WB2401ST2022001727,2022-01-13
WB2401ST2021041410,2021-12-18
WB2401ST2022004361,2022-01-19
WB2401ST2022016356,2022-05-26
WB2401ST2021038464,2021-12-06
WB2401ST2021024528,2021-09-26
WB2401ST2021024930,2021-09-27
WB2401ST2021035990,2021-11-16
WB2401ST2021045179,2021-12-27
WB2401ST2021036419,2021-11-19
WB2401ST2021027688,2021-09-30
WB2401ST2021038420,2021-12-06
WB2401ST2021025863,2021-09-28
WB2401ST2021021881,2021-09-24
WB2401ST2021045902,2021-12-29
WB2401ST2022012408,2022-03-15
WB2401ST2021033243,2021-10-11
WB2401ST2022022583,2022-06-25
WB2401ST2022002519,2022-01-14
WB2401ST2021024282,2021-09-26
WB2401ST2021024517,2021-09-26
WB2401ST2022000673,2022-01-05
WB2401ST2021021883,2021-09-24
WB2401ST2021030660,2021-10-05
WB2401ST2021031806,2021-10-05
WB2401ST2022003446,2022-01-15
WB2401ST2023006393,2023-04-11
WB2401ST2021025982,2021-09-28
WB2401ST2021029064,2021-10-01
WB2401ST2022001770,2022-01-13
WB2401ST2021023784,2021-09-25
WB2401ST2021023345,2021-09-25
WB2401ST2021034689,2021-10-30
WB2401ST2021042930,2021-12-19
WB2401ST2023011293,2023-05-27
WB2401ST2021024202,2021-09-26
WB2401ST2021034394,2021-10-28
WB2401ST2021019675,2021-09-21
WB2401ST2021023001,2021-09-25
WB2401ST2022009085,2022-03-09
WB2401ST2021037801,2021-11-30
WB2401ST2023010369,2023-05-25
WB2401ST2021035902,2021-11-16
WB2401ST2021023773,2021-09-25
WB2401ST2022016004,2022-05-17
WB2401ST2022000153,2022-01-02
WB2401ST2021018142,2021-09-19
WB2401ST2021018081,2021-09-19
WB2401ST2022000159,2022-01-02
WB2401ST2022004461,2022-01-19
WB2401ST2021025962,2021-09-28
WB2401ST2021032555,2021-10-09
WB2401ST2022014265,2022-03-20
WB2401ST2021028275,2021-09-30
WB2401ST2021025971,2021-09-28
WB2401ST2021035160,2021-11-02
WB2401ST2021023835,2021-09-26
WB2401ST2022014926,2022-03-20
WB2401ST2021031759,2021-10-05
WB2401ST2022019298,2022-06-20
WB2401ST2022001155,2022-01-12
WB2401ST2021045037,2021-12-24
WB2401ST2021028509,2021-10-01
WB2401ST2021041962,2021-12-18
WB2401ST2022003437,2022-01-15
WB2401ST2022017197,2022-06-01
WB2401ST2021018390,2021-09-20
WB2401ST2021024092,2021-09-26
WB2401ST2022016810,2022-05-31
WB2401ST2021027978,2021-09-30
WB2401ST2022000997,2022-01-12
WB2401ST2021018230,2021-09-19
WB2401ST2021016007,2021-09-16
WB2401ST2021027480,2021-09-29
WB2401ST2021047271,2021-12-31
WB2401ST2021033298,2021-10-11
WB2401ST2022014509,2022-03-20
WB2401ST2021041613,2021-12-18
WB2401ST2021025798,2021-09-28
WB2401ST2021028856,2021-10-01
WB2401ST2021037841,2021-11-30
WB2401ST2021041378,2021-12-18
WB2401ST2021029233,2021-10-01
WB2401ST2022000098,2022-01-02
WB2401ST2021020003,2021-09-21
WB2401ST2021020927,2021-09-22
WB2401ST2021024567,2021-09-26
WB2401ST2021026676,2021-09-28
WB2401ST2022005705,2022-01-23
WB2401ST2022013869,2022-03-20
WB2401ST2021045371,2021-12-28
WB2401ST2022014266,2022-03-20
WB2401ST2021031757,2021-10-05
WB2401ST2021026784,2021-09-28
WB2401ST2021035461,2021-11-15
WB2401ST2021031509,2021-10-05
WB2401ST2021023560,2021-09-25
WB2401ST2021034964,2021-10-30
WB2401ST2022020867,2022-06-23
WB2401ST2021033046,2021-10-11
WB2401ST2021035504,2021-11-15
WB2401ST2022022383,2022-06-25
WB2401ST2021035901,2021-11-16
WB2401ST2021027705,2021-09-30
WB2401ST2023048814,2023-08-03
WB2401ST2022001780,2022-01-13
WB2401ST2022013870,2022-03-20
WB2401ST2021026619,2021-09-28
WB2401ST2021039902,2021-12-13
WB2401ST2021022672,2021-09-24
WB2401ST2022008541,2022-03-06
WB2401ST2021037071,2021-11-20
WB2401ST2021034687,2021-10-30
WB2401ST2021017700,2021-09-18
WB2401ST2022021787,2022-06-24
WB2401ST2021043942,2021-12-19
WB2401ST2021027518,2021-09-29
WB2401ST2021046448,2021-12-30
WB2401ST2022024171,2022-07-12
WB2401ST2021023759,2021-09-25
WB2401ST2021022644,2021-09-24
WB2401ST2021024209,2021-09-26
WB2401ST2021047330,2021-12-31
WB2401ST2021018124,2021-09-19
WB2401ST2022005389,2022-01-22
WB2401ST2023015706,2023-05-29
WB2401ST2021022606,2021-09-24
WB2401ST2022010223,2022-03-11
WB2401ST2021021884,2021-09-24
WB2401ST2021025180,2021-09-27
WB2401ST2021045501,2021-12-28
WB2401ST2021017987,2021-09-19
WB2401ST2021033235,2021-10-11
WB2401ST2021016195,2021-09-16
WB2401ST2021033214,2021-10-11
WB2401ST2021026578,2021-09-28
WB2401ST2022010260,2022-03-11
WB2401ST2021038468,2021-12-06
WB2401ST2021045629,2021-12-28
WB2401ST2021019958,2021-09-21
WB2401ST2021023097,2021-09-25
WB2401ST2021036526,2021-11-19
WB2401ST2022004119,2022-01-18
WB2401ST2023055448,2023-08-04
WB2401ST2022010474,2022-03-11
WB2401ST2022017870,2022-06-08
WB2401ST2022000751,2022-01-12
WB2401ST2021023231,2021-09-25
WB2401ST2023008821,2023-05-21
WB2401ST2022015013,2022-03-31
WB2401ST2022005401,2022-01-22
WB2401ST2021020701,2021-09-22
WB2401ST2021017986,2021-09-19
WB2401ST2021016197,2021-09-16
WB2401ST2021021630,2021-09-23
WB2401ST2021022233,2021-09-24
WB2401ST2021024540,2021-09-26
WB2401ST2021039459,2021-12-12
WB2401ST2022004359,2022-01-19
WB2401ST2021027067,2021-09-29
WB2401ST2021046153,2021-12-29
WB2401ST2022005545,2022-01-22
WB2401ST2023008820,2023-05-21
WB2401ST2021033397,2021-10-11
WB2401ST2021028754,2021-10-01
WB2401ST2022003442,2022-01-15
WB2401ST2021020748,2021-09-22
WB2401ST2021045308,2021-12-28
WB2401ST2022027800,2022-08-27
WB2401ST2021040537,2021-12-17
WB2401ST2021039149,2021-12-11
WB2401ST2021024354,2021-09-26
WB2401ST2021018122,2021-09-19
WB2401ST2022000841,2022-01-12
WB2401ST2022003575,2022-01-15
WB2401ST2022001781,2022-01-13
WB2401ST2021028223,2021-09-30
WB2401ST2021040246,2021-12-16
WB2401ST2023029677,2023-06-06
WB2401ST2022004360,2022-01-19
WB2401ST2021026799,2021-09-28
WB2401ST2021021573,2021-09-23
WB2401ST2021047242,2021-12-31
WB2401ST2022004373,2022-01-19
WB2401ST2021031762,2021-10-05
WB2401ST2021032471,2021-10-09
WB2401ST2021033698,2021-10-12
WB2401ST2022010534,2022-03-11
WB2401ST2022004227,2022-01-18
WB2401ST2021044991,2021-12-24
WB2401ST2022021781,2022-06-24
WB2401ST2021027507,2021-09-29
WB2401ST2022014267,2022-03-20
WB2401ST2022016046,2022-05-17
WB2401ST2022002101,2022-01-13
WB2401ST2022037695,2022-12-30
WB2401ST2021020623,2021-09-22
WB2401ST2021045038,2021-12-24
WB2401ST2021029507,2021-10-02
WB2401ST2022024426,2022-07-14
WB2401ST2021022196,2021-09-24
WB2401ST2021019003,2021-09-20
WB2401ST2021031175,2021-10-05
WB2401ST2022010244,2022-03-11
WB2401ST2022015461,2022-05-06
WB2401ST2021023093,2021-09-25
WB2401ST2021018980,2021-09-20
WB2401ST2021021660,2021-09-23
WB2401ST2022005482,2022-01-22
WB2401ST2021028467,2021-10-01
WB2401ST2021018115,2021-09-19
WB2401ST2022013336,2022-03-17
WB2401ST2023042004,2023-07-25
WB2401ST2022004784,2022-01-19
WB2401ST2022004445,2022-01-19
WB2401ST2023014641,2023-05-29
WB2401ST2021031744,2021-10-05
WB2401ST2021036828,2021-11-20
WB2401ST2023055418,2023-08-04
WB2401ST2021021574,2021-09-23
WB2401ST2021018456,2021-09-20
WB2401ST2021031062,2021-10-05
WB2401ST2021030605,2021-10-05
WB2401ST2022004782,2022-01-19
WB2401ST2022013803,2022-03-17
WB2401ST2024002072,2024-11-29
WB2401ST2021023620,2021-09-25
WB2401ST2022014268,2022-03-20
WB2401ST2022020682,2022-06-23
WB2401ST2022003686,2022-01-15
WB2401ST2021046964,2021-12-31
WB2401ST2022004348,2022-01-19
WB2401ST2021038312,2021-12-06
WB2401ST2022006238,2022-02-04
WB2401ST2021029065,2021-10-01
WB2401ST2021033938,2021-10-13
WB2401ST2021024428,2021-09-26
WB2401ST2023075216,2023-09-30
WB2401ST2023070530,2023-08-07
WB2401ST2023048427,2023-08-03
WB2401ST2023010370,2023-05-25
WB2401ST2021038084,2021-12-06
WB2401ST2022003636,2022-01-15
WB2401ST2023042209,2023-07-25
WB2401ST2021018448,2021-09-20
WB2401ST2022023932,2022-07-05
WB2401ST2022002308,2022-01-14
WB2401ST2021037893,2021-11-30
WB2401ST2021045039,2021-12-24
WB2401ST2021045628,2021-12-28
WB2401ST2021026674,2021-09-28
WB2401ST2021026114,2021-09-28
WB2401ST2023031555,2023-06-07
WB2401ST2021031822,2021-10-05
WB2401ST2021019226,2021-09-20
WB2401ST2021020770,2021-09-22
WB2401ST2021023740,2021-09-25
WB2401ST2021040907,2021-12-17
WB2401ST2021033941,2021-10-13
WB2401ST2021037528,2021-11-26
WB2401ST2021019802,2021-09-21
WB2401ST2021040162,2021-12-16
WB2401ST2022004346,2022-01-19
WB2401ST2021032060,2021-10-06
WB2401ST2021046933,2021-12-31
WB2401ST2021018160,2021-09-19
WB2401ST2023006999,2023-04-16
WB2401ST2021040260,2021-12-16
WB2401ST2023076719,2023-10-16
WB2401ST2021023715,2021-09-25
WB2401ST2021029071,2021-10-01
WB2401ST2022007862,2022-03-06
WB2401ST2023057849,2023-08-05
WB2401ST2021025903,2021-09-28
WB2401ST2021031758,2021-10-05
WB2401ST2022013871,2022-03-20
WB2401ST2022000028,2022-01-02
WB2401ST2022005808,2022-01-26
WB2401ST2021039468,2021-12-12
WB2401ST2023070528,2023-08-07
WB2401ST2022002044,2022-01-13
WB2401ST2022003748,2022-01-15
WB2401ST2023045354,2023-07-31
WB2401ST2021025890,2021-09-28
WB2401ST2023063735,2023-08-06
WB2401ST2021037066,2021-11-20
WB2401ST2021022586,2021-09-24
WB2401ST2021024146,2021-09-26
WB2401ST2021024070,2021-09-26
WB2401ST2021033968,2021-10-13
WB2401ST2021033193,2021-10-11
WB2401ST2021017988,2021-09-19
WB2401ST2021033637,2021-10-11
WB2401ST2022001898,2022-01-13
WB2401ST2022004411,2022-01-19
WB2401ST2021023281,2021-09-25
WB2401ST2021029006,2021-10-01
WB2401ST2022006801,2022-02-10
WB2401ST2023008105,2023-05-03
WB2401ST2021012983,2021-09-12
WB2401ST2021040392,2021-12-17
WB2401ST2021035059,2021-11-02
WB2401ST2021031814,2021-10-05
WB2401ST2021035907,2021-11-16
WB2401ST2021036505,2021-11-19
WB2401ST2022002564,2022-01-14
WB2401ST2021037529,2021-11-26
WB2401ST2021031122,2021-10-05
WB2401ST2021013857,2021-09-13
WB2401ST2021040224,2021-12-16
WB2401ST2021026669,2021-09-28
WB2401ST2021025813,2021-09-28
WB2401ST2021021879,2021-09-24
WB2401ST2022004410,2022-01-19
WB2401ST2021026513,2021-09-28
WB2401ST2021037410,2021-11-21
WB2401ST2021021469,2021-09-23
WB2401ST2021018346,2021-09-20
WB2401ST2021030827,2021-10-05
WB2401ST2023070529,2023-08-07
WB2401ST2021019235,2021-09-20
WB2401ST2023008824,2023-05-21
WB2401ST2021025201,2021-09-27
WB2401ST2021035782,2021-11-15
WB2401ST2021042212,2021-12-18
WB2401ST2021031027,2021-10-05
WB2401ST2021038914,2021-12-11
WB2401ST2021025952,2021-09-28
WB2401ST2022002651,2022-01-14
WB2401ST2021033611,2021-10-11
WB2401ST2021018275,2021-09-19
WB2401ST2022026420,2022-08-21
WB2401ST2021025253,2021-09-27
WB2401ST2021033164,2021-10-11
WB2401ST2022014828,2022-03-20
WB2401ST2022012624,2022-03-16
WB2401ST2021030957,2021-10-05
WB2401ST2021021124,2021-09-23
WB2401ST2022001493,2022-01-12
WB2401ST2022004234,2022-01-18
WB2401ST2021033931,2021-10-13
WB2401ST2021020796,2021-09-22
WB2401ST2022002532,2022-01-14
WB2401ST2022020020,2022-06-21
WB2401ST2021037381,2021-11-21
WB2401ST2021029172,2021-10-01
WB2401ST2021028850,2021-10-01
WB2401ST2021024411,2021-09-26
WB2401ST2022003859,2022-01-18
WB2401ST2022002102,2022-01-13
WB2401ST2021024086,2021-09-26
WB2401ST2021020794,2021-09-22
WB2401ST2021032711,2021-10-09
WB2401ST2022000562,2022-01-05
WB2401ST2023070524,2023-08-07
WB2401ST2021047006,2021-12-31
WB2401ST2021021057,2021-09-23
WB2401ST2021029016,2021-10-01
WB2401ST2021036478,2021-11-19
WB2401ST2021027194,2021-09-29
WB2401ST2021040398,2021-12-17
WB2401ST2022000839,2022-01-12
WB2401ST2021021490,2021-09-23
WB2401ST2021018256,2021-09-19
WB2401ST2021035060,2021-11-02
WB2401ST2022013218,2022-03-17
WB2401ST2022020014,2022-06-21
WB2401ST2021034990,2021-10-30
WB2401ST2021034216,2021-10-17
WB2401ST2022000749,2022-01-12
WB2401ST2021018069,2021-09-19
WB2401ST2022001714,2022-01-13
WB2401ST2021037407,2021-11-21
WB2401ST2022015998,2022-05-17
WB2401ST2022012652,2022-03-16
WB2401ST2021018372,2021-09-20
WB2401ST2022002227,2022-01-13
WB2401ST2023030433,2023-06-06
WB2401ST2021015700,2021-09-16
WB2401ST2022004357,2022-01-19
WB2401ST2022001024,2022-01-12
WB2401ST2021032397,2021-10-09
WB2401ST2022024149,2022-07-12
WB2401ST2021047237,2021-12-31
WB2401ST2021032768,2021-10-09
WB2401ST2021036480,2021-11-19
WB2401ST2022008317,2022-03-06
WB2401ST2022023910,2022-07-05
WB2401ST2021031719,2021-10-05
WB2401ST2021020834,2021-09-22
WB2401ST2023022114,2023-06-01
WB2401ST2023015140,2023-05-29
WB2401ST2022023872,2022-07-05
WB2401ST2022001332,2022-01-12
WB2401ST2021024563,2021-09-26
WB2401ST2021018019,2021-09-19
WB2401ST2021047156,2021-12-31
WB2401ST2022004368,2022-01-19
WB2401ST2022020001,2022-06-21
WB2401ST2021036877,2021-11-20
WB2401ST2023014202,2023-05-28
WB2401ST2021037409,2021-11-21
WB2401ST2021027527,2021-09-29
WB2401ST2021025633,2021-09-27
WB2401ST2021032791,2021-10-10
WB2401ST2021037382,2021-11-21
WB2401ST2021036000,2021-11-16
WB2401ST2021025854,2021-09-28
WB2401ST2021031821,2021-10-05
WB2401ST2021028854,2021-10-01
WB2401ST2022034776,2022-12-06
WB2401ST2022015210,2022-04-01
WB2401ST2022002155,2022-01-13
WB2401ST2021036061,2021-11-16
WB2401ST2021027624,2021-09-30
WB2401ST2022023231,2022-06-29
WB2401ST2022000783,2022-01-12
WB2401ST2021017732,2021-09-18
WB2401ST2021031221,2021-10-05
WB2401ST2021039730,2021-12-12
WB2401ST2021045290,2021-12-28
WB2401ST2021042433,2021-12-18
WB2401ST2021038425,2021-12-06
WB2401ST2021029450,2021-10-01
WB2401ST2021018212,2021-09-19
WB2401ST2022009652,2022-03-10
WB2401ST2021028447,2021-10-01
WB2401ST2023011794,2023-05-28
WB2401ST2022022373,2022-06-25
WB2401ST2022004347,2022-01-19
WB2401ST2021038512,2021-12-06
WB2401ST2021045001,2021-12-24
WB2401ST2021027537,2021-09-29
WB2401ST2022002699,2022-01-14
WB2401ST2021013859,2021-09-13
WB2401ST2022002407,2022-01-14
WB2401ST2021022603,2021-09-24
WB2401ST2021031169,2021-10-05
WB2401ST2021023714,2021-09-25
WB2401ST2022020977,2022-06-23
WB2401ST2025002705,2025-09-03
WB2401ST2021018981,2021-09-20
WB2401ST2021031482,2021-10-05
WB2401ST2022003741,2022-01-15
WB2401ST2021025965,2021-09-28
WB2401ST2021037876,2021-11-30
WB2401ST2021031306,2021-10-05
WB2401ST2021023082,2021-09-25
WB2401ST2021027758,2021-09-30
WB2401ST2023015404,2023-05-29
WB2401ST2021027461,2021-09-29
WB2401ST2021037899,2021-11-30
WB2401ST2023008823,2023-05-21
WB2401ST2021047053,2021-12-31
WB2401ST2021037406,2021-11-21
WB2401ST2021045662,2021-12-28
WB2401ST2021047139,2021-12-31
WB2401ST2022017679,2022-06-08
WB2401ST2021037886,2021-11-30
WB2401ST2021031125,2021-10-05
WB2401ST2022000347,2022-01-05
WB2401ST2022004213,2022-01-18
WB2401ST2022014269,2022-03-20
WB2401ST2021023732,2021-09-25
WB2401ST2022003987,2022-01-18
WB2401ST2022005096,2022-01-20
WB2401ST2022026413,2022-08-21
WB2401ST2022006268,2022-02-04
WB2401ST2021031608,2021-10-05
WB2401ST2021039864,2021-12-13
WB2401ST2021017694,2021-09-18
WB2401ST2022008606,2022-03-06
WB2401ST2021041670,2021-12-18
WB2401ST2021035485,2021-11-15
WB2401ST2022004115,2022-01-18
WB2401ST2021036252,2021-11-19
WB2401ST2021017761,2021-09-18
WB2401ST2021032869,2021-10-10
WB2401ST2021013421,2021-09-12
WB2401ST2021014116,2021-09-14
WB2401ST2022020571,2022-06-22
WB2401ST2022000201,2022-01-02
WB2401ST2022001239,2022-01-12
WB2401ST2022027646,2022-08-25
WB2401ST2021017737,2021-09-18
WB2401ST2021023668,2021-09-25
WB2401ST2021041948,2021-12-18
WB2401ST2022002068,2022-01-13
WB2401ST2021023288,2021-09-25
WB2401ST2022003878,2022-01-18
WB2401ST2021027358,2021-09-29
WB2401ST2022001399,2022-01-12
WB2401ST2021020817,2021-09-22
WB2401ST2022024617,2022-07-15
WB2401ST2021037380,2021-11-21
WB2401ST2021033613,2021-10-11
WB2401ST2022013872,2022-03-20
WB2401ST2022008019,2022-03-06
WB2401ST2022008165,2022-03-06
WB2401ST2022006101,2022-01-26
WB2401ST2021021740,2021-09-23
WB2401ST2022002672,2022-01-14
WB2401ST2021033774,2021-10-12
WB2401ST2021038983,2021-12-11
WB2401ST2022010030,2022-03-10
WB2401ST2021027999,2021-09-30
WB2401ST2022004931,2022-01-20
WB2401ST2021024400,2021-09-26
WB2401ST2021032592,2021-10-09
WB2401ST2021030955,2021-10-05
WB2401ST2021023155,2021-09-25
WB2401ST2021027202,2021-09-29
WB2401ST2022014270,2022-03-20
WB2401ST2021031370,2021-10-05
WB2401ST2022017138,2022-06-01
WB2401ST2021047155,2021-12-31
WB2401ST2022001473,2022-01-12
WB2401ST2021038715,2021-12-08
WB2401ST2023039160,2023-06-26
WB2401ST2021047140,2021-12-31
WB2401ST2022002414,2022-01-14
WB2401ST2021031245,2021-10-05
WB2401ST2021036892,2021-11-20
WB2401ST2022023126,2022-06-28
WB2401ST2021027776,2021-09-30
WB2401ST2021016939,2021-09-16
WB2401ST2021021294,2021-09-23
WB2401ST2021032764,2021-10-09
WB2401ST2022014927,2022-03-20
WB2401ST2021019832,2021-09-21
WB2401ST2021026644,2021-09-28
WB2401ST2021042952,2021-12-19
WB2401ST2021018597,2021-09-20
WB2401ST2021027479,2021-09-29
WB2401ST2021031350,2021-10-05
WB2401ST2023075616,2023-10-04
WB2401ST2022002659,2022-01-14
WB2401ST2021023554,2021-09-25
WB2401ST2021040015,2021-12-15
WB2401ST2021021334,2021-09-23
WB2401ST2021040744,2021-12-17
WB2401ST2022007476,2022-02-13
WB2401ST2021024075,2021-09-26
WB2401ST2022022398,2022-06-25
WB2401ST2021032492,2021-10-09
WB2401ST2022008977,2022-03-08
WB2401ST2022002408,2022-01-14
WB2401ST2022027498,2022-08-24
WB2401ST2021044961,2021-12-24
WB2401ST2021033244,2021-10-11
WB2401ST2021035651,2021-11-15
WB2401ST2022002350,2022-01-14
WB2401ST2021013422,2021-09-12
WB2401ST2022002673,2022-01-14
WB2401ST2023012892,2023-05-28
WB2401ST2022003886,2022-01-18
WB2401ST2021044937,2021-12-24
WB2401ST2023012886,2023-05-28
WB2401ST2021033980,2021-10-13
WB2401ST2022007843,2022-03-06
WB2401ST2022017139,2022-06-01
WB2401ST2022013873,2022-03-20
WB2401ST2021045548,2021-12-28
WB2401ST2021020006,2021-09-21
WB2401ST2021031651,2021-10-05
WB2401ST2022007792,2022-03-06
WB2401ST2021032767,2021-10-09
WB2401ST2021033267,2021-10-11
WB2401ST2021024734,2021-09-26
WB2401ST2021025852,2021-09-28
WB2401ST2022001755,2022-01-13
WB2401ST2022004494,2022-01-19
WB2401ST2021033898,2021-10-13
WB2401ST2021030692,2021-10-05
WB2401ST2022006793,2022-02-10
WB2401ST2021027161,2021-09-29
WB2401ST2021031725,2021-10-05
WB2401ST2023026398,2023-06-04
WB2401ST2021040324,2021-12-16
WB2401ST2022000888,2022-01-12
WB2401ST2021032220,2021-10-09
WB2401ST2021018179,2021-09-19
WB2401ST2021036953,2021-11-20
WB2401ST2021018078,2021-09-19
WB2401ST2021023187,2021-09-25
WB2401ST2021023567,2021-09-25
WB2401ST2021025927,2021-09-28
WB2401ST2021024410,2021-09-26
WB2401ST2021045228,2021-12-28
WB2401ST2021013423,2021-09-12
WB2401ST2023035389,2023-06-08
WB2401ST2021033178,2021-10-11
WB2401ST2021032072,2021-10-06
WB2401ST2023057761,2023-08-05
WB2401ST2021019970,2021-09-21
WB2401ST2021023551,2021-09-25
WB2401ST2022008911,2022-03-07
WB2401ST2022012693,2022-03-16
WB2401ST2021024200,2021-09-26
WB2401ST2021027993,2021-09-30
WB2401ST2025001890,2025-05-20
WB2401ST2023037350,2023-06-08
WB2401ST2021019967,2021-09-21
WB2401ST2021018598,2021-09-20
WB2401ST2021038423,2021-12-06
WB2401ST2022037237,2022-12-29
WB2401ST2022013875,2022-03-20
WB2401ST2022002571,2022-01-14
WB2401ST2021025417,2021-09-27
WB2401ST2021043260,2021-12-19
WB2401ST2021041750,2021-12-18
WB2401ST2021039086,2021-12-11
WB2401ST2021026842,2021-09-29
WB2401ST2021040157,2021-12-16
WB2401ST2022006033,2022-01-26
WB2401ST2022005100,2022-01-20
WB2401ST2021046436,2021-12-30
WB2401ST2021039127,2021-12-11
WB2401ST2022010007,2022-03-10
WB2401ST2021028438,2021-10-01
WB2401ST2022007731,2022-02-13
WB2401ST2021040668,2021-12-17
WB2401ST2021018910,2021-09-20
WB2401ST2021018090,2021-09-19
WB2401ST2022009653,2022-03-10
WB2401ST2021023296,2021-09-25
WB2401ST2022023245,2022-06-29
WB2401ST2021027530,2021-09-29
WB2401ST2021033086,2021-10-11
WB2401ST2022001756,2022-01-13
WB2401ST2021035724,2021-11-15
WB2401ST2021037530,2021-11-26
WB2401ST2021027921,2021-09-30
WB2401ST2023003541,2023-02-15
WB2401ST2021043249,2021-12-19
WB2401ST2021026978,2021-09-29
WB2401ST2022017974,2022-06-08
WB2401ST2021020876,2021-09-22
WB2401ST2022001401,2022-01-12
WB2401ST2022010006,2022-03-10
WB2401ST2021031571,2021-10-05
WB2401ST2022019006,2022-06-20
WB2401ST2021032965,2021-10-11
WB2401ST2021046621,2021-12-31
WB2401ST2022004257,2022-01-18
WB2401ST2021018031,2021-09-19
WB2401ST2021025412,2021-09-27
WB2401ST2021029748,2021-10-02
WB2401ST2021027856,2021-09-30
WB2401ST2021017699,2021-09-18
WB2401ST2023068062,2023-08-06
WB2401ST2021043843,2021-12-19
WB2401ST2022022688,2022-06-25
WB2401ST2022001419,2022-01-12
WB2401ST2021025964,2021-09-28
WB2401ST2021029629,2021-10-02
WB2401ST2022023268,2022-06-29
WB2401ST2021029850,2021-10-02
WB2401ST2021031520,2021-10-05
WB2401ST2023075617,2023-10-04
WB2401ST2021040339,2021-12-16
WB2401ST2021016103,2021-09-16
WB2401ST2021013851,2021-09-13
WB2401ST2021024776,2021-09-26
WB2401ST2021030872,2021-10-05
WB2401ST2021026691,2021-09-28
WB2401ST2022006509,2022-02-09
WB2401ST2021023547,2021-09-25
WB2401ST2021027402,2021-09-29
WB2401ST2022012619,2022-03-16
WB2401ST2021039164,2021-12-11
WB2401ST2021014115,2021-09-14
WB2401ST2022028215,2022-08-27
WB2401ST2022007877,2022-03-06
WB2401ST2022004145,2022-01-18
WB2401ST2022017915,2022-06-08
WB2401ST2023030159,2023-06-06
WB2401ST2021046048,2021-12-29
WB2401ST2022017810,2022-06-08
WB2401ST2023063990,2023-08-06
WB2401ST2021030096,2021-10-05
WB2401ST2022022073,2022-06-25
WB2401ST2021037768,2021-11-30
WB2401ST2021042269,2021-12-18
WB2401ST2021032708,2021-10-09
WB2401ST2021035895,2021-11-16
WB2401ST2022007122,2022-02-13
WB2401ST2021031160,2021-10-05
WB2401ST2021013424,2021-09-12
WB2401ST2021018171,2021-09-19
WB2401ST2023057518,2023-08-05
WB2401ST2021025966,2021-09-28
WB2401ST2021037094,2021-11-20
WB2401ST2023008816,2023-05-21
WB2401ST2021023874,2021-09-26
WB2401ST2022005660,2022-01-22
WB2401ST2022009739,2022-03-10
WB2401ST2021035786,2021-11-15
WB2401ST2021046434,2021-12-30
WB2401ST2021013425,2021-09-12
WB2401ST2021027866,2021-09-30
WB2401ST2021031300,2021-10-05
WB2401ST2021023256,2021-09-25
WB2401ST2021032502,2021-10-09
WB2401ST2021013852,2021-09-13
WB2401ST2021039732,2021-12-12
WB2401ST2021016189,2021-09-16
WB2401ST2021014114,2021-09-14
WB2401ST2021031614,2021-10-05
WB2401ST2022008596,2022-03-06
WB2401ST2022008685,2022-03-07
WB2401ST2021023889,2021-09-26
WB2401ST2021032018,2021-10-06
WB2401ST2021039335,2021-12-11
WB2401ST2021026668,2021-09-28
WB2401ST2021034479,2021-10-28
WB2401ST2021040188,2021-12-16
WB2401ST2021045869,2021-12-29
WB2401ST2022006392,2022-02-04
WB2401ST2021036522,2021-11-19
WB2401ST2023008814,2023-05-21
WB2401ST2021013853,2021-09-13
WB2401ST2022030447,2022-09-28
WB2401ST2022014271,2022-03-20
WB2401ST2023055781,2023-08-04
WB2401ST2021031825,2021-10-05
WB2401ST2021037376,2021-11-21
WB2401ST2021037385,2021-11-21
WB2401ST2021042044,2021-12-18
WB2401ST2023020120,2023-05-31
WB2401ST2021028007,2021-09-30
WB2401ST2022006256,2022-02-04
WB2401ST2021038432,2021-12-06
WB2401ST2021013426,2021-09-12
WB2401ST2023030214,2023-06-06
WB2401ST2021023265,2021-09-25
WB2401ST2021023181,2021-09-25
WB2401ST2022022565,2022-06-25
WB2401ST2022016283,2022-05-25
WB2401ST2021018066,2021-09-19
WB2401ST2021024424,2021-09-26
WB2401ST2021025840,2021-09-28
WB2401ST2021029059,2021-10-01
WB2401ST2021022206,2021-09-24
WB2401ST2022009628,2022-03-10
WB2401ST2022004618,2022-01-19
WB2401ST2022000685,2022-01-05
WB2401ST2021035338,2021-11-02
WB2401ST2022014272,2022-03-20
WB2401ST2023031985,2023-06-07
WB2401ST2021023853,2021-09-26
WB2401ST2022004651,2022-01-19
WB2401ST2021028456,2021-10-01
WB2401ST2021028975,2021-10-01
WB2401ST2021020875,2021-09-22
WB2401ST2022014273,2022-03-20
WB2401ST2022014274,2022-03-20
WB2401ST2021013416,2021-09-12
WB2401ST2022001956,2022-01-13
WB2401ST2021013417,2021-09-12
WB2401ST2021030529,2021-10-05
WB2401ST2021040241,2021-12-16
WB2401ST2023057454,2023-08-05
WB2401ST2022022323,2022-06-25
WB2401ST2021045082,2021-12-24
WB2401ST2021019940,2021-09-21
WB2401ST2022014275,2022-03-20
WB2401ST2021019437,2021-09-20
WB2401ST2021023158,2021-09-25
WB2401ST2021030528,2021-10-05
WB2401ST2022014276,2022-03-20
WB2401ST2021013418,2021-09-12
WB2401ST2021030527,2021-10-05
WB2401ST2022007876,2022-03-06
WB2401ST2021013419,2021-09-12
WB2401ST2021030526,2021-10-05
WB2401ST2021013420,2021-09-12
WB2401ST2022027643,2022-08-25
WB2401ST2021013410,2021-09-12
WB2401ST2021030367,2021-10-05
WB2401ST2021013411,2021-09-12
WB2401ST2021030555,2021-10-05
WB2401ST2022010005,2022-03-10
WB2401ST2022021448,2022-06-24
WB2401ST2021017739,2021-09-18
WB2401ST2021013412,2021-09-12
WB2401ST2021030355,2021-10-05
WB2401ST2021013413,2021-09-12
WB2401ST2021045069,2021-12-24
WB2401ST2021026122,2021-09-28
WB2401ST2023004413,2023-03-31
WB2401ST2022006421,2022-02-08
WB2401ST2021030531,2021-10-05
WB2401ST2021022266,2021-09-24
WB2401ST2021019928,2021-09-21
WB2401ST2021013414,2021-09-12
WB2401ST2021013415,2021-09-12
WB2401ST2022006025,2022-01-26
WB2401ST2021027595,2021-09-30
WB2401ST2022018002,2022-06-08
WB2401ST2023018940,2023-05-30
WB2401ST2022003569,2022-01-15
WB2401ST2022020794,2022-06-23
WB2401ST2024001997,2024-11-18
WB2401ST2022015946,2022-05-16
WB2401ST2022008204,2022-03-06
WB2401ST2022017864,2022-06-08
WB2401ST2022017959,2022-06-08
WB2401ST2022015425,2022-05-06
WB2401ST2022017937,2022-06-08
WB2401ST2021041899,2021-12-18
WB2401ST2021042938,2021-12-19
WB2401ST2021023581,2021-09-25
WB2401ST2022013706,2022-03-17
WB2401ST2021029177,2021-10-01
WB2401ST2022003995,2022-01-18
WB2401ST2021026314,2021-09-28
WB2401ST2022000689,2022-01-05
WB2401ST2022004398,2022-01-19
WB2401ST2022021376,2022-06-23
WB2401ST2022004312,2022-01-18
WB2401ST2021026311,2021-09-28
WB2401ST2022000690,2022-01-05
WB2401ST2021013430,2021-09-12
WB2401ST2022004293,2022-01-18
WB2401ST2022000670,2022-01-05
WB2401ST2021026316,2021-09-28
WB2401ST2022004236,2022-01-18
WB2401ST2021019073,2021-09-20
WB2401ST2023022556,2023-06-01
WB2401ST2022022494,2022-06-25
WB2401ST2021035464,2021-11-15
WB2401ST2022017172,2022-06-01
WB2401ST2021035429,2021-11-15
WB2401ST2022022130,2022-06-25
WB2401ST2021045255,2021-12-28
WB2401ST2022020460,2022-06-22
WB2401ST2021039461,2021-12-12
WB2401ST2021025957,2021-09-28
WB2401ST2022000456,2022-01-05
WB2401ST2023029435,2023-06-06
WB2401ST2022007586,2022-02-13
WB2401ST2021014407,2021-09-14
WB2401ST2022008094,2022-03-06
WB2401ST2021013431,2021-09-12
WB2401ST2021019044,2021-09-20
WB2401ST2023039172,2023-06-26
WB2401ST2021039908,2021-12-13
WB2401ST2021046056,2021-12-29
WB2401ST2021016104,2021-09-16
WB2401ST2021013432,2021-09-12
WB2401ST2022017822,2022-06-08
WB2401ST2022008316,2022-03-06
WB2401ST2021037358,2021-11-21
WB2401ST2021013433,2021-09-12
WB2401ST2021046019,2021-12-29
WB2401ST2021013427,2021-09-12
WB2401ST2022007345,2022-02-13
WB2401ST2022002642,2022-01-14
WB2401ST2021013481,2021-09-12
WB2401ST2021013428,2021-09-12
WB2401ST2021040012,2021-12-15
WB2401ST2021013429,2021-09-12
WB2401ST2021014501,2021-09-14
WB2401ST2022014277,2022-03-20
WB2401ST2022002209,2022-01-13
WB2401ST2021037089,2021-11-20
WB2401ST2021037372,2021-11-21
WB2401ST2021035468,2021-11-15
WB2401ST2021039410,2021-12-11
WB2401ST2021031803,2021-10-05
WB2401ST2021019949,2021-09-21
WB2401ST2021034343,2021-10-28
WB2401ST2022017733,2022-06-08
WB2401ST2022002091,2022-01-13
WB2401ST2021026071,2021-09-28
WB2401ST2021041292,2021-12-18
WB2401ST2022016051,2022-05-17
WB2401ST2021025491,2021-09-27
WB2401ST2021034384,2021-10-28
WB2401ST2021033050,2021-10-11
WB2401ST2021035968,2021-11-16
WB2401ST2021044569,2021-12-22
WB2401ST2021038820,2021-12-11
WB2401ST2021033253,2021-10-11
WB2401ST2021033284,2021-10-11
WB2401ST2021033497,2021-10-11
WB2401ST2022007469,2022-02-13
WB2401ST2021021529,2021-09-23
WB2401ST2021036763,2021-11-20
WB2401ST2021030460,2021-10-05
WB2401ST2021047062,2021-12-31
WB2401ST2021035466,2021-11-15
WB2401ST2021038460,2021-12-06
WB2401ST2021023591,2021-09-25
WB2401ST2023036148,2023-06-08
WB2401ST2021021411,2021-09-23
WB2401ST2021034344,2021-10-28
WB2401ST2021023088,2021-09-25
WB2401ST2021032358,2021-10-09
WB2401ST2021039339,2021-12-11
WB2401ST2021043677,2021-12-19
WB2401ST2021038947,2021-12-11
WB2401ST2022022162,2022-06-25
WB2401ST2021031820,2021-10-05
WB2401ST2022012896,2022-03-17
WB2401ST2021043950,2021-12-19
WB2401ST2021037070,2021-11-20
WB2401ST2021030457,2021-10-05
WB2401ST2021038441,2021-12-06
WB2401ST2021038440,2021-12-06
WB2401ST2022008226,2022-03-06
WB2401ST2021023720,2021-09-25
WB2401ST2022004271,2022-01-18
WB2401ST2021024073,2021-09-26
WB2401ST2023029092,2023-06-05
WB2401ST2021024100,2021-09-26
WB2401ST2021023193,2021-09-25
WB2401ST2021025364,2021-09-27
WB2401ST2021022588,2021-09-24
WB2401ST2021045900,2021-12-29
WB2401ST2022022749,2022-06-27
WB2401ST2023005848,2023-04-09
WB2401ST2021045640,2021-12-28
WB2401ST2022030394,2022-09-22
WB2401ST2021031046,2021-10-05
WB2401ST2022028657,2022-08-30
WB2401ST2021045903,2021-12-29
WB2401ST2023008833,2023-05-21
WB2401ST2021023652,2021-09-25
WB2401ST2021023272,2021-09-25
WB2401ST2021035252,2021-11-02
WB2401ST2022009622,2022-03-10
WB2401ST2022000923,2022-01-12
WB2401ST2022026782,2022-08-23
WB2401ST2022001362,2022-01-12
WB2401ST2021025901,2021-09-28
WB2401ST2021033212,2021-10-11
WB2401ST2021029375,2021-10-01
WB2401ST2022010747,2022-03-11
WB2401ST2022014278,2022-03-20
WB2401ST2021029509,2021-10-02
WB2401ST2021023707,2021-09-25
WB2401ST2021032812,2021-10-10
WB2401ST2021027209,2021-09-29
WB2401ST2023061383,2023-08-05
WB2401ST2021025958,2021-09-28
WB2401ST2022001767,2022-01-13
WB2401ST2021033412,2021-10-11
WB2401ST2021024333,2021-09-26
WB2401ST2021023782,2021-09-25
WB2401ST2021027771,2021-09-30
WB2401ST2021027761,2021-09-30
WB2401ST2021038532,2021-12-06
WB2401ST2023073028,2023-08-31
WB2401ST2021043914,2021-12-19
WB2401ST2022022182,2022-06-25
WB2401ST2022007863,2022-03-06
WB2401ST2021017674,2021-09-18
WB2401ST2021017922,2021-09-18
WB2401ST2021028679,2021-10-01
WB2401ST2021020973,2021-09-22
WB2401ST2021017716,2021-09-18
WB2401ST2021023595,2021-09-25
WB2401ST2021023089,2021-09-25
WB2401ST2021026837,2021-09-29
WB2401ST2022001878,2022-01-13
WB2401ST2022005470,2022-01-22
WB2401ST2021025248,2021-09-27
WB2401ST2021037357,2021-11-21
WB2401ST2021023073,2021-09-25
WB2401ST2021023115,2021-09-25
WB2401ST2021021562,2021-09-23
WB2401ST2021021239,2021-09-23
WB2401ST2022019981,2022-06-21
WB2401ST2022007927,2022-03-06
WB2401ST2021047150,2021-12-31
WB2401ST2021028675,2021-10-01
WB2401ST2022022190,2022-06-25
WB2401ST2021040147,2021-12-16
WB2401ST2021027907,2021-09-30
WB2401ST2021022456,2021-09-24
WB2401ST2023030919,2023-06-06
WB2401ST2021031572,2021-10-05
WB2401ST2021023045,2021-09-25
WB2401ST2021024090,2021-09-26
WB2401ST2021021052,2021-09-23
WB2401ST2021045412,2021-12-28
WB2401ST2022009430,2022-03-10
WB2401ST2021023030,2021-09-25
WB2401ST2022001776,2022-01-13
WB2401ST2021025960,2021-09-28
WB2401ST2021037067,2021-11-20
WB2401ST2022027810,2022-08-27
WB2401ST2022019743,2022-06-21
WB2401ST2021031818,2021-10-05
WB2401ST2021025781,2021-09-28
WB2401ST2021027362,2021-09-29
WB2401ST2022008828,2022-03-07
WB2401ST2021044730,2021-12-23
WB2401ST2022028476,2022-08-30
WB2401ST2021046467,2021-12-30
WB2401ST2024002343,2024-12-26
WB2401ST2021027462,2021-09-29
WB2401ST2021022142,2021-09-24
WB2401ST2022003389,2022-01-14
WB2401ST2022006734,2022-02-09
WB2401ST2023012471,2023-05-28
WB2401ST2021031093,2021-10-05
WB2401ST2021036479,2021-11-19
WB2401ST2021033066,2021-10-11
WB2401ST2022013773,2022-03-17
WB2401ST2021029756,2021-10-02
WB2401ST2022001728,2022-01-13
WB2401ST2021029311,2021-10-01
WB2401ST2021031242,2021-10-05
WB2401ST2021023029,2021-09-25
WB2401ST2023031338,2023-06-07
WB2401ST2023039553,2023-06-28
WB2401ST2022009829,2022-03-10
WB2401ST2021038492,2021-12-06
WB2401ST2021030352,2021-10-05
WB2401ST2021025812,2021-09-28
WB2401ST2021040136,2021-12-16
WB2401ST2022005489,2022-01-22
WB2401ST2022027635,2022-08-25
WB2401ST2021047209,2021-12-31
WB2401ST2022005511,2022-01-22
WB2401ST2021045340,2021-12-28
WB2401ST2022020762,2022-06-23
WB2401ST2021045666,2021-12-28
WB2401ST2021019943,2021-09-21
WB2401ST2021035643,2021-11-15
WB2401ST2021034336,2021-10-28
WB2401ST2021032357,2021-10-09
WB2401ST2021021409,2021-09-23
WB2401ST2022030146,2022-09-21
WB2401ST2021034429,2021-10-28
WB2401ST2021034412,2021-10-28
WB2401ST2021021009,2021-09-22
WB2401ST2022030337,2022-09-22
WB2401ST2022003849,2022-01-18
WB2401ST2022009738,2022-03-10
WB2401ST2022000853,2022-01-12
WB2401ST2021035719,2021-11-15
WB2401ST2021020831,2021-09-22
WB2401ST2021025413,2021-09-27
WB2401ST2022000738,2022-01-12
WB2401ST2024002346,2024-12-26
WB2401ST2021034463,2021-10-28
WB2401ST2021043585,2021-12-19
WB2401ST2021027631,2021-09-30
WB2401ST2021026804,2021-09-29
WB2401ST2021026024,2021-09-28
WB2401ST2022001906,2022-01-13
WB2401ST2021045531,2021-12-28
WB2401ST2021027862,2021-09-30
WB2401ST2022005093,2022-01-20
WB2401ST2021031181,2021-10-05
WB2401ST2021024318,2021-09-26
WB2401ST2021034586,2021-10-30
WB2401ST2021031720,2021-10-05
WB2401ST2021025279,2021-09-27
WB2401ST2021032456,2021-10-09
WB2401ST2021045696,2021-12-28
WB2401ST2022020981,2022-06-23
WB2401ST2021020786,2021-09-22
WB2401ST2021033000,2021-10-11
WB2401ST2023030426,2023-06-06
WB2401ST2021018285,2021-09-19
WB2401ST2022005068,2022-01-20
WB2401ST2021027306,2021-09-29
WB2401ST2022026200,2022-08-21
WB2401ST2021020691,2021-09-22
WB2401ST2021026858,2021-09-29
WB2401ST2021045173,2021-12-27
WB2401ST2021032858,2021-10-10
WB2401ST2021022203,2021-09-24
WB2401ST2021033724,2021-10-12
WB2401ST2021036506,2021-11-19
WB2401ST2021033029,2021-10-11
WB2401ST2021023910,2021-09-26
WB2401ST2023026209,2023-06-03
WB2401ST2022000848,2022-01-12
WB2401ST2021025794,2021-09-28
WB2401ST2021046134,2021-12-29
WB2401ST2021037274,2021-11-21
WB2401ST2022004390,2022-01-19
WB2401ST2021029447,2021-10-01
WB2401ST2022031113,2022-09-30
WB2401ST2023021678,2023-06-01
WB2401ST2021014584,2021-09-14
WB2401ST2022007917,2022-03-06
WB2401ST2021027000,2021-09-29
WB2401ST2021019356,2021-09-20
WB2401ST2021026091,2021-09-28
WB2401ST2021032422,2021-10-09
WB2401ST2021039331,2021-12-11
WB2401ST2021017989,2021-09-19
WB2401ST2022013690,2022-03-17
WB2401ST2021042210,2021-12-18
WB2401ST2021020787,2021-09-22
WB2401ST2023075649,2023-10-04
WB2401ST2021018347,2021-09-20
WB2401ST2023013581,2023-05-28
WB2401ST2021019005,2021-09-20
WB2401ST2022020966,2022-06-23
WB2401ST2021041731,2021-12-18
WB2401ST2022026620,2022-08-23
WB2401ST2021023165,2021-09-25
WB2401ST2021041396,2021-12-18
WB2401ST2022017352,2022-06-01
WB2401ST2022018521,2022-06-17
WB2401ST2022022328,2022-06-25
WB2401ST2021025779,2021-09-28
WB2401ST2021022467,2021-09-24
WB2401ST2021025799,2021-09-28
WB2401ST2021027079,2021-09-29
WB2401ST2022007097,2022-02-13
WB2401ST2021036599,2021-11-20
WB2401ST2022022390,2022-06-25
WB2401ST2022002760,2022-01-14
WB2401ST2021027873,2021-09-30
WB2401ST2021014580,2021-09-14
WB2401ST2022006283,2022-02-04
WB2401ST2022026973,2022-08-23
WB2401ST2021026064,2021-09-28
WB2401ST2022014279,2022-03-20
WB2401ST2021038451,2021-12-06
WB2401ST2021046367,2021-12-30
WB2401ST2021036255,2021-11-19
WB2401ST2021037327,2021-11-21
WB2401ST2021040629,2021-12-17
WB2401ST2022000819,2022-01-12
WB2401ST2021027838,2021-09-30
WB2401ST2021023622,2021-09-25
WB2401ST2021041784,2021-12-18
WB2401ST2022013878,2022-03-20
WB2401ST2023034760,2023-06-08
WB2401ST2021021654,2021-09-23
WB2401ST2021027151,2021-09-29
WB2401ST2021029369,2021-10-01
WB2401ST2021033311,2021-10-11
WB2401ST2021039955,2021-12-13
WB2401ST2023003856,2023-03-03
WB2401ST2021019926,2021-09-21
WB2401ST2022007471,2022-02-13
WB2401ST2021023222,2021-09-25
WB2401ST2023035246,2023-06-08
WB2401ST2021017985,2021-09-19
WB2401ST2021037329,2021-11-21
WB2401ST2022007926,2022-03-06
WB2401ST2022001443,2022-01-12
WB2401ST2021043229,2021-12-19
WB2401ST2022020899,2022-06-23
WB2401ST2022027457,2022-08-24
WB2401ST2021026155,2021-09-28
WB2401ST2021018021,2021-09-19
WB2401ST2021016268,2021-09-16
WB2401ST2021039184,2021-12-11
WB2401ST2022001409,2022-01-12
WB2401ST2022004369,2022-01-19
WB2401ST2021020715,2021-09-22
WB2401ST2021014601,2021-09-14
WB2401ST2022026617,2022-08-23
WB2401ST2021020938,2021-09-22
WB2401ST2021031588,2021-10-05
WB2401ST2022005125,2022-01-22
WB2401ST2021033384,2021-10-11
WB2401ST2021040776,2021-12-17
WB2401ST2022001322,2022-01-12
WB2401ST2023039462,2023-06-28
WB2401ST2021038446,2021-12-06
WB2401ST2022013655,2022-03-17
WB2401ST2021041495,2021-12-18
WB2401ST2021035779,2021-11-15
WB2401ST2021027914,2021-09-30
WB2401ST2022023873,2022-07-05
WB2401ST2022004337,2022-01-19
WB2401ST2021027735,2021-09-30
WB2401ST2022017354,2022-06-01
WB2401ST2021018872,2021-09-20
WB2401ST2021028786,2021-10-01
WB2401ST2023043065,2023-07-27
WB2401ST2022026988,2022-08-23
WB2401ST2021029595,2021-10-02
WB2401ST2023008832,2023-05-21
WB2401ST2021023716,2021-09-25
WB2401ST2021038816,2021-12-11
WB2401ST2021023774,2021-09-25
WB2401ST2021024458,2021-09-26
WB2401ST2022007895,2022-03-06
WB2401ST2022003933,2022-01-18
WB2401ST2021038444,2021-12-06
WB2401ST2021043114,2021-12-19
WB2401ST2021032320,2021-10-09
WB2401ST2021043573,2021-12-19
WB2401ST2021042215,2021-12-18
WB2401ST2021046897,2021-12-31
WB2401ST2021024310,2021-09-26
WB2401ST2021036602,2021-11-20
WB2401ST2022028979,2022-08-31
WB2401ST2021023574,2021-09-25
WB2401ST2022004578,2022-01-19
WB2401ST2022004075,2022-01-18
WB2401ST2022026624,2022-08-23
WB2401ST2021018917,2021-09-20
WB2401ST2021031885,2021-10-06
WB2401ST2022000831,2022-01-12
WB2401ST2022000786,2022-01-12
WB2401ST2021030393,2021-10-05
WB2401ST2023063815,2023-08-06
WB2401ST2021044584,2021-12-22
WB2401ST2021037328,2021-11-21
WB2401ST2021035339,2021-11-02
WB2401ST2021032307,2021-10-09
WB2401ST2021027839,2021-09-30
WB2401ST2021020788,2021-09-22
WB2401ST2021025421,2021-09-27
WB2401ST2022014280,2022-03-20
WB2401ST2021036598,2021-11-20
WB2401ST2022026856,2022-08-23
WB2401ST2022027223,2022-08-24
WB2401ST2021043591,2021-12-19
WB2401ST2023076730,2023-10-16
WB2401ST2021026906,2021-09-29
WB2401ST2022015011,2022-03-31
WB2401ST2021014587,2021-09-14
WB2401ST2021022465,2021-09-24
WB2401ST2021031220,2021-10-05
WB2401ST2023008826,2023-05-21
WB2401ST2022006812,2022-02-10
WB2401ST2021027635,2021-09-30
WB2401ST2021023126,2021-09-25
WB2401ST2021025899,2021-09-28
WB2401ST2022014360,2022-03-20
WB2401ST2021024398,2021-09-26
WB2401ST2021042256,2021-12-18
WB2401ST2022001162,2022-01-12
WB2401ST2021024747,2021-09-26
WB2401ST2022034772,2022-12-06
WB2401ST2021023758,2021-09-25
WB2401ST2022008011,2022-03-06
WB2401ST2021025489,2021-09-27
WB2401ST2021027778,2021-09-30
WB2401ST2022002095,2022-01-13
WB2401ST2022000084,2022-01-02
WB2401ST2022021820,2022-06-24
WB2401ST2022007894,2022-03-06
WB2401ST2021020752,2021-09-22
WB2401ST2023072982,2023-08-31
WB2401ST2021032101,2021-10-06
WB2401ST2023018077,2023-05-30
WB2401ST2021023757,2021-09-25
WB2401ST2022001369,2022-01-12
WB2401ST2021027853,2021-09-30
WB2401ST2021020913,2021-09-22
WB2401ST2022021265,2022-06-23
WB2401ST2022005374,2022-01-22
WB2401ST2022024334,2022-07-13
WB2401ST2021027876,2021-09-30
WB2401ST2021038319,2021-12-06
WB2401ST2022032296,2022-11-11
WB2401ST2021043583,2021-12-19
WB2401ST2021024099,2021-09-26
WB2401ST2023077014,2023-10-23
WB2401ST2022000049,2022-01-02
WB2401ST2022006940,2022-02-10
WB2401ST2022030450,2022-09-28
WB2401ST2022018906,2022-06-20
WB2401ST2022000857,2022-01-12
WB2401ST2022000892,2022-01-12
WB2401ST2022020958,2022-06-23
WB2401ST2021037000,2021-11-20
WB2401ST2022013653,2022-03-17
WB2401ST2021030409,2021-10-05
WB2401ST2021041266,2021-12-18
WB2401ST2021023895,2021-09-26
WB2401ST2021032446,2021-10-09
WB2401ST2021039249,2021-12-11
WB2401ST2023061923,2023-08-06
WB2401ST2021017765,2021-09-18
WB2401ST2021014590,2021-09-14
WB2401ST2021017735,2021-09-18
WB2401ST2021027318,2021-09-29
WB2401ST2022001892,2022-01-13
WB2401ST2023037936,2023-06-12
WB2401ST2022004589,2022-01-19
WB2401ST2022003649,2022-01-15
WB2401ST2021037082,2021-11-20
WB2401ST2022019748,2022-06-21
WB2401ST2021020729,2021-09-22
WB2401ST2021023204,2021-09-25
WB2401ST2021024745,2021-09-26
WB2401ST2022000784,2022-01-12
WB2401ST2021027523,2021-09-29
WB2401ST2021029209,2021-10-01
WB2401ST2021020690,2021-09-22
WB2401ST2022031383,2022-10-19
WB2401ST2021019968,2021-09-21
WB2401ST2021027854,2021-09-30
WB2401ST2023022109,2023-06-01
WB2401ST2021023022,2021-09-25
WB2401ST2022014281,2022-03-20
WB2401ST2021030842,2021-10-05
WB2401ST2022007088,2022-02-13
WB2401ST2022030451,2022-09-28
WB2401ST2021024932,2021-09-27
WB2401ST2023045590,2023-07-31
WB2401ST2023008835,2023-05-21
WB2401ST2022001370,2022-01-12
WB2401ST2021028687,2021-10-01
WB2401ST2021014589,2021-09-14
WB2401ST2021043705,2021-12-19
WB2401ST2022023140,2022-06-28
WB2401ST2021036151,2021-11-17
WB2401ST2022003813,2022-01-15
WB2401ST2021041929,2021-12-18
WB2401ST2022004212,2022-01-18
WB2401ST2021045532,2021-12-28
WB2401ST2021044593,2021-12-22
WB2401ST2021028927,2021-10-01
WB2401ST2021030603,2021-10-05
WB2401ST2022009578,2022-03-10
WB2401ST2022009783,2022-03-10
WB2401ST2022006558,2022-02-09
WB2401ST2021016286,2021-09-16
WB2401ST2022005205,2022-01-22
WB2401ST2021023858,2021-09-26
WB2401ST2021023280,2021-09-25
WB2401ST2023013454,2023-05-28
WB2401ST2022004217,2022-01-18
WB2401ST2021032300,2021-10-09
WB2401ST2021023320,2021-09-25
WB2401ST2021030832,2021-10-05
WB2401ST2021022245,2021-09-24
WB2401ST2021018203,2021-09-19
WB2401ST2022000862,2022-01-12
WB2401ST2021025632,2021-09-27
WB2401ST2021021240,2021-09-23
WB2401ST2021033179,2021-10-11
WB2401ST2021014582,2021-09-14
WB2401ST2021031612,2021-10-05
WB2401ST2021045000,2021-12-24
WB2401ST2021033159,2021-10-11
WB2401ST2023011188,2023-05-27
WB2401ST2021029680,2021-10-02
WB2401ST2021032843,2021-10-10
WB2401ST2021043301,2021-12-19
WB2401ST2022013310,2022-03-17
WB2401ST2021032771,2021-10-09
WB2401ST2021027199,2021-09-29
WB2401ST2022017449,2022-06-02
WB2401ST2021019937,2021-09-21
WB2401ST2021047105,2021-12-31
WB2401ST2022015714,2022-05-11
WB2401ST2022017349,2022-06-01
WB2401ST2021031193,2021-10-05
WB2401ST2021039734,2021-12-12
WB2401ST2021030503,2021-10-05
WB2401ST2021023723,2021-09-25
WB2401ST2021023268,2021-09-25
WB2401ST2021023219,2021-09-25
WB2401ST2022009697,2022-03-10
WB2401ST2021031507,2021-10-05
WB2401ST2021023670,2021-09-25
WB2401ST2021030093,2021-10-05
WB2401ST2021025024,2021-09-27
WB2401ST2022024494,2022-07-15
WB2401ST2021018317,2021-09-19
WB2401ST2022000785,2022-01-12
WB2401ST2021034773,2021-10-30
WB2401ST2021029224,2021-10-01
WB2401ST2022001256,2022-01-12
WB2401ST2022019175,2022-06-20
WB2401ST2021040217,2021-12-16
WB2401ST2022001989,2022-01-13
WB2401ST2021032331,2021-10-09
WB2401ST2021033240,2021-10-11
WB2401ST2022033883,2022-11-25
WB2401ST2021018995,2021-09-20
WB2401ST2023038475,2023-06-13
WB2401ST2022000835,2022-01-12
WB2401ST2021014559,2021-09-14
WB2401ST2021044635,2021-12-23
WB2401ST2021025792,2021-09-28
WB2401ST2022027220,2022-08-24
WB2401ST2021046357,2021-12-30
WB2401ST2023010554,2023-05-26
WB2401ST2021025933,2021-09-28
WB2401ST2022005098,2022-01-20
WB2401ST2021024215,2021-09-26
WB2401ST2021045848,2021-12-29
WB2401ST2021045252,2021-12-28
WB2401ST2021044892,2021-12-24
WB2401ST2022030448,2022-09-28
WB2401ST2021038491,2021-12-06
WB2401ST2021047149,2021-12-31
WB2401ST2021029273,2021-10-01
WB2401ST2023030180,2023-06-06
WB2401ST2021021479,2021-09-23
WB2401ST2022004994,2022-01-20
WB2401ST2021042892,2021-12-19
WB2401ST2022001344,2022-01-12
WB2401ST2021022583,2021-09-24
WB2401ST2023008827,2023-05-21
WB2401ST2021040006,2021-12-15
WB2401ST2021024098,2021-09-26
WB2401ST2021021563,2021-09-23
WB2401ST2021023316,2021-09-25
WB2401ST2022023230,2022-06-29
WB2401ST2021021670,2021-09-23
WB2401ST2021026117,2021-09-28
WB2401ST2022010363,2022-03-11
WB2401ST2021045885,2021-12-29
WB2401ST2021029225,2021-10-01
WB2401ST2021016574,2021-09-16
WB2401ST2021028703,2021-10-01
WB2401ST2022007079,2022-02-13
WB2401ST2021033241,2021-10-11
WB2401ST2022014282,2022-03-20
WB2401ST2021014570,2021-09-14
WB2401ST2021042016,2021-12-18
WB2401ST2023019821,2023-05-31
WB2401ST2021030128,2021-10-05
WB2401ST2022004208,2022-01-18
WB2401ST2022002255,2022-01-13
WB2401ST2021027655,2021-09-30
WB2401ST2021042110,2021-12-18
WB2401ST2022001540,2022-01-12
WB2401ST2021024389,2021-09-26
WB2401ST2022030382,2022-09-22
WB2401ST2024002189,2024-12-06
WB2401ST2021023167,2021-09-25
WB2401ST2022007747,2022-02-13
WB2401ST2021031989,2021-10-06
WB2401ST2022009560,2022-03-10
WB2401ST2021026587,2021-09-28
WB2401ST2021045641,2021-12-28
WB2401ST2022005042,2022-01-20
WB2401ST2022026954,2022-08-23
WB2401ST2024001856,2024-09-11
WB2401ST2021039012,2021-12-11
WB2401ST2022018423,2022-06-17
WB2401ST2021020819,2021-09-22
WB2401ST2022000022,2022-01-02
WB2401ST2022001035,2022-01-12
WB2401ST2022003942,2022-01-18
WB2401ST2021046622,2021-12-31
WB2401ST2022024480,2022-07-15
WB2401ST2021028797,2021-10-01
WB2401ST2023075936,2023-10-10
WB2401ST2022005156,2022-01-22
WB2401ST2023066810,2023-08-06
WB2401ST2022007920,2022-03-06
WB2401ST2021045873,2021-12-29
WB2401ST2021033114,2021-10-11
WB2401ST2021025988,2021-09-28
WB2401ST2021029588,2021-10-02
WB2401ST2021025428,2021-09-27
WB2401ST2021034451,2021-10-28
WB2401ST2021034137,2021-10-13
WB2401ST2021040072,2021-12-16
WB2401ST2022000168,2022-01-02
WB2401ST2021022584,2021-09-24
WB2401ST2022005854,2022-01-26
WB2401ST2022006590,2022-02-09
WB2401ST2023076183,2023-10-13
WB2401ST2021029266,2021-10-01
WB2401ST2021020943,2021-09-22
WB2401ST2022002655,2022-01-14
WB2401ST2021014585,2021-09-14
WB2401ST2023008834,2023-05-21
WB2401ST2021038474,2021-12-06
WB2401ST2023053937,2023-08-04
WB2401ST2022024680,2022-07-15
WB2401ST2022000820,2022-01-12
WB2401ST2021028843,2021-10-01
WB2401ST2021037770,2021-11-30
WB2401ST2021046163,2021-12-29
WB2401ST2022006892,2022-02-10
WB2401ST2023065072,2023-08-06
WB2401ST2021027634,2021-09-30
WB2401ST2021029007,2021-10-01
WB2401ST2021024296,2021-09-26
WB2401ST2021021269,2021-09-23
WB2401ST2021016098,2021-09-16
WB2401ST2021016277,2021-09-16
WB2401ST2021027906,2021-09-30
WB2401ST2021020970,2021-09-22
WB2401ST2022030446,2022-09-28
WB2401ST2022001415,2022-01-12
WB2401ST2021021276,2021-09-23
WB2401ST2022008580,2022-03-06
WB2401ST2022005530,2022-01-22
WB2401ST2021045867,2021-12-29
WB2401ST2021026453,2021-09-28
WB2401ST2021026722,2021-09-28
WB2401ST2022024593,2022-07-15
WB2401ST2021028900,2021-10-01
WB2401ST2023072631,2023-08-28
WB2401ST2021034119,2021-10-13
WB2401ST2021041384,2021-12-18
WB2401ST2021030140,2021-10-05
WB2401ST2023039602,2023-06-28
WB2401ST2022006811,2022-02-10
WB2401ST2021046416,2021-12-30
WB2401ST2021017696,2021-09-18
WB2401ST2022009083,2022-03-09
WB2401ST2022008690,2022-03-07
WB2401ST2021029642,2021-10-02
WB2401ST2022001333,2022-01-12
WB2401ST2023008483,2023-05-16
WB2401ST2021017749,2021-09-18
WB2401ST2021041373,2021-12-18
WB2401ST2021045337,2021-12-28
WB2401ST2021019969,2021-09-21
WB2401ST2021033696,2021-10-12
WB2401ST2021023365,2021-09-25
WB2401ST2022019739,2022-06-21
WB2401ST2021042683,2021-12-18
WB2401ST2021035655,2021-11-15
WB2401ST2021027599,2021-09-30
WB2401ST2021035979,2021-11-16
WB2401ST2023014507,2023-05-28
WB2401ST2021030127,2021-10-05
WB2401ST2021019980,2021-09-21
WB2401ST2021028956,2021-10-01
WB2401ST2022001921,2022-01-13
WB2401ST2021035077,2021-11-02
WB2401ST2021030620,2021-10-05
WB2401ST2021042112,2021-12-18
WB2401ST2022006929,2022-02-10
WB2401ST2022017300,2022-06-01
WB2401ST2021027732,2021-09-30
WB2401ST2021025276,2021-09-27
WB2401ST2021030135,2021-10-05
WB2401ST2021029128,2021-10-01
WB2401ST2022000137,2022-01-02
WB2401ST2022020814,2022-06-23
WB2401ST2021045694,2021-12-28
WB2401ST2021038515,2021-12-06
WB2401ST2022026797,2022-08-23
WB2401ST2021047165,2021-12-31
WB2401ST2021030213,2021-10-05
WB2401ST2021023243,2021-09-25
WB2401ST2023051049,2023-08-03
WB2401ST2021019829,2021-09-21
WB2401ST2021021295,2021-09-23
WB2401ST2021031002,2021-10-05
WB2401ST2021026003,2021-09-28
WB2401ST2023076751,2023-10-16
WB2401ST2021028439,2021-10-01
WB2401ST2023037341,2023-06-08
WB2401ST2022014283,2022-03-20
WB2401ST2021034073,2021-10-13
WB2401ST2022030156,2022-09-21
WB2401ST2022001278,2022-01-12
WB2401ST2022001653,2022-01-13
WB2401ST2021047098,2021-12-31
WB2401ST2021030456,2021-10-05
WB2401ST2021023671,2021-09-25
WB2401ST2022026788,2022-08-23
WB2401ST2021025987,2021-09-28
WB2401ST2022034609,2022-12-01
WB2401ST2023020343,2023-05-31
WB2401ST2023046030,2023-08-01
WB2401ST2022001557,2022-01-12
WB2401ST2022005018,2022-01-20
WB2401ST2022008064,2022-03-06
WB2401ST2023011711,2023-05-27
WB2401ST2021021496,2021-09-23
WB2401ST2022001350,2022-01-12
WB2401ST2021046438,2021-12-30
WB2401ST2021023279,2021-09-25
WB2401ST2021023377,2021-09-25
WB2401ST2021027291,2021-09-29
WB2401ST2021026647,2021-09-28
WB2401ST2022003552,2022-01-15
WB2401ST2021023141,2021-09-25
WB2401ST2021029222,2021-10-01
WB2401ST2022003707,2022-01-15
WB2401ST2021019231,2021-09-20
WB2401ST2022024560,2022-07-15
WB2401ST2021028656,2021-10-01
WB2401ST2021045391,2021-12-28
WB2401ST2023076750,2023-10-16
WB2401ST2021047160,2021-12-31
WB2401ST2022028482,2022-08-30
WB2401ST2021020801,2021-09-22
WB2401ST2022028026,2022-08-27
WB2401ST2022019411,2022-06-21
WB2401ST2021024229,2021-09-26
WB2401ST2021034587,2021-10-30
WB2401ST2022001334,2022-01-12
WB2401ST2021034710,2021-10-30
WB2401ST2021033585,2021-10-11
WB2401ST2022000763,2022-01-12
WB2401ST2022007846,2022-03-06
WB2401ST2021045633,2021-12-28
WB2401ST2021027784,2021-09-30
WB2401ST2021024352,2021-09-26
WB2401ST2021032467,2021-10-09
WB2401ST2021026659,2021-09-28
WB2401ST2023014081,2023-05-28
WB2401ST2022027329,2022-08-24
WB2401ST2022022150,2022-06-25
WB2401ST2023055397,2023-08-04
WB2401ST2022027315,2022-08-24
WB2401ST2021030139,2021-10-05
WB2401ST2021034139,2021-10-13
WB2401ST2021045313,2021-12-28
WB2401ST2021035434,2021-11-15
WB2401ST2021037549,2021-11-26
WB2401ST2022029462,2022-09-19
WB2401ST2021024435,2021-09-26
WB2401ST2022023084,2022-06-28
WB2401ST2021018922,2021-09-20
WB2401ST2022027042,2022-08-23
WB2401ST2021030408,2021-10-05
WB2401ST2022015941,2022-05-16
WB2401ST2021022949,2021-09-25
WB2401ST2022019364,2022-06-21
WB2401ST2023018129,2023-05-30
WB2401ST2021019823,2021-09-21
WB2401ST2021026055,2021-09-28
WB2401ST2022023458,2022-06-29
WB2401ST2021041508,2021-12-18
WB2401ST2021023786,2021-09-25
WB2401ST2021043698,2021-12-19
WB2401ST2021030638,2021-10-05
WB2401ST2022014284,2022-03-20
WB2401ST2021025184,2021-09-27
WB2401ST2021031746,2021-10-05
WB2401ST2021025463,2021-09-27
WB2401ST2023058269,2023-08-05
WB2401ST2023029443,2023-06-06
WB2401ST2021045693,2021-12-28
WB2401ST2021033223,2021-10-11
WB2401ST2023035097,2023-06-08
WB2401ST2021026965,2021-09-29
WB2401ST2021020742,2021-09-22
WB2401ST2022026043,2022-08-21
WB2401ST2022020975,2022-06-23
WB2401ST2022003330,2022-01-14
WB2401ST2021026853,2021-09-29
WB2401ST2021033475,2021-10-11
WB2401ST2021040510,2021-12-17
WB2401ST2022030036,2022-09-21
WB2401ST2021027492,2021-09-29
WB2401ST2022002153,2022-01-13
WB2401ST2021026816,2021-09-29
WB2401ST2021034453,2021-10-28
WB2401ST2021043251,2021-12-19
WB2401ST2023039165,2023-06-26
WB2401ST2022010284,2022-03-11
WB2401ST2022014285,2022-03-20
WB2401ST2022012708,2022-03-16
WB2401ST2022008507,2022-03-06
WB2401ST2022029631,2022-09-20
WB2401ST2021035866,2021-11-16
WB2401ST2022001159,2022-01-12
WB2401ST2022001321,2022-01-12
WB2401ST2022002588,2022-01-14
WB2401ST2022008008,2022-03-06
WB2401ST2022000873,2022-01-12
WB2401ST2022020532,2022-06-22
WB2401ST2022004952,2022-01-20
WB2401ST2021018388,2021-09-20
WB2401ST2022005548,2022-01-22
WB2401ST2021045637,2021-12-28
WB2401ST2023001328,2023-01-16
WB2401ST2021040749,2021-12-17
WB2401ST2022004586,2022-01-19
WB2401ST2021022613,2021-09-24
WB2401ST2021033035,2021-10-11
WB2401ST2021018863,2021-09-20
WB2401ST2021022281,2021-09-24
WB2401ST2023051055,2023-08-03
WB2401ST2021022677,2021-09-24
WB2401ST2021027889,2021-09-30
WB2401ST2021023163,2021-09-25
WB2401ST2021031730,2021-10-05
WB2401ST2022000081,2022-01-02
WB2401ST2021020741,2021-09-22
WB2401ST2021040046,2021-12-16
WB2401ST2022008689,2022-03-07
WB2401ST2021041909,2021-12-18
WB2401ST2021038813,2021-12-11
WB2401ST2021027611,2021-09-30
WB2401ST2021028749,2021-10-01
WB2401ST2023072125,2023-08-24
WB2401ST2023014199,2023-05-28
WB2401ST2021041862,2021-12-18
WB2401ST2022028001,2022-08-27
WB2401ST2022000052,2022-01-02
WB2401ST2021016187,2021-09-16
WB2401ST2022027595,2022-08-25
WB2401ST2021035074,2021-11-02
WB2401ST2021027824,2021-09-30
WB2401ST2022034713,2022-12-03
WB2401ST2021027542,2021-09-29
WB2401ST2021026009,2021-09-28
WB2401ST2023012893,2023-05-28
WB2401ST2021018286,2021-09-19
WB2401ST2021040256,2021-12-16
WB2401ST2021032760,2021-10-09
WB2401ST2021033174,2021-10-11
WB2401ST2022037236,2022-12-29
WB2401ST2021016257,2021-09-16
WB2401ST2021025846,2021-09-28
WB2401ST2021030694,2021-10-05
WB2401ST2021027369,2021-09-29
WB2401ST2021023700,2021-09-25
WB2401ST2021033211,2021-10-11
WB2401ST2022008536,2022-03-06
WB2401ST2021019421,2021-09-20
WB2401ST2022007636,2022-02-13
WB2401ST2021029221,2021-10-01
WB2401ST2022020972,2022-06-23
WB2401ST2022021560,2022-06-24
WB2401ST2021039002,2021-12-11
WB2401ST2021031788,2021-10-05
WB2401ST2021018206,2021-09-19
WB2401ST2023051075,2023-08-03
WB2401ST2021045631,2021-12-28
WB2401ST2021027746,2021-09-30
WB2401ST2021022472,2021-09-24
WB2401ST2021042935,2021-12-19
WB2401ST2023066897,2023-08-06
WB2401ST2021023234,2021-09-25
WB2401ST2022004111,2022-01-18
WB2401ST2021042414,2021-12-18
WB2401ST2021036211,2021-11-19
WB2401ST2022001642,2022-01-13
WB2401ST2021036956,2021-11-20
WB2401ST2022003622,2022-01-15
WB2401ST2021016923,2021-09-16
WB2401ST2021030667,2021-10-05
WB2401ST2022006210,2022-02-04
WB2401ST2021021565,2021-09-23
WB2401ST2021035505,2021-11-15
WB2401ST2021038453,2021-12-06
WB2401ST2021021640,2021-09-23
WB2401ST2022005344,2022-01-22
WB2401ST2021033329,2021-10-11
WB2401ST2022000863,2022-01-12
WB2401ST2022003191,2022-01-14
WB2401ST2021026008,2021-09-28
WB2401ST2021032088,2021-10-06
WB2401ST2021024301,2021-09-26
WB2401ST2021021477,2021-09-23
WB2401ST2021035642,2021-11-15
WB2401ST2023030857,2023-06-06
WB2401ST2022013292,2022-03-17
WB2401ST2022000324,2022-01-05
WB2401ST2022002735,2022-01-14
WB2401ST2021020757,2021-09-22
WB2401ST2021037008,2021-11-20
WB2401ST2021025910,2021-09-28
WB2401ST2021030436,2021-10-05
WB2401ST2021026351,2021-09-28
WB2401ST2021033695,2021-10-12
WB2401ST2021031198,2021-10-05
WB2401ST2021025972,2021-09-28
WB2401ST2021030693,2021-10-05
WB2401ST2022005569,2022-01-22
WB2401ST2021028204,2021-09-30
WB2401ST2021033173,2021-10-11
WB2401ST2022037535,2022-12-29
WB2401ST2021021675,2021-09-23
WB2401ST2021042929,2021-12-19
WB2401ST2021021692,2021-09-23
WB2401ST2021020710,2021-09-22
WB2401ST2022007595,2022-02-13
WB2401ST2021020783,2021-09-22
WB2401ST2022006796,2022-02-10
WB2401ST2022022411,2022-06-25
WB2401ST2021030662,2021-10-05
WB2401ST2021038433,2021-12-06
WB2401ST2021037776,2021-11-30
WB2401ST2021043589,2021-12-19
WB2401ST2021023349,2021-09-25
WB2401ST2022008532,2022-03-06
WB2401ST2021045708,2021-12-28
WB2401ST2022003756,2022-01-15
WB2401ST2021033434,2021-10-11
WB2401ST2021024298,2021-09-26
WB2401ST2021042665,2021-12-18
WB2401ST2021023404,2021-09-25
WB2401ST2021044893,2021-12-24
WB2401ST2022019215,2022-06-20
WB2401ST2021034408,2021-10-28
WB2401ST2022020911,2022-06-23
WB2401ST2022030434,2022-09-28
WB2401ST2021020753,2021-09-22
WB2401ST2021022585,2021-09-24
WB2401ST2022001094,2022-01-12
WB2401ST2021023033,2021-09-25
WB2401ST2021031763,2021-10-05
WB2401ST2021047100,2021-12-31
WB2401ST2021026083,2021-09-28
WB2401ST2021018111,2021-09-19
WB2401ST2021039890,2021-12-13
WB2401ST2021021545,2021-09-23
WB2401ST2021023116,2021-09-25
WB2401ST2021026013,2021-09-28
WB2401ST2022003043,2022-01-14
WB2401ST2022017550,2022-06-03
WB2401ST2022002228,2022-01-13
WB2401ST2021038485,2021-12-06
WB2401ST2022018621,2022-06-17
WB2401ST2022020959,2022-06-23
WB2401ST2021034454,2021-10-28
WB2401ST2022006209,2022-02-04
WB2401ST2022013088,2022-03-17
WB2401ST2022008912,2022-03-07
WB2401ST2021036470,2021-11-19
WB2401ST2021028001,2021-09-30
WB2401ST2021029099,2021-10-01
WB2401ST2021028241,2021-09-30
WB2401ST2022023647,2022-06-29
WB2401ST2022029061,2022-08-31
WB2401ST2021021364,2021-09-23
WB2401ST2021021621,2021-09-23
WB2401ST2021047148,2021-12-31
WB2401ST2021026034,2021-09-28
WB2401ST2021042942,2021-12-19
WB2401ST2022004609,2022-01-19
WB2401ST2023037315,2023-06-08
WB2401ST2022020930,2022-06-23
WB2401ST2022003782,2022-01-15
WB2401ST2021030691,2021-10-05
WB2401ST2021027133,2021-09-29
WB2401ST2021025786,2021-09-28
WB2401ST2022000845,2022-01-12
WB2401ST2021040511,2021-12-17
WB2401ST2021037045,2021-11-20
WB2401ST2022020910,2022-06-23
WB2401ST2022003126,2022-01-14
WB2401ST2021018354,2021-09-20
WB2401ST2021032754,2021-10-09
WB2401ST2022004783,2022-01-19
WB2401ST2021040297,2021-12-16
WB2401ST2022004370,2022-01-19
WB2401ST2021040280,2021-12-16
WB2401ST2021021669,2021-09-23
WB2401ST2022007810,2022-03-06
WB2401ST2022030164,2022-09-21
WB2401ST2023019473,2023-05-31
WB2401ST2021034078,2021-10-13
WB2401ST2022005015,2022-01-20
WB2401ST2021033082,2021-10-11
WB2401ST2021027434,2021-09-29
WB2401ST2021035158,2021-11-02
WB2401ST2021022649,2021-09-24
WB2401ST2022019998,2022-06-21
WB2401ST2023008829,2023-05-21
WB2401ST2021037018,2021-11-20
WB2401ST2021027187,2021-09-29
WB2401ST2021024302,2021-09-26
WB2401ST2022022261,2022-06-25
WB2401ST2021029093,2021-10-01
WB2401ST2021038818,2021-12-11
WB2401ST2021035083,2021-11-02
WB2401ST2021029227,2021-10-01
WB2401ST2021033588,2021-10-11
WB2401ST2021034414,2021-10-28
WB2401ST2022023726,2022-06-29
WB2401ST2021025274,2021-09-27
WB2401ST2022014128,2022-03-20
WB2401ST2021018141,2021-09-19
WB2401ST2021020972,2021-09-22
WB2401ST2023002388,2023-01-20
WB2401ST2021045745,2021-12-29
WB2401ST2021027558,2021-09-30
WB2401ST2022001732,2022-01-13
WB2401ST2025001023,2025-02-28
WB2401ST2021016579,2021-09-16
WB2401ST2022004884,2022-01-20
WB2401ST2021026696,2021-09-28
WB2401ST2023075650,2023-10-04
WB2401ST2021030570,2021-10-05
WB2401ST2021023012,2021-09-25
WB2401ST2021027710,2021-09-30
WB2401ST2021027602,2021-09-30
WB2401ST2021021410,2021-09-23
WB2401ST2021035159,2021-11-02
WB2401ST2021032329,2021-10-09
WB2401ST2021031180,2021-10-05
WB2401ST2021037888,2021-11-30
WB2401ST2021027289,2021-09-29
WB2401ST2022008840,2022-03-07
WB2401ST2021019586,2021-09-21
WB2401ST2021042479,2021-12-18
WB2401ST2022014286,2022-03-20
WB2401ST2022014129,2022-03-20
WB2401ST2021034571,2021-10-30
WB2401ST2021020825,2021-09-22
WB2401ST2022020906,2022-06-23
WB2401ST2021020258,2021-09-21
WB2401ST2023060849,2023-08-05
WB2401ST2022027840,2022-08-27
WB2401ST2021024300,2021-09-26
WB2401ST2022020933,2022-06-23
WB2401ST2021025477,2021-09-27
WB2401ST2021023552,2021-09-25
WB2401ST2021042920,2021-12-19
WB2401ST2021042888,2021-12-19
WB2401ST2023002362,2023-01-20
WB2401ST2021025804,2021-09-28
WB2401ST2023061305,2023-08-05
WB2401ST2021015756,2021-09-16
WB2401ST2021033154,2021-10-11
WB2401ST2021040854,2021-12-17
WB2401ST2021016537,2021-09-16
WB2401ST2022018999,2022-06-20
WB2401ST2021018134,2021-09-19
WB2401ST2022015037,2022-03-31
WB2401ST2021032429,2021-10-09
WB2401ST2021030998,2021-10-05
WB2401ST2022015800,2022-05-11
WB2401ST2022005178,2022-01-22
WB2401ST2022013260,2022-03-17
WB2401ST2021042797,2021-12-18
WB2401ST2021024241,2021-09-26
WB2401ST2021027586,2021-09-30
WB2401ST2022020263,2022-06-22
WB2401ST2023027069,2023-06-04
WB2401ST2021039003,2021-12-11
WB2401ST2021041906,2021-12-18
WB2401ST2021040016,2021-12-15
WB2401ST2023057782,2023-08-05
WB2401ST2021045669,2021-12-28
WB2401ST2022021954,2022-06-24
WB2401ST2021041932,2021-12-18
WB2401ST2021018358,2021-09-20
WB2401ST2022001752,2022-01-13
WB2401ST2021033754,2021-10-12
WB2401ST2021019660,2021-09-21
WB2401ST2023064656,2023-08-06
WB2401ST2021024080,2021-09-26
WB2401ST2021024064,2021-09-26
WB2401ST2023051742,2023-08-03
WB2401ST2023039387,2023-06-26
WB2401ST2021038528,2021-12-06
WB2401ST2021020792,2021-09-22
WB2401ST2021039448,2021-12-12
WB2401ST2021020804,2021-09-22
WB2401ST2021040070,2021-12-16
WB2401ST2021038478,2021-12-06
WB2401ST2021023687,2021-09-25
WB2401ST2021023706,2021-09-25
WB2401ST2021046348,2021-12-30
WB2401ST2023005232,2023-03-31
WB2401ST2021035765,2021-11-15
WB2401ST2021033039,2021-10-11
WB2401ST2021018974,2021-09-20
WB2401ST2023010372,2023-05-25
WB2401ST2021018011,2021-09-19
WB2401ST2022001463,2022-01-12
WB2401ST2022007472,2022-02-13
WB2401ST2022012692,2022-03-16
WB2401ST2022017732,2022-06-08
WB2401ST2021033158,2021-10-11
WB2401ST2021045871,2021-12-29
WB2401ST2021043921,2021-12-19
WB2401ST2021046600,2021-12-31
WB2401ST2021023649,2021-09-25
WB2401ST2021040694,2021-12-17
WB2401ST2021026349,2021-09-28
WB2401ST2021023273,2021-09-25
WB2401ST2021045141,2021-12-24
WB2401ST2021040149,2021-12-16
WB2401ST2021023734,2021-09-25
WB2401ST2023026373,2023-06-04
WB2401ST2022002167,2022-01-13
WB2401ST2022020965,2022-06-23
WB2401ST2021017964,2021-09-19
WB2401ST2021030621,2021-10-05
WB2401ST2022001979,2022-01-13
WB2401ST2021021155,2021-09-23
WB2401ST2021022147,2021-09-24
WB2401ST2021043252,2021-12-19
WB2401ST2021047093,2021-12-31
WB2401ST2022007710,2022-02-13
WB2401ST2022022700,2022-06-25
WB2401ST2022003623,2022-01-15
WB2401ST2023075217,2023-09-30
WB2401ST2022003065,2022-01-14
WB2401ST2021031983,2021-10-06
WB2401ST2022020288,2022-06-22
WB2401ST2021043919,2021-12-19
WB2401ST2021025955,2021-09-28
WB2401ST2021034741,2021-10-30
WB2401ST2022021120,2022-06-23
WB2401ST2021030678,2021-10-05
WB2401ST2021039914,2021-12-13
WB2401ST2021038439,2021-12-06
WB2401ST2021042646,2021-12-18
WB2401ST2022003805,2022-01-15
WB2401ST2021020743,2021-09-22
WB2401ST2021026607,2021-09-28
WB2401ST2021018493,2021-09-20
WB2401ST2023073613,2023-09-16
WB2401ST2021022275,2021-09-24
WB2401ST2023031983,2023-06-07
WB2401ST2022021714,2022-06-24
WB2401ST2021016931,2021-09-16
WB2401ST2021039284,2021-12-11
WB2401ST2023044095,2023-07-28
WB2401ST2022015536,2022-05-06
WB2401ST2021024193,2021-09-26
WB2401ST2022004237,2022-01-18
WB2401ST2023067404,2023-08-06
WB2401ST2021033172,2021-10-11
WB2401ST2022000716,2022-01-05
WB2401ST2021040319,2021-12-16
WB2401ST2021027711,2021-09-30
WB2401ST2021045070,2021-12-24
WB2401ST2023004158,2023-03-28
WB2401ST2021025793,2021-09-28
WB2401ST2022019001,2022-06-20
WB2401ST2021037931,2021-11-30
WB2401ST2021039326,2021-12-11
WB2401ST2022027460,2022-08-24
WB2401ST2021026909,2021-09-29
WB2401ST2023009504,2023-05-23
WB2401ST2021027786,2021-09-30
WB2401ST2021027472,2021-09-29
WB2401ST2022004367,2022-01-19
WB2401ST2022019942,2022-06-21
WB2401ST2022034766,2022-12-06
WB2401ST2022001751,2022-01-13
WB2401ST2022002510,2022-01-14
WB2401ST2021035154,2021-11-02
WB2401ST2021016199,2021-09-16
WB2401ST2021029203,2021-10-01
WB2401ST2022005570,2022-01-22
WB2401ST2021024122,2021-09-26
WB2401ST2022001520,2022-01-12
WB2401ST2021029158,2021-10-01
WB2401ST2021027598,2021-09-30
WB2401ST2023024792,2023-06-02
WB2401ST2022003916,2022-01-18
WB2401ST2023057404,2023-08-05
WB2401ST2021021045,2021-09-23
WB2401ST2021042244,2021-12-18
WB2401ST2022027387,2022-08-24
WB2401ST2021040345,2021-12-16
WB2401ST2021041293,2021-12-18
WB2401ST2023072990,2023-08-31
WB2401ST2021032330,2021-10-09
WB2401ST2021042975,2021-12-19
WB2401ST2022001902,2022-01-13
WB2401ST2022024220,2022-07-12
WB2401ST2021024347,2021-09-26
WB2401ST2023036262,2023-06-08
WB2401ST2023031237,2023-06-06
WB2401ST2021039150,2021-12-11
WB2401ST2021025934,2021-09-28
WB2401ST2023011206,2023-05-27
WB2401ST2023062274,2023-08-06
WB2401ST2023064788,2023-08-06
WB2401ST2021022945,2021-09-25
WB2401ST2021033462,2021-10-11
WB2401ST2021037622,2021-11-26
WB2401ST2021031745,2021-10-05
WB2401ST2021026847,2021-09-29
WB2401ST2021035495,2021-11-15
WB2401ST2021029501,2021-10-02
WB2401ST2022017572,2022-06-03
WB2401ST2021033024,2021-10-11
WB2401ST2023027490,2023-06-04
WB2401ST2021026979,2021-09-29
WB2401ST2021015724,2021-09-16
WB2401ST2022014928,2022-03-20
WB2401ST2021033161,2021-10-11
WB2401ST2021025488,2021-09-27
WB2401ST2021023747,2021-09-25
WB2401ST2021045893,2021-12-29
WB2401ST2023016782,2023-05-29
WB2401ST2021018067,2021-09-19
WB2401ST2022024192,2022-07-12
WB2401ST2021020733,2021-09-22
WB2401ST2021016183,2021-09-16
WB2401ST2021019819,2021-09-21
WB2401ST2022026026,2022-08-21
WB2401ST2021017990,2021-09-19
WB2401ST2021022947,2021-09-25
WB2401ST2021037769,2021-11-30
WB2401ST2021032262,2021-10-09
WB2401ST2021029753,2021-10-02
WB2401ST2021027730,2021-09-30
WB2401ST2022024599,2022-07-15
WB2401ST2022001877,2022-01-13
WB2401ST2023006263,2023-04-11
WB2401ST2021047084,2021-12-31
WB2401ST2023075632,2023-10-04
WB2401ST2021025422,2021-09-27
WB2401ST2023035498,2023-06-08
WB2401ST2021021653,2021-09-23
WB2401ST2022020568,2022-06-22
WB2401ST2021026062,2021-09-28
WB2401ST2022006807,2022-02-10
WB2401ST2021021419,2021-09-23
WB2401ST2021040343,2021-12-16
WB2401ST2021021527,2021-09-23
WB2401ST2021023815,2021-09-26
WB2401ST2022019442,2022-06-21
WB2401ST2021033098,2021-10-11
WB2401ST2021027292,2021-09-29
WB2401ST2021030396,2021-10-05
WB2401ST2021018083,2021-09-19
WB2401ST2021030930,2021-10-05
WB2401ST2021040119,2021-12-16
WB2401ST2021026819,2021-09-29
WB2401ST2024001010,2024-07-22
WB2401ST2021024440,2021-09-26
WB2401ST2021024376,2021-09-26
WB2401ST2022016419,2022-05-26
WB2401ST2023030143,2023-06-06
WB2401ST2021041366,2021-12-18
WB2401ST2023026191,2023-06-03
WB2401ST2023075646,2023-10-04
WB2401ST2022008582,2022-03-06
WB2401ST2021035306,2021-11-02
WB2401ST2023008830,2023-05-21
WB2401ST2021023661,2021-09-25
WB2401ST2021028922,2021-10-01
WB2401ST2021025146,2021-09-27
WB2401ST2021030085,2021-10-05
WB2401ST2021039104,2021-12-11
WB2401ST2021040124,2021-12-16
WB2401ST2022001558,2022-01-12
WB2401ST2022002584,2022-01-14
WB2401ST2023010845,2023-05-26
WB2401ST2021044562,2021-12-22
WB2401ST2021031472,2021-10-05
WB2401ST2021033873,2021-10-13
WB2401ST2021038476,2021-12-06
WB2401ST2021018207,2021-09-19
WB2401ST2021023617,2021-09-25
WB2401ST2021018267,2021-09-19
WB2401ST2021021015,2021-09-22
WB2401ST2021030704,2021-10-05
WB2401ST2023046424,2023-08-02
WB2401ST2021022921,2021-09-25
WB2401ST2021029119,2021-10-01
WB2401ST2021020587,2021-09-22
WB2401ST2021024733,2021-09-26
WB2401ST2022001758,2022-01-13
WB2401ST2022002472,2022-01-14
WB2401ST2022006613,2022-02-09
WB2401ST2021027464,2021-09-29
WB2401ST2021047134,2021-12-31
WB2401ST2021023347,2021-09-25
WB2401ST2021033675,2021-10-12
WB2401ST2021028976,2021-10-01
WB2401ST2021032468,2021-10-09
WB2401ST2021043918,2021-12-19
WB2401ST2022010650,2022-03-11
WB2401ST2021032480,2021-10-09
WB2401ST2023075396,2023-09-30
WB2401ST2021026455,2021-09-28
WB2401ST2021044749,2021-12-23
WB2401ST2022004853,2022-01-20
WB2401ST2021028667,2021-10-01
WB2401ST2021023864,2021-09-26
WB2401ST2021028801,2021-10-01
WB2401ST2021024328,2021-09-26
WB2401ST2021047136,2021-12-31
WB2401ST2022004105,2022-01-18
WB2401ST2022001656,2022-01-13
WB2401ST2021018965,2021-09-20
WB2401ST2023001320,2023-01-16
WB2401ST2021036124,2021-11-17
WB2401ST2021033175,2021-10-11
WB2401ST2021025080,2021-09-27
WB2401ST2021038113,2021-12-06
WB2401ST2023070931,2023-08-12
WB2401ST2021043945,2021-12-19
WB2401ST2023052063,2023-08-03
WB2401ST2021042907,2021-12-19
WB2401ST2022003358,2022-01-14
WB2401ST2021031197,2021-10-05
WB2401ST2021026807,2021-09-29
WB2401ST2021021661,2021-09-23
WB2401ST2022010616,2022-03-11
WB2401ST2023010031,2023-05-24
WB2401ST2022001478,2022-01-12
WB2401ST2022006331,2022-02-04
WB2401ST2022008614,2022-03-06
WB2401ST2021030619,2021-10-05
WB2401ST2022028612,2022-08-30
WB2401ST2022014413,2022-03-20
WB2401ST2021019939,2021-09-21
WB2401ST2021022146,2021-09-24
WB2401ST2022026588,2022-08-23
WB2401ST2021018349,2021-09-20
WB2401ST2023075171,2023-09-29
WB2401ST2021018297,2021-09-19
WB2401ST2021032517,2021-10-09
WB2401ST2023039426,2023-06-28
WB2401ST2022010008,2022-03-10
WB2401ST2021029321,2021-10-01
WB2401ST2021025157,2021-09-27
WB2401ST2021039960,2021-12-13
WB2401ST2021022645,2021-09-24
WB2401ST2023065291,2023-08-06
WB2401ST2023039319,2023-06-26
WB2401ST2023022552,2023-06-01
WB2401ST2021045314,2021-12-28
WB2401ST2021026848,2021-09-29
WB2401ST2021047021,2021-12-31
WB2401ST2022028035,2022-08-27
WB2401ST2022003293,2022-01-14
WB2401ST2023072991,2023-08-31
WB2401ST2021023557,2021-09-25
WB2401ST2021023896,2021-09-26
WB2401ST2021043931,2021-12-19
WB2401ST2023031995,2023-06-07
WB2401ST2021021855,2021-09-24
WB2401ST2021031058,2021-10-05
WB2401ST2022008168,2022-03-06
WB2401ST2022004305,2022-01-18
WB2401ST2021039733,2021-12-12
WB2401ST2022027750,2022-08-25
WB2401ST2021025928,2021-09-28
WB2401ST2021046506,2021-12-30
WB2401ST2022006782,2022-02-10
WB2401ST2022007385,2022-02-13
WB2401ST2023010030,2023-05-24
WB2401ST2022001004,2022-01-12
WB2401ST2021021305,2021-09-23
WB2401ST2021041379,2021-12-18
WB2401ST2022004972,2022-01-20
WB2401ST2021026057,2021-09-28
WB2401ST2022017212,2022-06-01
WB2401ST2021038845,2021-12-11
WB2401ST2021033575,2021-10-11
WB2401ST2021023655,2021-09-25
WB2401ST2021030652,2021-10-05
WB2401ST2022005576,2022-01-22
WB2401ST2021028751,2021-10-01
WB2401ST2021020758,2021-09-22
WB2401ST2021032749,2021-10-09
WB2401ST2021035156,2021-11-02
WB2401ST2022000352,2022-01-05
WB2401ST2022015157,2022-04-01
WB2401ST2022014995,2022-03-31
WB2401ST2021024315,2021-09-26
WB2401ST2022014510,2022-03-20
WB2401ST2021029944,2021-10-03
WB2401ST2023043520,2023-07-27
WB2401ST2021037083,2021-11-20
WB2401ST2021044948,2021-12-24
WB2401ST2023039427,2023-06-28
WB2401ST2021030091,2021-10-05
WB2401ST2021037390,2021-11-21
WB2401ST2022003343,2022-01-14
WB2401ST2021029608,2021-10-02
WB2401ST2021038430,2021-12-06
WB2401ST2021016146,2021-09-16
WB2401ST2021036770,2021-11-20
WB2401ST2021026893,2021-09-29
WB2401ST2022001782,2022-01-13
WB2401ST2022008946,2022-03-08
WB2401ST2023039400,2023-06-26
WB2401ST2021030658,2021-10-05
WB2401ST2021023648,2021-09-25
WB2401ST2021034411,2021-10-28
WB2401ST2023076781,2023-10-16
WB2401ST2022006384,2022-02-04
WB2401ST2021030200,2021-10-05
WB2401ST2022021792,2022-06-24
WB2401ST2022025101,2022-07-29
WB2401ST2021024775,2021-09-26
WB2401ST2021024386,2021-09-26
WB2401ST2021039328,2021-12-11
WB2401ST2021032481,2021-10-09
WB2401ST2021043227,2021-12-19
WB2401ST2021044418,2021-12-22
WB2401ST2021035079,2021-11-02
WB2401ST2021017719,2021-09-18
WB2401ST2022007634,2022-02-13
WB2401ST2021032474,2021-10-09
WB2401ST2021031149,2021-10-05
WB2401ST2021023080,2021-09-25
WB2401ST2022001010,2022-01-12
WB2401ST2022000934,2022-01-12
WB2401ST2021016096,2021-09-16
WB2401ST2021039431,2021-12-11
WB2401ST2024001859,2024-09-17
WB2401ST2021023673,2021-09-25
WB2401ST2022014130,2022-03-20
WB2401ST2021027830,2021-09-30
WB2401ST2021047238,2021-12-31
WB2401ST2022009737,2022-03-10
WB2401ST2022022349,2022-06-25
WB2401ST2022000087,2022-01-02
WB2401ST2021023211,2021-09-25
WB2401ST2021023027,2021-09-25
WB2401ST2023067408,2023-08-06
WB2401ST2023005839,2023-04-09
WB2401ST2021023171,2021-09-25
WB2401ST2021022646,2021-09-24
WB2401ST2023061725,2023-08-05
WB2401ST2021043228,2021-12-19
WB2401ST2021040545,2021-12-17
WB2401ST2021023569,2021-09-25
WB2401ST2021026010,2021-09-28
WB2401ST2021018593,2021-09-20
WB2401ST2022015006,2022-03-31
WB2401ST2021014964,2021-09-15
WB2401ST2021022647,2021-09-24
WB2401ST2021040000,2021-12-15
WB2401ST2022014415,2022-03-20
WB2401ST2021036902,2021-11-20
WB2401ST2021044583,2021-12-22
WB2401ST2021020009,2021-09-21
WB2401ST2021024765,2021-09-26
WB2401ST2021028689,2021-10-01
WB2401ST2021019946,2021-09-21
WB2401ST2021034409,2021-10-28
WB2401ST2021031739,2021-10-05
WB2401ST2021030092,2021-10-05
WB2401ST2021026018,2021-09-28
WB2401ST2021034464,2021-10-28
WB2401ST2022004274,2022-01-18
WB2401ST2022008444,2022-03-06
WB2401ST2021020394,2021-09-21
WB2401ST2021040220,2021-12-16
WB2401ST2021045888,2021-12-29
WB2401ST2023031355,2023-06-07
WB2401ST2021038097,2021-12-06
WB2401ST2022001711,2022-01-13
WB2401ST2023064322,2023-08-06
WB2401ST2021045685,2021-12-28
WB2401ST2021030690,2021-10-05
WB2401ST2021047107,2021-12-31
WB2401ST2021043304,2021-12-19
WB2401ST2022008368,2022-03-06
WB2401ST2021029571,2021-10-02
WB2401ST2021027471,2021-09-29
WB2401ST2021037613,2021-11-26
WB2401ST2023043555,2023-07-27
WB2401ST2023012296,2023-05-28
WB2401ST2021021666,2021-09-23
WB2401ST2021030238,2021-10-05
WB2401ST2021023789,2021-09-25
WB2401ST2022010607,2022-03-11
WB2401ST2023006740,2023-04-13
WB2401ST2021023556,2021-09-25
WB2401ST2021027388,2021-09-29
WB2401ST2021033096,2021-10-11
WB2401ST2021016044,2021-09-16
WB2401ST2021046353,2021-12-30
WB2401ST2021023107,2021-09-25
WB2401ST2022016915,2022-06-01
WB2401ST2021032302,2021-10-09
WB2401ST2021022229,2021-09-24
WB2401ST2023008451,2023-05-16
WB2401ST2022001600,2022-01-13
WB2401ST2022015954,2022-05-16
WB2401ST2021024763,2021-09-26
WB2401ST2021023287,2021-09-25
WB2401ST2021022652,2021-09-24
WB2401ST2023008831,2023-05-21
WB2401ST2021023122,2021-09-25
WB2401ST2022005692,2022-01-22
WB2401ST2021031882,2021-10-06
WB2401ST2021021686,2021-09-23
WB2401ST2021032375,2021-10-09
WB2401ST2022004244,2022-01-18
WB2401ST2023066809,2023-08-06
WB2401ST2021033607,2021-10-11
WB2401ST2021043905,2021-12-19
WB2401ST2021042903,2021-12-19
WB2401ST2021018594,2021-09-20
WB2401ST2022003745,2022-01-15
WB2401ST2021038533,2021-12-06
WB2401ST2021045686,2021-12-28
WB2401ST2022008287,2022-03-06
WB2401ST2021046364,2021-12-30
WB2401ST2022013882,2022-03-20
WB2401ST2021031462,2021-10-05
WB2401ST2021035494,2021-11-15
WB2401ST2021027728,2021-09-30
WB2401ST2021036060,2021-11-16
WB2401ST2021030699,2021-10-05
WB2401ST2022000880,2022-01-12
WB2401ST2021045182,2021-12-27
WB2401ST2021023906,2021-09-26
WB2401ST2021042804,2021-12-18
WB2401ST2021047243,2021-12-31
WB2401ST2021039969,2021-12-13
WB2401ST2021047162,2021-12-31
WB2401ST2023018844,2023-05-30
WB2401ST2022012449,2022-03-15
WB2401ST2021033099,2021-10-11
WB2401ST2022026133,2022-08-21
WB2401ST2021027382,2021-09-29
WB2401ST2023007123,2023-04-19
WB2401ST2023012890,2023-05-28
WB2401ST2021036969,2021-11-20
WB2401ST2021034200,2021-10-17
WB2401ST2023032824,2023-06-07
WB2401ST2023072693,2023-08-28
WB2401ST2021032008,2021-10-06
WB2401ST2022002613,2022-01-14
WB2401ST2021023892,2021-09-26
WB2401ST2021038445,2021-12-06
WB2401ST2022030445,2022-09-28
WB2401ST2021038556,2021-12-06
WB2401ST2022004250,2022-01-18
WB2401ST2022016027,2022-05-17
WB2401ST2022026134,2022-08-21
WB2401ST2021021020,2021-09-22
WB2401ST2022015717,2022-05-11
WB2401ST2021045352,2021-12-28
WB2401ST2023068147,2023-08-06
WB2401ST2021013855,2021-09-13
WB2401ST2021026014,2021-09-28
WB2401ST2021042803,2021-12-18
WB2401ST2021040338,2021-12-16
WB2401ST2021031856,2021-10-06
WB2401ST2021032312,2021-10-09
WB2401ST2022003959,2022-01-18
WB2401ST2021047106,2021-12-31
WB2401ST2021027840,2021-09-30
WB2401ST2021046358,2021-12-30
WB2401ST2022009243,2022-03-09
WB2401ST2023031390,2023-06-07
WB2401ST2022009772,2022-03-10
WB2401ST2021025841,2021-09-28
WB2401ST2021030700,2021-10-05
WB2401ST2021042940,2021-12-19
WB2401ST2022022461,2022-06-25
WB2401ST2022027299,2022-08-24
WB2401ST2022033553,2022-11-22
WB2401ST2021023157,2021-09-25
WB2401ST2021047250,2021-12-31
WB2401ST2021025610,2021-09-27
WB2401ST2021018240,2021-09-19
WB2401ST2022006791,2022-02-10
WB2401ST2021025782,2021-09-28
WB2401ST2021042808,2021-12-18
WB2401ST2022007337,2022-02-13
WB2401ST2023039405,2023-06-26
WB2401ST2023004360,2023-03-31
WB2401ST2023072695,2023-08-28
WB2401ST2022026136,2022-08-21
WB2401ST2021040344,2021-12-16
WB2401ST2022030311,2022-09-21
WB2401ST2022017387,2022-06-01
WB2401ST2021026809,2021-09-29
WB2401ST2022007585,2022-02-13
WB2401ST2022020960,2022-06-23
WB2401ST2022019181,2022-06-20
WB2401ST2022007342,2022-02-13
WB2401ST2021026182,2021-09-28
WB2401ST2021024749,2021-09-26
WB2401ST2022000464,2022-01-05
WB2401ST2021028437,2021-10-01
WB2401ST2022007338,2022-02-13
WB2401ST2021037871,2021-11-30
WB2401ST2021033524,2021-10-11
WB2401ST2022018378,2022-06-17
WB2401ST2022020797,2022-06-23
WB2401ST2022010163,2022-03-11
WB2401ST2021021877,2021-09-24
WB2401ST2021030218,2021-10-05
WB2401ST2021027752,2021-09-30
WB2401ST2022010740,2022-03-11
WB2401ST2021029960,2021-10-04
WB2401ST2022010396,2022-03-11
WB2401ST2021027837,2021-09-30
WB2401ST2021031799,2021-10-05
WB2401ST2023037264,2023-06-08
WB2401ST2022000217,2022-01-03
WB2401ST2021027178,2021-09-29
WB2401ST2022010142,2022-03-10
WB2401ST2021033676,2021-10-12
WB2401ST2022013693,2022-03-17
WB2401ST2021028529,2021-10-01
WB2401ST2022019674,2022-06-21
WB2401ST2023039401,2023-06-26
WB2401ST2021017984,2021-09-19
WB2401ST2022019183,2022-06-20
WB2401ST2022030444,2022-09-28
WB2401ST2021044417,2021-12-22
WB2401ST2022014929,2022-03-20
WB2401ST2022003747,2022-01-15
WB2401ST2021038443,2021-12-06
WB2401ST2021020785,2021-09-22
WB2401ST2021035483,2021-11-15
WB2401ST2022015482,2022-05-06
WB2401ST2021020418,2021-09-21
WB2401ST2021021268,2021-09-23
WB2401ST2021030701,2021-10-05
WB2401ST2021033171,2021-10-11
WB2401ST2022013025,2022-03-17
WB2401ST2022004230,2022-01-18
WB2401ST2022024424,2022-07-14
WB2401ST2021032756,2021-10-09
WB2401ST2022022284,2022-06-25
WB2401ST2021035427,2021-11-15
WB2401ST2021036041,2021-11-16
WB2401ST2021030399,2021-10-05
WB2401ST2021028942,2021-10-01
WB2401ST2021033313,2021-10-11
WB2401ST2022024427,2022-07-14
WB2401ST2021035756,2021-11-15
WB2401ST2022023075,2022-06-28
WB2401ST2022006026,2022-01-26
WB2401ST2023019824,2023-05-31
WB2401ST2023039599,2023-06-28
WB2401ST2022016765,2022-05-30
WB2401ST2021033291,2021-10-11
WB2401ST2022021462,2022-06-24
WB2401ST2022001387,2022-01-12
WB2401ST2022034764,2022-12-03
WB2401ST2021013854,2021-09-13
WB2401ST2021047041,2021-12-31
WB2401ST2021034345,2021-10-28
WB2401ST2022004610,2022-01-19
WB2401ST2021021382,2021-09-23
WB2401ST2023066486,2023-08-06
WB2401ST2021031787,2021-10-05
WB2401ST2021041502,2021-12-18
WB2401ST2022012862,2022-03-17
WB2401ST2022004171,2022-01-18
WB2401ST2021023750,2021-09-25
WB2401ST2021041438,2021-12-18
WB2401ST2021047275,2021-12-31
WB2401ST2021033228,2021-10-11
WB2401ST2022020961,2022-06-23
WB2401ST2022019163,2022-06-20
WB2401ST2022006792,2022-02-10
WB2401ST2021033051,2021-10-11
WB2401ST2023018157,2023-05-30
WB2401ST2021024370,2021-09-26
WB2401ST2021033246,2021-10-11
WB2401ST2021023861,2021-09-26
WB2401ST2023039428,2023-06-28
WB2401ST2021023360,2021-09-25
WB2401ST2023001653,2023-01-17
WB2401ST2022026825,2022-08-23
WB2401ST2021040464,2021-12-17
WB2401ST2022015464,2022-05-06
WB2401ST2022002690,2022-01-14
WB2401ST2022010452,2022-03-11
WB2401ST2021030088,2021-10-05
WB2401ST2022007845,2022-03-06
WB2401ST2023051736,2023-08-03
WB2401ST2021027587,2021-09-30
WB2401ST2023039597,2023-06-28
WB2401ST2022004562,2022-01-19
WB2401ST2021019828,2021-09-21
WB2401ST2021029153,2021-10-01
WB2401ST2022024418,2022-07-14
WB2401ST2021034335,2021-10-28
WB2401ST2022000757,2022-01-12
WB2401ST2023039363,2023-06-26
WB2401ST2021026612,2021-09-28
WB2401ST2021027399,2021-09-29
WB2401ST2023024433,2023-06-02
WB2401ST2021032319,2021-10-09
WB2401ST2021038922,2021-12-11
WB2401ST2023011690,2023-05-27
WB2401ST2021022676,2021-09-24
WB2401ST2022000922,2022-01-12
WB2401ST2021042965,2021-12-19
WB2401ST2021035251,2021-11-02
WB2401ST2023005874,2023-04-09
WB2401ST2022001005,2022-01-12
WB2401ST2021038516,2021-12-06
WB2401ST2022009743,2022-03-10
WB2401ST2021024415,2021-09-26
WB2401ST2021036280,2021-11-19
WB2401ST2022004170,2022-01-18
WB2401ST2022009569,2022-03-10
WB2401ST2021041615,2021-12-18
WB2401ST2022000682,2022-01-05
WB2401ST2023039595,2023-06-28
WB2401ST2021023297,2021-09-25
WB2401ST2023002474,2023-01-20
WB2401ST2022019945,2022-06-21
WB2401ST2021047223,2021-12-31
WB2401ST2023007328,2023-04-22
WB2401ST2021040268,2021-12-16
WB2401ST2022019676,2022-06-21
WB2401ST2021030097,2021-10-05
WB2401ST2022013269,2022-03-17
WB2401ST2021027704,2021-09-30
WB2401ST2021032461,2021-10-09
WB2401ST2023006443,2023-04-12
WB2401ST2023008011,2023-04-29
WB2401ST2021027481,2021-09-29
WB2401ST2021029223,2021-10-01
WB2401ST2021032490,2021-10-09
WB2401ST2021019907,2021-09-21
WB2401ST2023008828,2023-05-21
WB2401ST2022006813,2022-02-10
WB2401ST2021047095,2021-12-31
WB2401ST2023066949,2023-08-06
WB2401ST2023057425,2023-08-05
WB2401ST2021027486,2021-09-29
WB2401ST2021037379,2021-11-21
WB2401ST2021035015,2021-10-30
WB2401ST2022027022,2022-08-23
WB2401ST2021037378,2021-11-21
WB2401ST2022022138,2022-06-25
WB2401ST2021037364,2021-11-21
WB2401ST2021037365,2021-11-21
WB2401ST2022002631,2022-01-14
WB2401ST2021037366,2021-11-21
WB2401ST2021037361,2021-11-21
WB2401ST2021025941,2021-09-28
WB2401ST2022006422,2022-02-08
WB2401ST2021027531,2021-09-29
WB2401ST2021035896,2021-11-16
WB2401ST2022010482,2022-03-11
WB2401ST2021035867,2021-11-16
WB2401ST2022015605,2022-05-06
WB2401ST2022009538,2022-03-10
WB2401ST2022015968,2022-05-16
WB2401ST2022028214,2022-08-27
WB2401ST2022008228,2022-03-06
WB2401ST2022008238,2022-03-06
WB2401ST2022008239,2022-03-06
WB2401ST2022003610,2022-01-15
WB2401ST2022005925,2022-01-26
WB2401ST2022017950,2022-06-08
WB2401ST2022008207,2022-03-06
WB2401ST2022026228,2022-08-21
WB2401ST2022017869,2022-06-08
WB2401ST2022017951,2022-06-08
WB2401ST2022015969,2022-05-16
WB2401ST2022005726,2022-01-23
WB2401ST2022003518,2022-01-15
WB2401ST2022015598,2022-05-06
WB2401ST2022021795,2022-06-24
WB2401ST2022005787,2022-01-26
WB2401ST2022004929,2022-01-20
WB2401ST2022002213,2022-01-13
WB2401ST2021037389,2021-11-21
WB2401ST2022002200,2022-01-13
WB2401ST2021037340,2021-11-21
WB2401ST2022013885,2022-03-20
WB2401ST2021046515,2021-12-30
WB2401ST2022024665,2022-07-15
WB2401ST2021033383,2021-10-11
WB2401ST2022024664,2022-07-15
WB2401ST2022024671,2022-07-15
WB2401ST2021041067,2021-12-17
WB2401ST2021046520,2021-12-30
WB2401ST2021046052,2021-12-29
WB2401ST2022005798,2022-01-26
WB2401ST2021046022,2021-12-29
WB2401ST2022010645,2022-03-11
WB2401ST2022006128,2022-01-26
WB2401ST2022005369,2022-01-22
WB2401ST2022004834,2022-01-20
WB2401ST2021024083,2021-09-26
WB2401ST2022022179,2022-06-25
WB2401ST2021037312,2021-11-21
WB2401ST2021029202,2021-10-01
WB2401ST2021019434,2021-09-20
WB2401ST2021026860,2021-09-29
WB2401ST2021038159,2021-12-06
WB2401ST2021040818,2021-12-17
WB2401ST2021023698,2021-09-25
WB2401ST2021023691,2021-09-25
WB2401ST2021038114,2021-12-06
WB2401ST2021026862,2021-09-29
WB2401ST2021037374,2021-11-21
WB2401ST2023018096,2023-05-30
WB2401ST2021040865,2021-12-17
WB2401ST2021046424,2021-12-30
WB2401ST2024002176,2024-12-05
WB2401ST2022001355,2022-01-12
WB2401ST2021034016,2021-10-13
WB2401ST2021023573,2021-09-25
WB2401ST2021020695,2021-09-22
WB2401ST2021028807,2021-10-01
WB2401ST2021031481,2021-10-05
WB2401ST2022007173,2022-02-13
WB2401ST2021014600,2021-09-14
WB2401ST2021019438,2021-09-20
WB2401ST2022014290,2022-03-20
WB2401ST2023008657,2023-05-19
WB2401ST2023008842,2023-05-21
WB2401ST2022012872,2022-03-17
WB2401ST2021018996,2021-09-20
WB2401ST2023012500,2023-05-28
WB2401ST2022013886,2022-03-20
WB2401ST2022009577,2022-03-10
WB2401ST2022001423,2022-01-12
WB2401ST2022022275,2022-06-25
WB2401ST2022000121,2022-01-02
WB2401ST2021028733,2021-10-01
WB2401ST2022006535,2022-02-09
WB2401ST2023019275,2023-05-31
WB2401ST2022015241,2022-04-04
WB2401ST2021018366,2021-09-20
WB2401ST2021028980,2021-10-01
WB2401ST2021020769,2021-09-22
WB2401ST2021025492,2021-09-27
WB2401ST2021034017,2021-10-13
WB2401ST2022022174,2022-06-25
WB2401ST2022024673,2022-07-15
WB2401ST2022007467,2022-02-13
WB2401ST2022001325,2022-01-12
WB2401ST2021042034,2021-12-18
WB2401ST2022022414,2022-06-25
WB2401ST2022000389,2022-01-05
WB2401ST2021032425,2021-10-09
WB2401ST2021042894,2021-12-19
WB2401ST2021029265,2021-10-01
WB2401ST2021047083,2021-12-31
WB2401ST2021023232,2021-09-25
WB2401ST2022021521,2022-06-24
WB2401ST2021023369,2021-09-25
WB2401ST2023022583,2023-06-01
WB2401ST2022001673,2022-01-13
WB2401ST2022001879,2022-01-13
WB2401ST2021033191,2021-10-11
WB2401ST2022004847,2022-01-20
WB2401ST2021042239,2021-12-18
WB2401ST2021018807,2021-09-20
WB2401ST2023008841,2023-05-21
WB2401ST2022002078,2022-01-13
WB2401ST2022000894,2022-01-12
WB2401ST2023010377,2023-05-25
WB2401ST2021041534,2021-12-18
WB2401ST2022001514,2022-01-12
WB2401ST2022005992,2022-01-26
WB2401ST2021023682,2021-09-25
WB2401ST2021018292,2021-09-19
WB2401ST2021022457,2021-09-24
WB2401ST2021046414,2021-12-30
WB2401ST2021027899,2021-09-30
WB2401ST2021018921,2021-09-20
WB2401ST2021019166,2021-09-20
WB2401ST2022023247,2022-06-29
WB2401ST2021028892,2021-10-01
WB2401ST2021020735,2021-09-22
WB2401ST2021040819,2021-12-17
WB2401ST2022009563,2022-03-10
WB2401ST2022000770,2022-01-12
WB2401ST2021018373,2021-09-20
WB2401ST2022001566,2022-01-12
WB2401ST2021025811,2021-09-28
WB2401ST2022023248,2022-06-29
WB2401ST2022020949,2022-06-23
WB2401ST2022001975,2022-01-13
WB2401ST2021041431,2021-12-18
WB2401ST2021023697,2021-09-25
WB2401ST2021047067,2021-12-31
WB2401ST2021041022,2021-12-17
WB2401ST2021020712,2021-09-22
WB2401ST2021045231,2021-12-28
WB2401ST2021046894,2021-12-31
WB2401ST2021029180,2021-10-01
WB2401ST2021042809,2021-12-18
WB2401ST2021025275,2021-09-27
WB2401ST2021030953,2021-10-05
WB2401ST2021036821,2021-11-20
WB2401ST2023003069,2023-02-06
WB2401ST2021040115,2021-12-16
WB2401ST2022000078,2022-01-02
WB2401ST2021038455,2021-12-06
WB2401ST2021030398,2021-10-05
WB2401ST2022001018,2022-01-12
WB2401ST2021031012,2021-10-05
WB2401ST2021020828,2021-09-22
WB2401ST2021026025,2021-09-28
WB2401ST2021024227,2021-09-26
WB2401ST2022001895,2022-01-13
WB2401ST2022022458,2022-06-25
WB2401ST2021018860,2021-09-20
WB2401ST2023002364,2023-01-20
WB2401ST2022001163,2022-01-12
WB2401ST2023022582,2023-06-01
WB2401ST2022019679,2022-06-21
WB2401ST2021022564,2021-09-24
WB2401ST2021041020,2021-12-17
WB2401ST2022006531,2022-02-09
WB2401ST2021037780,2021-11-30
WB2401ST2021047042,2021-12-31
WB2401ST2023051655,2023-08-03
WB2401ST2021016280,2021-09-16
WB2401ST2021025083,2021-09-27
WB2401ST2022022385,2022-06-25
WB2401ST2021045639,2021-12-28
WB2401ST2021027166,2021-09-29
WB2401ST2023001605,2023-01-17
WB2401ST2023039460,2023-06-28
WB2401ST2021047091,2021-12-31
WB2401ST2021023133,2021-09-25
WB2401ST2021023153,2021-09-25
WB2401ST2022007252,2022-02-13
WB2401ST2021023645,2021-09-25
WB2401ST2022001550,2022-01-12
WB2401ST2022017531,2022-06-03
WB2401ST2022001376,2022-01-12
WB2401ST2021019103,2021-09-20
WB2401ST2021023568,2021-09-25
WB2401ST2021040837,2021-12-17
WB2401ST2022013889,2022-03-20
WB2401ST2021025994,2021-09-28
WB2401ST2022000247,2022-01-05
WB2401ST2021020728,2021-09-22
WB2401ST2021041685,2021-12-18
WB2401ST2023008844,2023-05-21
WB2401ST2021028014,2021-09-30
WB2401ST2021023745,2021-09-25
WB2401ST2021020692,2021-09-22
WB2401ST2021021547,2021-09-23
WB2401ST2021039162,2021-12-11
WB2401ST2021023370,2021-09-25
WB2401ST2021033405,2021-10-11
WB2401ST2022017573,2022-06-03
WB2401ST2021033423,2021-10-11
WB2401ST2021023049,2021-09-25
WB2401ST2022022292,2022-06-25
WB2401ST2022023341,2022-06-29
WB2401ST2022023916,2022-07-05
WB2401ST2023010376,2023-05-25
WB2401ST2022001137,2022-01-12
WB2401ST2021036879,2021-11-20
WB2401ST2021023709,2021-09-25
WB2401ST2022000345,2022-01-05
WB2401ST2021029243,2021-10-01
WB2401ST2021025126,2021-09-27
WB2401ST2021043906,2021-12-19
WB2401ST2021047152,2021-12-31
WB2401ST2022000564,2022-01-05
WB2401ST2021033095,2021-10-11
WB2401ST2021032968,2021-10-11
WB2401ST2021017968,2021-09-19
WB2401ST2021023919,2021-09-26
WB2401ST2022012874,2022-03-17
WB2401ST2022001231,2022-01-12
WB2401ST2021032260,2021-10-09
WB2401ST2022030381,2022-09-22
WB2401ST2022005066,2022-01-20
WB2401ST2021023791,2021-09-25
WB2401ST2021027521,2021-09-29
WB2401ST2021040126,2021-12-16
WB2401ST2021024074,2021-09-26
WB2401ST2021040867,2021-12-17
WB2401ST2022000743,2022-01-12
WB2401ST2021023702,2021-09-25
WB2401ST2021023385,2021-09-25
WB2401ST2022001545,2022-01-12
WB2401ST2021022620,2021-09-24
WB2401ST2021039144,2021-12-11
WB2401ST2022001564,2022-01-12
WB2401ST2022005879,2022-01-26
WB2401ST2021041506,2021-12-18
WB2401ST2021016702,2021-09-16
WB2401ST2021027573,2021-09-30
WB2401ST2021047018,2021-12-31
WB2401ST2021023313,2021-09-25
WB2401ST2021016324,2021-09-16
WB2401ST2021023932,2021-09-26
WB2401ST2023001297,2023-01-16
WB2401ST2022014417,2022-03-20
WB2401ST2021027682,2021-09-30
WB2401ST2023008847,2023-05-21
WB2401ST2022022133,2022-06-25
WB2401ST2021040179,2021-12-16
WB2401ST2021045644,2021-12-28
WB2401ST2022000227,2022-01-03
WB2401ST2023006772,2023-04-13
WB2401ST2021017730,2021-09-18
WB2401ST2022002104,2022-01-13
WB2401ST2022008007,2022-03-06
WB2401ST2023076722,2023-10-16
WB2401ST2021028723,2021-10-01
WB2401ST2022000886,2022-01-12
WB2401ST2023008848,2023-05-21
WB2401ST2021023660,2021-09-25
WB2401ST2021023808,2021-09-25
WB2401ST2022009555,2022-03-10
WB2401ST2021020717,2021-09-22
WB2401ST2021020782,2021-09-22
WB2401ST2021028855,2021-10-01
WB2401ST2022034748,2022-12-03
WB2401ST2023030897,2023-06-06
WB2401ST2022008148,2022-03-06
WB2401ST2023001721,2023-01-17
WB2401ST2022005146,2022-01-22
WB2401ST2023006835,2023-04-16
WB2401ST2021026334,2021-09-28
WB2401ST2021029499,2021-10-02
WB2401ST2021042919,2021-12-19
WB2401ST2021025641,2021-09-27
WB2401ST2021042039,2021-12-18
WB2401ST2023006040,2023-04-11
WB2401ST2022024661,2022-07-15
WB2401ST2021039398,2021-12-11
WB2401ST2021020452,2021-09-21
WB2401ST2021031163,2021-10-05
WB2401ST2021018291,2021-09-19
WB2401ST2021039145,2021-12-11
WB2401ST2022024594,2022-07-15
WB2401ST2022001434,2022-01-12
WB2401ST2023006997,2023-04-16
WB2401ST2022000296,2022-01-05
WB2401ST2021023028,2021-09-25
WB2401ST2021033047,2021-10-11
WB2401ST2022003635,2022-01-15
WB2401ST2023007223,2023-04-19
WB2401ST2021035810,2021-11-15
WB2401ST2022020984,2022-06-23
WB2401ST2021022664,2021-09-24
WB2401ST2021045144,2021-12-24
WB2401ST2022005144,2022-01-22
WB2401ST2021030019,2021-10-05
WB2401ST2021045317,2021-12-28
WB2401ST2022000373,2022-01-05
WB2401ST2021030657,2021-10-05
WB2401ST2022004752,2022-01-19
WB2401ST2021027319,2021-09-29
WB2401ST2021026795,2021-09-28
WB2401ST2023076723,2023-10-16
WB2401ST2021035766,2021-11-15
WB2401ST2021033008,2021-10-11
WB2401ST2021017736,2021-09-18
WB2401ST2022004262,2022-01-18
WB2401ST2021040142,2021-12-16
WB2401ST2021021693,2021-09-23
WB2401ST2021025256,2021-09-27
WB2401ST2021025470,2021-09-27
WB2401ST2021022675,2021-09-24
WB2401ST2021025611,2021-09-27
WB2401ST2021017967,2021-09-19
WB2401ST2023014079,2023-05-28
WB2401ST2021030597,2021-10-05
WB2401ST2021035413,2021-11-15
WB2401ST2021028464,2021-10-01
WB2401ST2021035058,2021-11-02
WB2401ST2023031395,2023-06-07
WB2401ST2021033304,2021-10-11
WB2401ST2021020926,2021-09-22
WB2401ST2022004273,2022-01-18
WB2401ST2021022668,2021-09-24
WB2401ST2021021333,2021-09-23
WB2401ST2022015510,2022-05-06
WB2401ST2021040793,2021-12-17
WB2401ST2021023625,2021-09-25
WB2401ST2021023380,2021-09-25
WB2401ST2021031112,2021-10-05
WB2401ST2022026331,2022-08-21
WB2401ST2021034752,2021-10-30
WB2401ST2023008839,2023-05-21
WB2401ST2021032483,2021-10-09
WB2401ST2022022266,2022-06-25
WB2401ST2023008845,2023-05-21
WB2401ST2021039920,2021-12-13
WB2401ST2022021882,2022-06-24
WB2401ST2021016331,2021-09-16
WB2401ST2021018192,2021-09-19
WB2401ST2023010375,2023-05-25
WB2401ST2021022149,2021-09-24
WB2401ST2022001232,2022-01-12
WB2401ST2022009413,2022-03-10
WB2401ST2021044737,2021-12-23
WB2401ST2022020533,2022-06-22
WB2401ST2021042261,2021-12-18
WB2401ST2022026902,2022-08-23
WB2401ST2021027377,2021-09-29
WB2401ST2021033005,2021-10-11
WB2401ST2022012709,2022-03-16
WB2401ST2021046433,2021-12-30
WB2401ST2021028790,2021-10-01
WB2401ST2022022376,2022-06-25
WB2401ST2021036542,2021-11-19
WB2401ST2021021244,2021-09-23
WB2401ST2021024385,2021-09-26
WB2401ST2021029318,2021-10-01
WB2401ST2022022265,2022-06-25
WB2401ST2023018840,2023-05-30
WB2401ST2021033026,2021-10-11
WB2401ST2021021634,2021-09-23
WB2401ST2021023026,2021-09-25
WB2401ST2021033391,2021-10-11
WB2401ST2021036906,2021-11-20
WB2401ST2022003415,2022-01-15
WB2401ST2022006316,2022-02-04
WB2401ST2023076339,2023-10-16
WB2401ST2022012966,2022-03-17
WB2401ST2021032078,2021-10-06
WB2401ST2022026327,2022-08-21
WB2401ST2022008546,2022-03-06
WB2401ST2022014293,2022-03-20
WB2401ST2021036132,2021-11-17
WB2401ST2022003033,2022-01-14
WB2401ST2023022910,2023-06-02
WB2401ST2022020983,2022-06-23
WB2401ST2021035723,2021-11-15
WB2401ST2022020956,2022-06-23
WB2401ST2021027681,2021-09-30
WB2401ST2022000365,2022-01-05
WB2401ST2021030406,2021-10-05
WB2401ST2021029618,2021-10-02
WB2401ST2021023868,2021-09-26
WB2401ST2021045401,2021-12-28
WB2401ST2021043222,2021-12-19
WB2401ST2022028209,2022-08-27
WB2401ST2022003615,2022-01-15
WB2401ST2021038625,2021-12-08
WB2401ST2021033318,2021-10-11
WB2401ST2022004191,2022-01-18
WB2401ST2021024743,2021-09-26
WB2401ST2021047128,2021-12-31
WB2401ST2021045177,2021-12-27
WB2401ST2021024212,2021-09-26
WB2401ST2023076919,2023-10-21
WB2401ST2023037312,2023-06-08
WB2401ST2021017741,2021-09-18
WB2401ST2021017774,2021-09-18
WB2401ST2021019095,2021-09-20
WB2401ST2022014294,2022-03-20
WB2401ST2021023582,2021-09-25
WB2401ST2023006395,2023-04-11
WB2401ST2021023643,2021-09-25
WB2401ST2021033048,2021-10-11
WB2401ST2022008211,2022-03-06
WB2401ST2021043864,2021-12-19
WB2401ST2021029230,2021-10-01
WB2401ST2021020713,2021-09-22
WB2401ST2021027733,2021-09-30
WB2401ST2023051831,2023-08-03
WB2401ST2021016107,2021-09-16
WB2401ST2022000400,2022-01-05
WB2401ST2022021583,2022-06-24
WB2401ST2022003727,2022-01-15
WB2401ST2022009844,2022-03-10
WB2401ST2021047164,2021-12-31
WB2401ST2022014930,2022-03-20
WB2401ST2021018303,2021-09-19
WB2401ST2021046923,2021-12-31
WB2401ST2021026886,2021-09-29
WB2401ST2022030383,2022-09-22
WB2401ST2021024934,2021-09-27
WB2401ST2021026056,2021-09-28
WB2401ST2021035391,2021-11-15
WB2401ST2021023930,2021-09-26
WB2401ST2022016357,2022-05-26
WB2401ST2022001312,2022-01-12
WB2401ST2021047161,2021-12-31
WB2401ST2022010323,2022-03-11
WB2401ST2022001400,2022-01-12
WB2401ST2022017867,2022-06-08
WB2401ST2021031204,2021-10-05
WB2401ST2021022624,2021-09-24
WB2401ST2021034334,2021-10-28
WB2401ST2021021625,2021-09-23
WB2401ST2021027697,2021-09-30
WB2401ST2021041367,2021-12-18
WB2401ST2021032402,2021-10-09
WB2401ST2021019345,2021-09-20
WB2401ST2021025895,2021-09-28
WB2401ST2022001717,2022-01-13
WB2401ST2021047059,2021-12-31
WB2401ST2021036612,2021-11-20
WB2401ST2021023762,2021-09-25
WB2401ST2022006810,2022-02-10
WB2401ST2022017779,2022-06-08
WB2401ST2021018074,2021-09-19
WB2401ST2021021252,2021-09-23
WB2401ST2021031376,2021-10-05
WB2401ST2021036117,2021-11-17
WB2401ST2021028853,2021-10-01
WB2401ST2022005880,2022-01-26
WB2401ST2021023598,2021-09-25
WB2401ST2022003662,2022-01-15
WB2401ST2021018658,2021-09-20
WB2401ST2022028372,2022-08-29
WB2401ST2021017714,2021-09-18
WB2401ST2021031479,2021-10-05
WB2401ST2021033180,2021-10-11
WB2401ST2023018937,2023-05-30
WB2401ST2023014733,2023-05-29
WB2401ST2021018176,2021-09-19
WB2401ST2021047261,2021-12-31
WB2401ST2022019454,2022-06-21
WB2401ST2021032314,2021-10-09
WB2401ST2023036961,2023-06-08
WB2401ST2023073966,2023-09-21
WB2401ST2021023419,2021-09-25
WB2401ST2021029154,2021-10-01
WB2401ST2021042267,2021-12-18
WB2401ST2022013654,2022-03-17
WB2401ST2021031126,2021-10-05
WB2401ST2021046210,2021-12-29
WB2401ST2022001397,2022-01-12
WB2401ST2022012945,2022-03-17
WB2401ST2021023208,2021-09-25
WB2401ST2021027709,2021-09-30
WB2401ST2021027883,2021-09-30
WB2401ST2023057122,2023-08-04
WB2401ST2021024751,2021-09-26
WB2401ST2021034470,2021-10-28
WB2401ST2021047127,2021-12-31
WB2401ST2022027094,2022-08-23
WB2401ST2021030613,2021-10-05
WB2401ST2022017791,2022-06-08
WB2401ST2021016696,2021-09-16
WB2401ST2021019938,2021-09-21
WB2401ST2022030115,2022-09-21
WB2401ST2023021930,2023-06-01
WB2401ST2021038176,2021-12-06
WB2401ST2021035648,2021-11-15
WB2401ST2021020698,2021-09-22
WB2401ST2021023797,2021-09-25
WB2401ST2021022222,2021-09-24
WB2401ST2022009127,2022-03-09
WB2401ST2022006809,2022-02-10
WB2401ST2022018330,2022-06-16
WB2401ST2021019425,2021-09-20
WB2401ST2021024093,2021-09-26
WB2401ST2021017750,2021-09-18
WB2401ST2022002081,2022-01-13
WB2401ST2021038467,2021-12-06
WB2401ST2021040198,2021-12-16
WB2401ST2021023719,2021-09-25
WB2401ST2021042909,2021-12-19
WB2401ST2021022608,2021-09-24
WB2401ST2023008840,2023-05-21
WB2401ST2021045409,2021-12-28
WB2401ST2021021261,2021-09-23
WB2401ST2021032270,2021-10-09
WB2401ST2022002318,2022-01-14
WB2401ST2023014218,2023-05-28
WB2401ST2021044411,2021-12-22
WB2401ST2021016575,2021-09-16
WB2401ST2021021054,2021-09-23
WB2401ST2022004892,2022-01-20
WB2401ST2022000911,2022-01-12
WB2401ST2022010361,2022-03-11
WB2401ST2022002577,2022-01-14
WB2401ST2021017769,2021-09-18
WB2401ST2021028828,2021-10-01
WB2401ST2022022375,2022-06-25
WB2401ST2023003575,2023-02-20
WB2401ST2022006703,2022-02-09
WB2401ST2022010771,2022-03-11
WB2401ST2021026007,2021-09-28
WB2401ST2022022135,2022-06-25
WB2401ST2022006619,2022-02-09
WB2401ST2022012748,2022-03-16
WB2401ST2021031248,2021-10-05
WB2401ST2022037604,2022-12-30
WB2401ST2021043600,2021-12-19
WB2401ST2022005139,2022-01-22
WB2401ST2022028245,2022-08-29
WB2401ST2021033177,2021-10-11
WB2401ST2021030407,2021-10-05
WB2401ST2025000620,2025-02-12
WB2401ST2021031834,2021-10-05
WB2401ST2021027893,2021-09-30
WB2401ST2022031187,2022-09-30
WB2401ST2022026030,2022-08-21
WB2401ST2021037620,2021-11-26
WB2401ST2022007374,2022-02-13
WB2401ST2021038711,2021-12-08
WB2401ST2021027872,2021-09-30
WB2401ST2021026119,2021-09-28
WB2401ST2021034457,2021-10-28
WB2401ST2021019427,2021-09-20
WB2401ST2022002082,2022-01-13
WB2401ST2021021033,2021-09-23
WB2401ST2021033163,2021-10-11
WB2401ST2022009624,2022-03-10
WB2401ST2021019016,2021-09-20
WB2401ST2021023870,2021-09-26
WB2401ST2022017530,2022-06-03
WB2401ST2021035893,2021-11-16
WB2401ST2022017356,2022-06-01
WB2401ST2022001933,2022-01-13
WB2401ST2022006566,2022-02-09
WB2401ST2022002579,2022-01-14
WB2401ST2022021824,2022-06-24
WB2401ST2021027323,2021-09-29
WB2401ST2021023580,2021-09-25
WB2401ST2022008385,2022-03-06
WB2401ST2023018860,2023-05-30
WB2401ST2022015633,2022-05-06
WB2401ST2021042958,2021-12-19
WB2401ST2022004833,2022-01-20
WB2401ST2023019452,2023-05-31
WB2401ST2021031053,2021-10-05
WB2401ST2022005376,2022-01-22
WB2401ST2023008854,2023-05-21
WB2401ST2022000729,2022-01-05
WB2401ST2022024360,2022-07-13
WB2401ST2022027084,2022-08-23
WB2401ST2023022581,2023-06-01
WB2401ST2021046180,2021-12-29
WB2401ST2022010308,2022-03-11
WB2401ST2021046188,2021-12-29
WB2401ST2023010373,2023-05-25
WB2401ST2021017717,2021-09-18
WB2401ST2023067418,2023-08-06
WB2401ST2021042037,2021-12-18
WB2401ST2021023589,2021-09-25
WB2401ST2021027365,2021-09-29
WB2401ST2022022086,2022-06-25
WB2401ST2021017728,2021-09-18
WB2401ST2021023354,2021-09-25
WB2401ST2021039161,2021-12-11
WB2401ST2021035880,2021-11-16
WB2401ST2021023672,2021-09-25
WB2401ST2021025476,2021-09-27
WB2401ST2021029970,2021-10-04
WB2401ST2022017059,2022-06-01
WB2401ST2022000949,2022-01-12
WB2401ST2021047070,2021-12-31
WB2401ST2021042259,2021-12-18
WB2401ST2021032721,2021-10-09
WB2401ST2022003746,2022-01-15
WB2401ST2021033183,2021-10-11
WB2401ST2021027533,2021-09-29
WB2401ST2022013537,2022-03-17
WB2401ST2022000926,2022-01-12
WB2401ST2021018178,2021-09-19
WB2401ST2021047207,2021-12-31
WB2401ST2022006031,2022-01-26
WB2401ST2022008971,2022-03-08
WB2401ST2021041117,2021-12-17
WB2401ST2023060864,2023-08-05
WB2401ST2021032766,2021-10-09
WB2401ST2021026856,2021-09-29
WB2401ST2021027106,2021-09-29
WB2401ST2021018945,2021-09-20
WB2401ST2022013891,2022-03-20
WB2401ST2023008547,2023-05-17
WB2401ST2023022543,2023-06-01
WB2401ST2023001651,2023-01-17
WB2401ST2021031047,2021-10-05
WB2401ST2021020766,2021-09-22
WB2401ST2022017514,2022-06-03
WB2401ST2023019819,2023-05-31
WB2401ST2021029743,2021-10-02
WB2401ST2021030130,2021-10-05
WB2401ST2022009422,2022-03-10
WB2401ST2022000910,2022-01-12
WB2401ST2021034740,2021-10-30
WB2401ST2022000679,2022-01-05
WB2401ST2021027995,2021-09-30
WB2401ST2021042257,2021-12-18
WB2401ST2023073655,2023-09-19
WB2401ST2021045527,2021-12-28
WB2401ST2021020028,2021-09-21
WB2401ST2021028708,2021-10-01
WB2401ST2023004398,2023-03-31
WB2401ST2022016032,2022-05-17
WB2401ST2022010300,2022-03-11
WB2401ST2022005203,2022-01-22
WB2401ST2022006790,2022-02-10
WB2401ST2021047159,2021-12-31
WB2401ST2021042951,2021-12-19
WB2401ST2022019217,2022-06-20
WB2401ST2022001546,2022-01-12
WB2401ST2021018055,2021-09-19
WB2401ST2021027684,2021-09-30
WB2401ST2021035661,2021-11-15
WB2401ST2021017733,2021-09-18
WB2401ST2021018878,2021-09-20
WB2401ST2025002883,2025-10-28
WB2401ST2023030055,2023-06-06
WB2401ST2023012607,2023-05-28
WB2401ST2021018174,2021-09-19
WB2401ST2022001923,2022-01-13
WB2401ST2022008845,2022-03-07
WB2401ST2021047154,2021-12-31
WB2401ST2022006387,2022-02-04
WB2401ST2021023353,2021-09-25
WB2401ST2021047138,2021-12-31
WB2401ST2021031089,2021-10-05
WB2401ST2021017965,2021-09-19
WB2401ST2021031836,2021-10-05
WB2401ST2023007848,2023-04-27
WB2401ST2022021774,2022-06-24
WB2401ST2021031044,2021-10-05
WB2401ST2021035670,2021-11-15
WB2401ST2021024124,2021-09-26
WB2401ST2021020810,2021-09-22
WB2401ST2022031211,2022-09-30
WB2401ST2022006863,2022-02-10
WB2401ST2023001246,2023-01-16
WB2401ST2021039115,2021-12-11
WB2401ST2021021590,2021-09-23
WB2401ST2021026905,2021-09-29
WB2401ST2021039840,2021-12-13
WB2401ST2022003664,2022-01-15
WB2401ST2022010309,2022-03-11
WB2401ST2021040251,2021-12-16
WB2401ST2023017852,2023-05-30
WB2401ST2022000758,2022-01-12
WB2401ST2021025797,2021-09-28
WB2401ST2021026059,2021-09-28
WB2401ST2023073027,2023-08-31
WB2401ST2021039855,2021-12-13
WB2401ST2021030833,2021-10-05
WB2401ST2021023325,2021-09-25
WB2401ST2023015741,2023-05-29
WB2401ST2022021861,2022-06-24
WB2401ST2022006662,2022-02-09
WB2401ST2023021858,2023-06-01
WB2401ST2022000984,2022-01-12
WB2401ST2022000895,2022-01-12
WB2401ST2021021260,2021-09-23
WB2401ST2021023007,2021-09-25
WB2401ST2021029037,2021-10-01
WB2401ST2021031100,2021-10-05
WB2401ST2022019220,2022-06-20
WB2401ST2022021857,2022-06-24
WB2401ST2021042134,2021-12-18
WB2401ST2021039116,2021-12-11
WB2401ST2022005215,2022-01-22
WB2401ST2022009406,2022-03-10
WB2401ST2021031827,2021-10-05
WB2401ST2022003905,2022-01-18
WB2401ST2022006102,2022-01-26
WB2401ST2023051825,2023-08-03
WB2401ST2021037003,2021-11-20
WB2401ST2021022227,2021-09-24
WB2401ST2021023681,2021-09-25
WB2401ST2023014520,2023-05-28
WB2401ST2021023069,2021-09-25
WB2401ST2022003169,2022-01-14
WB2401ST2022000715,2022-01-05
WB2401ST2023001245,2023-01-16
WB2401ST2021031205,2021-10-05
WB2401ST2023067413,2023-08-06
WB2401ST2021031546,2021-10-05
WB2401ST2021023290,2021-09-25
WB2401ST2023075631,2023-10-04
WB2401ST2022022563,2022-06-25
WB2401ST2023005927,2023-04-11
WB2401ST2021044446,2021-12-22
WB2401ST2022003035,2022-01-14
WB2401ST2021040781,2021-12-17
WB2401ST2023039438,2023-06-28
WB2401ST2022021881,2022-06-24
WB2401ST2021023798,2021-09-25
WB2401ST2021021831,2021-09-23
WB2401ST2023030148,2023-06-06
WB2401ST2022003663,2022-01-15
WB2401ST2021022567,2021-09-24
WB2401ST2021026359,2021-09-28
WB2401ST2021028824,2021-10-01
WB2401ST2021021832,2021-09-23
WB2401ST2021027707,2021-09-30
WB2401ST2021027874,2021-09-30
WB2401ST2021041691,2021-12-18
WB2401ST2021023760,2021-09-25
WB2401ST2023039439,2023-06-28
WB2401ST2021047060,2021-12-31
WB2401ST2023007606,2023-04-27
WB2401ST2023011385,2023-05-27
WB2401ST2023008836,2023-05-21
WB2401ST2024000151,2024-01-09
WB2401ST2021031340,2021-10-05
WB2401ST2022000902,2022-01-12
WB2401ST2021030830,2021-10-05
WB2401ST2021031528,2021-10-05
WB2401ST2023010378,2023-05-25
WB2401ST2021040348,2021-12-16
WB2401ST2021028475,2021-10-01
WB2401ST2021027547,2021-09-29
WB2401ST2021022462,2021-09-24
WB2401ST2021044399,2021-12-22
WB2401ST2022022277,2022-06-25
WB2401ST2021024760,2021-09-26
WB2401ST2021021111,2021-09-23
WB2401ST2022027770,2022-08-25
WB2401ST2021023202,2021-09-25
WB2401ST2021022228,2021-09-24
WB2401ST2022010327,2022-03-11
WB2401ST2022005197,2022-01-22
WB2401ST2022005404,2022-01-22
WB2401ST2021042936,2021-12-19
WB2401ST2022002072,2022-01-13
WB2401ST2024002068,2024-11-29
WB2401ST2022028638,2022-08-30
WB2401ST2021026362,2021-09-28
WB2401ST2021023792,2021-09-25
WB2401ST2021020790,2021-09-22
WB2401ST2021036752,2021-11-20
WB2401ST2022022386,2022-06-25
WB2401ST2021019708,2021-09-21
WB2401ST2021023923,2021-09-26
WB2401ST2021029166,2021-10-01
WB2401ST2022005134,2022-01-22
WB2401ST2022005191,2022-01-22
WB2401ST2022020289,2022-06-22
WB2401ST2021047273,2021-12-31
WB2401ST2021025905,2021-09-28
WB2401ST2021017748,2021-09-18
WB2401ST2022000008,2022-01-02
WB2401ST2021022189,2021-09-24
WB2401ST2023008106,2023-05-03
WB2401ST2021020830,2021-09-22
WB2401ST2021025784,2021-09-28
WB2401ST2023014559,2023-05-28
WB2401ST2022002040,2022-01-13
WB2401ST2022002070,2022-01-13
WB2401ST2023010683,2023-05-26
WB2401ST2021047267,2021-12-31
WB2401ST2021029008,2021-10-01
WB2401ST2021020393,2021-09-21
WB2401ST2022005157,2022-01-22
WB2401ST2022006116,2022-01-26
WB2401ST2023011681,2023-05-27
WB2401ST2021024156,2021-09-26
WB2401ST2021039397,2021-12-11
WB2401ST2022015295,2022-04-12
WB2401ST2021046489,2021-12-30
WB2401ST2021027683,2021-09-30
WB2401ST2021043210,2021-12-19
WB2401ST2021037746,2021-11-30
WB2401ST2021029054,2021-10-01
WB2401ST2023008837,2023-05-21
WB2401ST2022002069,2022-01-13
WB2401ST2021032424,2021-10-09
WB2401ST2021047158,2021-12-31
WB2401ST2021040780,2021-12-17
WB2401ST2021031101,2021-10-05
WB2401ST2022004978,2022-01-20
WB2401ST2021039375,2021-12-11
WB2401ST2022022379,2022-06-25
WB2401ST2022001750,2022-01-13
WB2401ST2021028887,2021-10-01
WB2401ST2022015526,2022-05-06
WB2401ST2021037375,2021-11-21
WB2401ST2022019238,2022-06-20
WB2401ST2021022630,2021-09-24
WB2401ST2022020391,2022-06-22
WB2401ST2022021872,2022-06-24
WB2401ST2021042891,2021-12-19
WB2401ST2022000565,2022-01-05
WB2401ST2022002392,2022-01-14
WB2401ST2022001429,2022-01-12
WB2401ST2021022648,2021-09-24
WB2401ST2021047241,2021-12-31
WB2401ST2021026259,2021-09-28
WB2401ST2022005828,2022-01-26
WB2401ST2021018253,2021-09-19
WB2401ST2022023884,2022-07-05
WB2401ST2021025950,2021-09-28
WB2401ST2022000694,2022-01-05
WB2401ST2021042944,2021-12-19
WB2401ST2021024748,2021-09-26
WB2401ST2021024195,2021-09-26
WB2401ST2021032408,2021-10-09
WB2401ST2022016299,2022-05-25
WB2401ST2023010379,2023-05-25
WB2401ST2021024924,2021-09-27
WB2401ST2021024327,2021-09-26
WB2401ST2023026170,2023-06-03
WB2401ST2021018263,2021-09-19
WB2401ST2021040578,2021-12-17
WB2401ST2021023085,2021-09-25
WB2401ST2021033711,2021-10-12
WB2401ST2022012949,2022-03-17
WB2401ST2022015974,2022-05-16
WB2401ST2021047244,2021-12-31
WB2401ST2022021775,2022-06-24
WB2401ST2021023132,2021-09-25
WB2401ST2022012919,2022-03-17
WB2401ST2022005415,2022-01-22
WB2401ST2022009583,2022-03-10
WB2401ST2021023392,2021-09-25
WB2401ST2021046243,2021-12-29
WB2401ST2022014296,2022-03-20
WB2401ST2021023939,2021-09-26
WB2401ST2022005169,2022-01-22
WB2401ST2022016404,2022-05-26
WB2401ST2022007723,2022-02-13
WB2401ST2022013431,2022-03-17
WB2401ST2022005460,2022-01-22
WB2401ST2022022402,2022-06-25
WB2401ST2021046462,2021-12-30
WB2401ST2021037595,2021-11-26
WB2401ST2021026281,2021-09-28
WB2401ST2021026806,2021-09-29
WB2401ST2021023828,2021-09-26
WB2401ST2021040145,2021-12-16
WB2401ST2022002077,2022-01-13
WB2401ST2022004857,2022-01-20
WB2401ST2021044802,2021-12-23
WB2401ST2022008844,2022-03-07
WB2401ST2022027459,2022-08-24
WB2401ST2021028706,2021-10-01
WB2401ST2021026276,2021-09-28
WB2401ST2021026648,2021-09-28
WB2401ST2022022112,2022-06-25
WB2401ST2021025091,2021-09-27
WB2401ST2021027745,2021-09-30
WB2401ST2021021013,2021-09-22
WB2401ST2022022280,2022-06-25
WB2401ST2021032376,2021-10-09
WB2401ST2021027519,2021-09-29
WB2401ST2021045636,2021-12-28
WB2401ST2022010324,2022-03-11
WB2401ST2021023746,2021-09-25
WB2401ST2021046606,2021-12-31
WB2401ST2021018361,2021-09-20
WB2401ST2022001305,2022-01-12
WB2401ST2022013728,2022-03-17
WB2401ST2021026023,2021-09-28
WB2401ST2022005119,2022-01-22
WB2401ST2021023081,2021-09-25
WB2401ST2023012080,2023-05-28
WB2401ST2023040853,2023-07-23
WB2401ST2021023664,2021-09-25
WB2401ST2021038484,2021-12-06
WB2401ST2021026656,2021-09-28
WB2401ST2021037424,2021-11-21
WB2401ST2021047071,2021-12-31
WB2401ST2022016457,2022-05-26
WB2401ST2021032710,2021-10-09
WB2401ST2021029015,2021-10-01
WB2401ST2023059104,2023-08-05
WB2401ST2022000714,2022-01-05
WB2401ST2021023940,2021-09-26
WB2401ST2022007094,2022-02-13
WB2401ST2022012435,2022-03-15
WB2401ST2021034772,2021-10-30
WB2401ST2024001016,2024-07-24
WB2401ST2021026477,2021-09-28
WB2401ST2021023629,2021-09-25
WB2401ST2021027594,2021-09-30
WB2401ST2023003360,2023-02-15
WB2401ST2022003532,2022-01-15
WB2401ST2021020767,2021-09-22
WB2401ST2023063964,2023-08-06
WB2401ST2021041466,2021-12-18
WB2401ST2021045727,2021-12-29
WB2401ST2022024438,2022-07-15
WB2401ST2023011283,2023-05-27
WB2401ST2021026718,2021-09-28
WB2401ST2022027492,2022-08-24
WB2401ST2022001490,2022-01-12
WB2401ST2022033926,2022-11-25
WB2401ST2022013893,2022-03-20
WB2401ST2021025008,2021-09-27
WB2401ST2021024309,2021-09-26
WB2401ST2021040569,2021-12-17
WB2401ST2023003850,2023-03-03
WB2401ST2021023627,2021-09-25
WB2401ST2021035161,2021-11-02
WB2401ST2021035084,2021-11-02
WB2401ST2021020772,2021-09-22
WB2401ST2023008850,2023-05-21
WB2401ST2022010438,2022-03-11
WB2401ST2021028827,2021-10-01
WB2401ST2022022558,2022-06-25
WB2401ST2021031508,2021-10-05
WB2401ST2021042926,2021-12-19
WB2401ST2023012306,2023-05-28
WB2401ST2024000158,2024-01-09
WB2401ST2022005364,2022-01-22
WB2401ST2022001414,2022-01-12
WB2401ST2021025017,2021-09-27
WB2401ST2021030207,2021-10-05
WB2401ST2021027539,2021-09-29
WB2401ST2022007998,2022-03-06
WB2401ST2022000948,2022-01-12
WB2401ST2021036502,2021-11-19
WB2401ST2021020723,2021-09-22
WB2401ST2022001153,2022-01-12
WB2401ST2023010625,2023-05-26
WB2401ST2022018887,2022-06-20
WB2401ST2023064930,2023-08-06
WB2401ST2022022596,2022-06-25
WB2401ST2021045241,2021-12-28
WB2401ST2021037512,2021-11-26
WB2401ST2021027619,2021-09-30
WB2401ST2021030508,2021-10-05
WB2401ST2021029863,2021-10-02
WB2401ST2022006724,2022-02-09
WB2401ST2021023850,2021-09-26
WB2401ST2022003551,2022-01-15
WB2401ST2022016896,2022-06-01
WB2401ST2022000579,2022-01-05
WB2401ST2021022293,2021-09-24
WB2401ST2021026000,2021-09-28
WB2401ST2021020738,2021-09-22
WB2401ST2021023257,2021-09-25
WB2401ST2022001151,2022-01-12
WB2401ST2021027618,2021-09-30
WB2401ST2023010374,2023-05-25
WB2401ST2021031521,2021-10-05
WB2401ST2023047770,2023-08-03
WB2401ST2021045330,2021-12-28
WB2401ST2021024935,2021-09-27
WB2401ST2023073654,2023-09-19
WB2401ST2022004172,2022-01-18
WB2401ST2021047078,2021-12-31
WB2401ST2022017713,2022-06-08
WB2401ST2021019698,2021-09-21
WB2401ST2021031740,2021-10-05
WB2401ST2022010277,2022-03-11
WB2401ST2021029057,2021-10-01
WB2401ST2021037954,2021-12-05
WB2401ST2021037373,2021-11-21
WB2401ST2021033296,2021-10-11
WB2401ST2022002092,2022-01-13
WB2401ST2021026900,2021-09-29
WB2401ST2021037388,2021-11-21
WB2401ST2021046466,2021-12-30
WB2401ST2021046533,2021-12-30
WB2401ST2021041845,2021-12-18
WB2401ST2022009770,2022-03-10
WB2401ST2023010382,2023-05-25
WB2401ST2022004820,2022-01-20
WB2401ST2021032439,2021-10-09
WB2401ST2023057657,2023-08-05
WB2401ST2021042893,2021-12-19
WB2401ST2021026598,2021-09-28
WB2401ST2021020440,2021-09-21
WB2401ST2022023098,2022-06-28
WB2401ST2021041648,2021-12-18
WB2401ST2021027701,2021-09-30
WB2401ST2021024382,2021-09-26
WB2401ST2023043521,2023-07-27
WB2401ST2022008686,2022-03-07
WB2401ST2021028918,2021-10-01
WB2401ST2021032770,2021-10-09
WB2401ST2021036827,2021-11-20
WB2401ST2021037044,2021-11-20
WB2401ST2022006907,2022-02-10
WB2401ST2022013639,2022-03-17
WB2401ST2021037069,2021-11-20
WB2401ST2022029808,2022-09-20
WB2401ST2022018286,2022-06-16
WB2401ST2022006670,2022-02-09
WB2401ST2022019235,2022-06-20
WB2401ST2022007645,2022-02-13
WB2401ST2022002094,2022-01-13
WB2401ST2021027637,2021-09-30
WB2401ST2022007746,2022-02-13
WB2401ST2022027020,2022-08-23
WB2401ST2022024601,2022-07-15
WB2401ST2021039325,2021-12-11
WB2401ST2023008843,2023-05-21
WB2401ST2022010181,2022-03-11
WB2401ST2021042901,2021-12-19
WB2401ST2022021346,2022-06-23
WB2401ST2022021351,2022-06-23
WB2401ST2021033110,2021-10-11
WB2401ST2022001309,2022-01-12
WB2401ST2021040318,2021-12-16
WB2401ST2021014381,2021-09-14
WB2401ST2023010381,2023-05-25
WB2401ST2021021047,2021-09-23
WB2401ST2021020699,2021-09-22
WB2401ST2021018951,2021-09-20
WB2401ST2021018118,2021-09-19
WB2401ST2021023384,2021-09-25
WB2401ST2021029855,2021-10-02
WB2401ST2022031644,2022-10-28
WB2401ST2022014299,2022-03-20
WB2401ST2022009771,2022-03-10
WB2401ST2022023108,2022-06-28
WB2401ST2022006255,2022-02-04
WB2401ST2022004819,2022-01-20
WB2401ST2022005223,2022-01-22
WB2401ST2021026277,2021-09-28
WB2401ST2021040948,2021-12-17
WB2401ST2021044595,2021-12-22
WB2401ST2021021730,2021-09-23
WB2401ST2021023796,2021-09-25
WB2401ST2022005594,2022-01-22
WB2401ST2022002076,2022-01-13
WB2401ST2022001402,2022-01-12
WB2401ST2022005050,2022-01-20
WB2401ST2021025425,2021-09-27
WB2401ST2021042932,2021-12-19
WB2401ST2021045229,2021-12-28
WB2401ST2021018911,2021-09-20
WB2401ST2021033822,2021-10-13
WB2401ST2021034347,2021-10-28
WB2401ST2021032491,2021-10-09
WB2401ST2021023631,2021-09-25
WB2401ST2021030623,2021-10-05
WB2401ST2021023688,2021-09-25
WB2401ST2023027667,2023-06-04
WB2401ST2022020107,2022-06-22
WB2401ST2021033704,2021-10-12
WB2401ST2022001365,2022-01-12
WB2401ST2022009509,2022-03-10
WB2401ST2022004827,2022-01-20
WB2401ST2021023879,2021-09-26
WB2401ST2021017751,2021-09-18
WB2401ST2021037023,2021-11-20
WB2401ST2021028863,2021-10-01
WB2401ST2023002370,2023-01-20
WB2401ST2021021129,2021-09-23
WB2401ST2022008579,2022-03-06
WB2401ST2021027168,2021-09-29
WB2401ST2022026323,2022-08-21
WB2401ST2022000924,2022-01-12
WB2401ST2022006961,2022-02-10
WB2401ST2021033574,2021-10-11
WB2401ST2021035453,2021-11-15
WB2401ST2023008838,2023-05-21
WB2401ST2022004110,2022-01-18
WB2401ST2021018490,2021-09-20
WB2401ST2022014300,2022-03-20
WB2401ST2021020730,2021-09-22
WB2401ST2021023696,2021-09-25
WB2401ST2021044848,2021-12-24
WB2401ST2022023096,2022-06-28
WB2401ST2023031340,2023-06-07
WB2401ST2021018010,2021-09-19
WB2401ST2022027185,2022-08-24
WB2401ST2021019809,2021-09-21
WB2401ST2021024373,2021-09-26
WB2401ST2021026279,2021-09-28
WB2401ST2021032327,2021-10-09
WB2401ST2022028656,2022-08-30
WB2401ST2022009079,2022-03-09
WB2401ST2021021115,2021-09-23
WB2401ST2022018625,2022-06-17
WB2401ST2021024374,2021-09-26
WB2401ST2023031981,2023-06-07
WB2401ST2021033103,2021-10-11
WB2401ST2021045664,2021-12-28
WB2401ST2021042899,2021-12-19
WB2401ST2022017730,2022-06-08
WB2401ST2022004533,2022-01-19
WB2401ST2021036474,2021-11-19
WB2401ST2021023090,2021-09-25
WB2401ST2021029018,2021-10-01
WB2401ST2023052046,2023-08-03
WB2401ST2021036243,2021-11-19
WB2401ST2021025007,2021-09-27
WB2401ST2022021218,2022-06-23
WB2401ST2022019174,2022-06-20
WB2401ST2021026896,2021-09-29
WB2401ST2022001439,2022-01-12
WB2401ST2021026108,2021-09-28
WB2401ST2022008505,2022-03-06
WB2401ST2022027187,2022-08-24
WB2401ST2021023628,2021-09-25
WB2401ST2022027577,2022-08-25
WB2401ST2022002093,2022-01-13
WB2401ST2021023644,2021-09-25
WB2401ST2021046441,2021-12-30
WB2401ST2021037598,2021-11-26
WB2401ST2021041710,2021-12-18
WB2401ST2021023933,2021-09-26
WB2401ST2021029155,2021-10-01
WB2401ST2022005079,2022-01-20
WB2401ST2021023867,2021-09-26
WB2401ST2022013021,2022-03-17
WB2401ST2021044841,2021-12-24
WB2401ST2021040337,2021-12-16
WB2401ST2022006062,2022-01-26
WB2401ST2021029851,2021-10-02
WB2401ST2021047142,2021-12-31
WB2401ST2021019919,2021-09-21
WB2401ST2022027872,2022-08-27
WB2401ST2021024094,2021-09-26
WB2401ST2021029300,2021-10-01
WB2401ST2022013616,2022-03-17
WB2401ST2022016886,2022-06-01
WB2401ST2021037280,2021-11-21
WB2401ST2021040189,2021-12-16
WB2401ST2021019006,2021-09-20
WB2401ST2021023414,2021-09-25
WB2401ST2022009606,2022-03-10
WB2401ST2021032061,2021-10-06
WB2401ST2021024283,2021-09-26
WB2401ST2021022328,2021-09-24
WB2401ST2021033004,2021-10-11
WB2401ST2021026723,2021-09-28
WB2401ST2021019835,2021-09-21
WB2401ST2021033184,2021-10-11
WB2401ST2021041479,2021-12-18
WB2401ST2022017056,2022-06-01
WB2401ST2021029249,2021-10-01
WB2401ST2021018391,2021-09-20
WB2401ST2022022287,2022-06-25
WB2401ST2022014931,2022-03-20
WB2401ST2021028629,2021-10-01
WB2401ST2021022458,2021-09-24
WB2401ST2022003543,2022-01-15
WB2401ST2022008639,2022-03-06
WB2401ST2021019701,2021-09-21
WB2401ST2022004684,2022-01-19
WB2401ST2021025273,2021-09-27
WB2401ST2021030161,2021-10-05
WB2401ST2021024312,2021-09-26
WB2401ST2022002088,2022-01-13
WB2401ST2021022380,2021-09-24
WB2401ST2021023871,2021-09-26
WB2401ST2021027520,2021-09-29
WB2401ST2022016388,2022-05-26
WB2401ST2021019001,2021-09-20
WB2401ST2023045540,2023-07-31
WB2401ST2021028623,2021-10-01
WB2401ST2021038091,2021-12-06
WB2401ST2021027436,2021-09-29
WB2401ST2021014382,2021-09-14
WB2401ST2022008227,2022-03-06
WB2401ST2022009817,2022-03-10
WB2401ST2022003356,2022-01-14
WB2401ST2023042239,2023-07-25
WB2401ST2021035163,2021-11-02
WB2401ST2021044169,2021-12-19
WB2401ST2021025986,2021-09-28
WB2401ST2023042236,2023-07-25
WB2401ST2021029260,2021-10-01
WB2401ST2021018413,2021-09-20
WB2401ST2022010412,2022-03-11
WB2401ST2021018970,2021-09-20
WB2401ST2021037043,2021-11-20
WB2401ST2021029004,2021-10-01
WB2401ST2022004647,2022-01-19
WB2401ST2021038421,2021-12-06
WB2401ST2021033563,2021-10-11
WB2401ST2021023711,2021-09-25
WB2401ST2021023366,2021-09-25
WB2401ST2021018989,2021-09-20
WB2401ST2021046482,2021-12-30
WB2401ST2021032301,2021-10-09
WB2401ST2022031645,2022-10-28
WB2401ST2021029261,2021-10-01
WB2401ST2023067421,2023-08-06
WB2401ST2021027702,2021-09-30
WB2401ST2022003658,2022-01-15
WB2401ST2021018255,2021-09-19
WB2401ST2021014376,2021-09-14
WB2401ST2023043556,2023-07-27
WB2401ST2021028681,2021-10-01
WB2401ST2021031113,2021-10-05
WB2401ST2021042701,2021-12-18
WB2401ST2021029451,2021-10-01
WB2401ST2023031999,2023-06-07
WB2401ST2021032775,2021-10-09
WB2401ST2022017964,2022-06-08
WB2401ST2022027188,2022-08-24
WB2401ST2023011791,2023-05-28
WB2401ST2021023704,2021-09-25
WB2401ST2021023361,2021-09-25
WB2401ST2021023869,2021-09-26
WB2401ST2021033205,2021-10-11
WB2401ST2022013792,2022-03-17
WB2401ST2021032299,2021-10-09
WB2401ST2021019020,2021-09-20
WB2401ST2021024205,2021-09-26
WB2401ST2021027505,2021-09-29
WB2401ST2023010383,2023-05-25
WB2401ST2021025424,2021-09-27
WB2401ST2021047075,2021-12-31
WB2401ST2021040066,2021-12-16
WB2401ST2022000893,2022-01-12
WB2401ST2023011670,2023-05-27
WB2401ST2021027757,2021-09-30
WB2401ST2022022165,2022-06-25
WB2401ST2021032496,2021-10-09
WB2401ST2022004579,2022-01-19
WB2401ST2022014303,2022-03-20
WB2401ST2023001581,2023-01-17
WB2401ST2022004798,2022-01-20
WB2401ST2021024231,2021-09-26
WB2401ST2022013717,2022-03-17
WB2401ST2021024278,2021-09-26
WB2401ST2021021156,2021-09-23
WB2401ST2023004579,2023-03-31
WB2401ST2022002420,2022-01-14
WB2401ST2021028613,2021-10-01
WB2401ST2022002001,2022-01-13
WB2401ST2021023876,2021-09-26
WB2401ST2021023322,2021-09-25
WB2401ST2021026278,2021-09-28
WB2401ST2021014377,2021-09-14
WB2401ST2021019179,2021-09-20
WB2401ST2022019321,2022-06-20
WB2401ST2021046899,2021-12-31
WB2401ST2023008849,2023-05-21
WB2401ST2022012410,2022-03-15
WB2401ST2022022560,2022-06-25
WB2401ST2023070533,2023-08-07
WB2401ST2021030401,2021-10-05
WB2401ST2022034613,2022-12-01
WB2401ST2023042241,2023-07-25
WB2401ST2023065067,2023-08-06
WB2401ST2021040803,2021-12-17
WB2401ST2021027712,2021-09-30
WB2401ST2021018180,2021-09-19
WB2401ST2022015567,2022-05-06
WB2401ST2022002075,2022-01-13
WB2401ST2022019453,2022-06-21
WB2401ST2022010551,2022-03-11
WB2401ST2022004030,2022-01-18
WB2401ST2022001235,2022-01-12
WB2401ST2022012763,2022-03-16
WB2401ST2021026280,2021-09-28
WB2401ST2021039369,2021-12-11
WB2401ST2023070463,2023-08-07
WB2401ST2021027197,2021-09-29
WB2401ST2021025922,2021-09-28
WB2401ST2021021900,2021-09-24
WB2401ST2022009605,2022-03-10
WB2401ST2023076700,2023-10-16
WB2401ST2022014304,2022-03-20
WB2401ST2021042038,2021-12-18
WB2401ST2021018246,2021-09-19
WB2401ST2022018994,2022-06-20
WB2401ST2021024248,2021-09-26
WB2401ST2021039139,2021-12-11
WB2401ST2021027455,2021-09-29
WB2401ST2021014380,2021-09-14
WB2401ST2021040426,2021-12-17
WB2401ST2021040125,2021-12-16
WB2401ST2022012902,2022-03-17
WB2401ST2021033591,2021-10-11
WB2401ST2021040465,2021-12-17
WB2401ST2022007742,2022-02-13
WB2401ST2021027689,2021-09-30
WB2401ST2021029749,2021-10-02
WB2401ST2023031997,2023-06-07
WB2401ST2021023346,2021-09-25
WB2401ST2022026403,2022-08-21
WB2401ST2022005388,2022-01-22
WB2401ST2022013790,2022-03-17
WB2401ST2021030138,2021-10-05
WB2401ST2022012655,2022-03-16
WB2401ST2021030463,2021-10-05
WB2401ST2021041671,2021-12-18
WB2401ST2022008172,2022-03-06
WB2401ST2022000899,2022-01-12
WB2401ST2021024280,2021-09-26
WB2401ST2023017840,2023-05-30
WB2401ST2022000778,2022-01-12
WB2401ST2021039922,2021-12-13
WB2401ST2021041656,2021-12-18
WB2401ST2021018137,2021-09-19
WB2401ST2021035890,2021-11-16
WB2401ST2021047272,2021-12-31
WB2401ST2021014379,2021-09-14
WB2401ST2021044845,2021-12-24
WB2401ST2021019092,2021-09-20
WB2401ST2021019916,2021-09-21
WB2401ST2022014845,2022-03-20
WB2401ST2021034768,2021-10-30
WB2401ST2021043752,2021-12-19
WB2401ST2021031737,2021-10-05
WB2401ST2021042949,2021-12-19
WB2401ST2022004251,2022-01-18
WB2401ST2022009579,2022-03-10
WB2401ST2021026735,2021-09-28
WB2401ST2021043315,2021-12-19
WB2401ST2021036959,2021-11-20
WB2401ST2021037363,2021-11-21
WB2401ST2021025909,2021-09-28
WB2401ST2022026142,2022-08-21
WB2401ST2021021876,2021-09-24
WB2401ST2021028664,2021-10-01
WB2401ST2021040320,2021-12-16
WB2401ST2022016446,2022-05-26
WB2401ST2021031083,2021-10-05
WB2401ST2021027759,2021-09-30
WB2401ST2022024607,2022-07-15
WB2401ST2024000036,2024-01-02
WB2401ST2021040544,2021-12-17
WB2401ST2022022083,2022-06-25
WB2401ST2022014418,2022-03-20
WB2401ST2021035822,2021-11-15
WB2401ST2021023686,2021-09-25
WB2401ST2021024276,2021-09-26
WB2401ST2022015116,2022-03-31
WB2401ST2021022303,2021-09-24
WB2401ST2021032447,2021-10-09
WB2401ST2022001547,2022-01-12
WB2401ST2022022132,2022-06-25
WB2401ST2021025991,2021-09-28
WB2401ST2021034751,2021-10-30
WB2401ST2021026716,2021-09-28
WB2401ST2025001502,2025-03-13
WB2401ST2021046485,2021-12-30
WB2401ST2022003983,2022-01-18
WB2401ST2022019184,2022-06-20
WB2401ST2023039177,2023-06-26
WB2401ST2022015438,2022-05-06
WB2401ST2021035702,2021-11-15
WB2401ST2023073651,2023-09-18
WB2401ST2021024239,2021-09-26
WB2401ST2021025858,2021-09-28
WB2401ST2022012674,2022-03-16
WB2401ST2021026066,2021-09-28
WB2401ST2021036215,2021-11-19
WB2401ST2021023559,2021-09-25
WB2401ST2023014027,2023-05-28
WB2401ST2021038472,2021-12-06
WB2401ST2023022921,2023-06-02
WB2401ST2023061267,2023-08-05
WB2401ST2021035623,2021-11-15
WB2401ST2022005091,2022-01-20
WB2401ST2023008853,2023-05-21
WB2401ST2021033605,2021-10-11
WB2401ST2022017729,2022-06-08
WB2401ST2022007587,2022-02-13
WB2401ST2021020678,2021-09-22
WB2401ST2023016781,2023-05-29
WB2401ST2022026101,2022-08-21
WB2401ST2022019741,2022-06-21
WB2401ST2021031748,2021-10-05
WB2401ST2022010017,2022-03-10
WB2401ST2022006484,2022-02-08
WB2401ST2021046509,2021-12-30
WB2401ST2021019844,2021-09-21
WB2401ST2021038517,2021-12-06
WB2401ST2023069645,2023-08-06
WB2401ST2022014681,2022-03-20
WB2401ST2021027994,2021-09-30
WB2401ST2021014388,2021-09-14
WB2401ST2023067427,2023-08-06
WB2401ST2021014378,2021-09-14
WB2401ST2022010744,2022-03-11
WB2401ST2021042769,2021-12-18
WB2401ST2021034774,2021-10-30
WB2401ST2021039919,2021-12-13
WB2401ST2022018902,2022-06-20
WB2401ST2023006223,2023-04-11
WB2401ST2023069637,2023-08-06
WB2401ST2022013727,2022-03-17
WB2401ST2022014959,2022-03-20
WB2401ST2021026021,2021-09-28
WB2401ST2021031611,2021-10-05
WB2401ST2021043233,2021-12-19
WB2401ST2022000762,2022-01-12
WB2401ST2023029440,2023-06-06
WB2401ST2023070532,2023-08-07
WB2401ST2021026880,2021-09-29
WB2401ST2023061978,2023-08-06
WB2401ST2021024273,2021-09-26
WB2401ST2021023779,2021-09-25
WB2401ST2023008010,2023-04-29
WB2401ST2021046922,2021-12-31
WB2401ST2022021465,2022-06-24
WB2401ST2022010382,2022-03-11
WB2401ST2021041486,2021-12-18
WB2401ST2021034436,2021-10-28
WB2401ST2021036171,2021-11-19
WB2401ST2022026033,2022-08-21
WB2401ST2022003954,2022-01-18
WB2401ST2022017398,2022-06-01
WB2401ST2022026114,2022-08-21
WB2401ST2021023875,2021-09-26
WB2401ST2022017630,2022-06-07
WB2401ST2022028240,2022-08-29
WB2401ST2023030211,2023-06-06
WB2401ST2022022129,2022-06-25
WB2401ST2021020021,2021-09-21
WB2401ST2022004905,2022-01-20
WB2401ST2022019742,2022-06-21
WB2401ST2022022271,2022-06-25
WB2401ST2023016334,2023-05-29
WB2401ST2022015821,2022-05-13
WB2401ST2022007588,2022-02-13
WB2401ST2021017123,2021-09-16
WB2401ST2022024582,2022-07-15
WB2401ST2021020789,2021-09-22
WB2401ST2022021289,2022-06-23
WB2401ST2021026088,2021-09-28
WB2401ST2022005893,2022-01-26
WB2401ST2021014387,2021-09-14
WB2401ST2021024247,2021-09-26
WB2401ST2021034727,2021-10-30
WB2401ST2021032839,2021-10-10
WB2401ST2022001341,2022-01-12
WB2401ST2022014305,2022-03-20
WB2401ST2021044578,2021-12-22
WB2401ST2022007352,2022-02-13
WB2401ST2021018264,2021-09-19
WB2401ST2021029178,2021-10-01
WB2401ST2023008852,2023-05-21
WB2401ST2021031081,2021-10-05
WB2401ST2021023416,2021-09-25
WB2401ST2021037404,2021-11-21
WB2401ST2022013771,2022-03-17
WB2401ST2022004366,2022-01-19
WB2401ST2021026878,2021-09-29
WB2401ST2022014680,2022-03-20
WB2401ST2023015694,2023-05-29
WB2401ST2023063748,2023-08-06
WB2401ST2022003863,2022-01-18
WB2401ST2021032438,2021-10-09
WB2401ST2022003845,2022-01-18
WB2401ST2021037053,2021-11-20
WB2401ST2021027406,2021-09-29
WB2401ST2022000726,2022-01-05
WB2401ST2021044993,2021-12-24
WB2401ST2022005022,2022-01-20
WB2401ST2023032002,2023-06-07
WB2401ST2022010235,2022-03-11
WB2401ST2021028768,2021-10-01
WB2401ST2022026103,2022-08-21
WB2401ST2021024069,2021-09-26
WB2401ST2022003560,2022-01-15
WB2401ST2021040747,2021-12-17
WB2401ST2022014954,2022-03-20
WB2401ST2021030968,2021-10-05
WB2401ST2021023950,2021-09-26
WB2401ST2022037513,2022-12-29
WB2401ST2021029195,2021-10-01
WB2401ST2021042211,2021-12-18
WB2401ST2022001359,2022-01-12
WB2401ST2021033006,2021-10-11
WB2401ST2021037597,2021-11-26
WB2401ST2025001656,2025-03-28
WB2401ST2021024929,2021-09-27
WB2401ST2023007408,2023-04-25
WB2401ST2022017072,2022-06-01
WB2401ST2022005459,2022-01-22
WB2401ST2022017770,2022-06-08
WB2401ST2021034726,2021-10-30
WB2401ST2022015361,2022-05-02
WB2401ST2021018377,2021-09-20
WB2401ST2021033877,2021-10-13
WB2401ST2021041490,2021-12-18
WB2401ST2022026305,2022-08-21
WB2401ST2022001418,2022-01-12
WB2401ST2022007343,2022-02-13
WB2401ST2025000433,2025-01-30
WB2401ST2022023806,2022-06-29
WB2401ST2022010126,2022-03-10
WB2401ST2022015623,2022-05-06
WB2401ST2021040891,2021-12-17
WB2401ST2022014306,2022-03-20
WB2401ST2022012959,2022-03-17
WB2401ST2022000768,2022-01-12
WB2401ST2021018265,2021-09-19
WB2401ST2023062699,2023-08-06
WB2401ST2022004882,2022-01-20
WB2401ST2023008846,2023-05-21
WB2401ST2021029229,2021-10-01
WB2401ST2022007455,2022-02-13
WB2401ST2022013652,2022-03-17
WB2401ST2022016252,2022-05-24
WB2401ST2022008753,2022-03-07
WB2401ST2021046126,2021-12-29
WB2401ST2023032238,2023-06-07
WB2401ST2021024245,2021-09-26
WB2401ST2021042476,2021-12-18
WB2401ST2022002587,2022-01-14
WB2401ST2022004285,2022-01-18
WB2401ST2022013747,2022-03-17
WB2401ST2022003627,2022-01-15
WB2401ST2022002324,2022-01-14
WB2401ST2022034752,2022-12-03
WB2401ST2022019476,2022-06-21
WB2401ST2021030029,2021-10-05
WB2401ST2022023099,2022-06-28
WB2401ST2022014307,2022-03-20
WB2401ST2023074084,2023-09-23
WB2401ST2023056974,2023-08-04
WB2401ST2021033870,2021-10-13
WB2401ST2021039358,2021-12-11
WB2401ST2021035969,2021-11-16
WB2401ST2021023350,2021-09-25
WB2401ST2021021750,2021-09-23
WB2401ST2021023138,2021-09-25
WB2401ST2021032994,2021-10-11
WB2401ST2021017126,2021-09-16
WB2401ST2023029424,2023-06-06
WB2401ST2022006648,2022-02-09
WB2401ST2021041898,2021-12-18
WB2401ST2021021094,2021-09-23
WB2401ST2022010762,2022-03-11
WB2401ST2023012207,2023-05-28
WB2401ST2021025995,2021-09-28
WB2401ST2022008155,2022-03-06
WB2401ST2021016552,2021-09-16
WB2401ST2023007225,2023-04-19
WB2401ST2022028484,2022-08-30
WB2401ST2022005249,2022-01-22
WB2401ST2023032048,2023-06-07
WB2401ST2023010380,2023-05-25
WB2401ST2021026899,2021-09-29
WB2401ST2021036972,2021-11-20
WB2401ST2021042477,2021-12-18
WB2401ST2021027138,2021-09-29
WB2401ST2021019706,2021-09-21
WB2401ST2021025984,2021-09-28
WB2401ST2022007333,2022-02-13
WB2401ST2022022307,2022-06-25
WB2401ST2021019548,2021-09-21
WB2401ST2023007094,2023-04-19
WB2401ST2021023886,2021-09-26
WB2401ST2021019847,2021-09-21
WB2401ST2021017116,2021-09-16
WB2401ST2021023151,2021-09-25
WB2401ST2021028521,2021-10-01
WB2401ST2021032410,2021-10-09
WB2401ST2021017119,2021-09-16
WB2401ST2022009494,2022-03-10
WB2401ST2021017129,2021-09-16
WB2401ST2021017146,2021-09-16
WB2401ST2021039332,2021-12-11
WB2401ST2021036042,2021-11-16
WB2401ST2021017142,2021-09-16
WB2401ST2021031786,2021-10-05
WB2401ST2022017823,2022-06-08
WB2401ST2023045551,2023-07-31
WB2401ST2022015966,2022-05-16
WB2401ST2021039978,2021-12-13
WB2401ST2022003501,2022-01-15
WB2401ST2022020803,2022-06-23
WB2401ST2022003617,2022-01-15
WB2401ST2022008200,2022-03-06
WB2401ST2023008851,2023-05-21
WB2401ST2022015977,2022-05-16
WB2401ST2022003642,2022-01-15
WB2401ST2022003616,2022-01-15
WB2401ST2023008863,2023-05-21
WB2401ST2021037321,2021-11-21
WB2401ST2021037318,2021-11-21
WB2401ST2021018832,2021-09-20
WB2401ST2022013895,2022-03-20
WB2401ST2022013898,2022-03-20
WB2401ST2022023944,2022-07-05
WB2401ST2022004336,2022-01-19
WB2401ST2022005868,2022-01-26
WB2401ST2021033666,2021-10-12
WB2401ST2022004291,2022-01-18
WB2401ST2022007086,2022-02-13
WB2401ST2022022355,2022-06-25
WB2401ST2022004004,2022-01-18
WB2401ST2023067430,2023-08-06
WB2401ST2022028350,2022-08-29
WB2401ST2022022358,2022-06-25
WB2401ST2021020031,2021-09-21
WB2401ST2021040751,2021-12-17
WB2401ST2021023549,2021-09-25
WB2401ST2022028342,2022-08-29
WB2401ST2022000681,2022-01-05
WB2401ST2021019428,2021-09-20
WB2401ST2022027830,2022-08-27
WB2401ST2022028360,2022-08-29
WB2401ST2021039329,2021-12-11
WB2401ST2021019429,2021-09-20
WB2401ST2023003805,2023-03-03
WB2401ST2021033385,2021-10-11
WB2401ST2021014386,2021-09-14
WB2401ST2023007224,2023-04-19
WB2401ST2021014385,2021-09-14
WB2401ST2021014384,2021-09-14
WB2401ST2022024653,2022-07-15
WB2401ST2021014383,2021-09-14
WB2401ST2022004625,2022-01-19
WB2401ST2021014392,2021-09-14
WB2401ST2021014391,2021-09-14
WB2401ST2022024642,2022-07-15
WB2401ST2021014390,2021-09-14
WB2401ST2022006323,2022-02-04
WB2401ST2021039472,2021-12-12
WB2401ST2022000688,2022-01-05
WB2401ST2021039330,2021-12-11
WB2401ST2022001839,2022-01-13
WB2401ST2022005429,2022-01-22
WB2401ST2021037035,2021-11-20
WB2401ST2022003828,2022-01-18
WB2401ST2021014397,2021-09-14
WB2401ST2021014396,2021-09-14
WB2401ST2022004585,2022-01-19
WB2401ST2021014395,2021-09-14
WB2401ST2021039446,2021-12-12
WB2401ST2021019089,2021-09-20
WB2401ST2021016016,2021-09-16
WB2401ST2022006435,2022-02-08
WB2401ST2021014394,2021-09-14
WB2401ST2021039361,2021-12-11
WB2401ST2021014393,2021-09-14
WB2401ST2022005378,2022-01-22
WB2401ST2021039956,2021-12-13
WB2401ST2021032414,2021-10-09
WB2401ST2022010238,2022-03-11
WB2401ST2021023837,2021-09-26
WB2401ST2021036508,2021-11-19
WB2401ST2021029253,2021-10-01
WB2401ST2023055420,2023-08-04
WB2401ST2021033665,2021-10-12
WB2401ST2021038227,2021-12-06
WB2401ST2022001236,2022-01-12
WB2401ST2021037032,2021-11-20
WB2401ST2021044384,2021-12-22
WB2401ST2022002085,2022-01-13
WB2401ST2021028663,2021-10-01
WB2401ST2023064723,2023-08-06
WB2401ST2021029288,2021-10-01
WB2401ST2023001335,2023-01-16
WB2401ST2022001832,2022-01-13
WB2401ST2022012894,2022-03-17
WB2401ST2022012936,2022-03-17
WB2401ST2021027529,2021-09-29
WB2401ST2024001855,2024-09-11
WB2401ST2021026041,2021-09-28
WB2401ST2023077116,2023-10-26
WB2401ST2022024628,2022-07-15
WB2401ST2023007329,2023-04-22
WB2401ST2023067467,2023-08-06
WB2401ST2022030435,2022-09-28
WB2401ST2023011471,2023-05-27
WB2401ST2022013071,2022-03-17
WB2401ST2021035069,2021-11-02
WB2401ST2021035778,2021-11-15
WB2401ST2021034396,2021-10-28
WB2401ST2021030980,2021-10-05
WB2401ST2022020457,2022-06-22
WB2401ST2021041677,2021-12-18
WB2401ST2021031606,2021-10-05
WB2401ST2023015677,2023-05-29
WB2401ST2021027846,2021-09-30
WB2401ST2021028721,2021-10-01
WB2401ST2021030037,2021-10-05
WB2401ST2022001529,2022-01-12
WB2401ST2022019038,2022-06-20
WB2401ST2022001136,2022-01-12
WB2401ST2023007781,2023-04-27
WB2401ST2022000465,2022-01-05
WB2401ST2022002005,2022-01-13
WB2401ST2022027285,2022-08-24
WB2401ST2021025814,2021-09-28
WB2401ST2023047922,2023-08-03
WB2401ST2023062701,2023-08-06
WB2401ST2021026042,2021-09-28
WB2401ST2023066804,2023-08-06
WB2401ST2021028727,2021-10-01
WB2401ST2021038344,2021-12-06
WB2401ST2023003114,2023-02-10
WB2401ST2023068543,2023-08-06
WB2401ST2021031764,2021-10-05
WB2401ST2021028455,2021-10-01
WB2401ST2021039905,2021-12-13
WB2401ST2021030116,2021-10-05
WB2401ST2021028702,2021-10-01
WB2401ST2021023371,2021-09-25
WB2401ST2023021552,2023-06-01
WB2401ST2022008583,2022-03-06
WB2401ST2021028793,2021-10-01
WB2401ST2021031837,2021-10-05
WB2401ST2022001648,2022-01-13
WB2401ST2022005495,2022-01-22
WB2401ST2022002050,2022-01-13
WB2401ST2021031721,2021-10-05
WB2401ST2021037028,2021-11-20
WB2401ST2022007647,2022-02-13
WB2401ST2021028451,2021-10-01
WB2401ST2021041667,2021-12-18
WB2401ST2021018232,2021-09-19
WB2401ST2023042208,2023-07-25
WB2401ST2021035740,2021-11-15
WB2401ST2021039155,2021-12-11
WB2401ST2022010555,2022-03-11
WB2401ST2022004197,2022-01-18
WB2401ST2022005402,2022-01-22
WB2401ST2022016715,2022-05-30
WB2401ST2021027470,2021-09-29
WB2401ST2021029040,2021-10-01
WB2401ST2023059345,2023-08-05
WB2401ST2023043553,2023-07-27
WB2401ST2022012981,2022-03-17
WB2401ST2021030115,2021-10-05
WB2401ST2023001315,2023-01-16
WB2401ST2021026036,2021-09-28
WB2401ST2022027463,2022-08-24
WB2401ST2021019674,2021-09-21
WB2401ST2023066896,2023-08-06
WB2401ST2022014308,2022-03-20
WB2401ST2021045849,2021-12-29
WB2401ST2022007824,2022-03-06
WB2401ST2021038553,2021-12-06
WB2401ST2022006677,2022-02-09
WB2401ST2021044490,2021-12-22
WB2401ST2021017973,2021-09-19
WB2401ST2021043206,2021-12-19
WB2401ST2021033043,2021-10-11
WB2401ST2021033031,2021-10-11
WB2401ST2022033888,2022-11-25
WB2401ST2025002111,2025-06-20
WB2401ST2021034382,2021-10-28
WB2401ST2022023744,2022-06-29
WB2401ST2022006483,2022-02-08
WB2401ST2022000117,2022-01-02
WB2401ST2021046931,2021-12-31
WB2401ST2022004429,2022-01-19
WB2401ST2021041666,2021-12-18
WB2401ST2022004791,2022-01-19
WB2401ST2022000787,2022-01-12
WB2401ST2021025479,2021-09-27
WB2401ST2022004417,2022-01-19
WB2401ST2023019721,2023-05-31
WB2401ST2021040244,2021-12-16
WB2401ST2021025010,2021-09-27
WB2401ST2022024466,2022-07-15
WB2401ST2022016393,2022-05-26
WB2401ST2021027135,2021-09-29
WB2401ST2021044839,2021-12-24
WB2401ST2023011807,2023-05-28
WB2401ST2023028021,2023-06-05
WB2401ST2023037910,2023-06-12
WB2401ST2023057861,2023-08-05
WB2401ST2021040944,2021-12-17
WB2401ST2021037065,2021-11-20
WB2401ST2022014953,2022-03-20
WB2401ST2021031369,2021-10-05
WB2401ST2022024630,2022-07-15
WB2401ST2022001651,2022-01-13
WB2401ST2022006030,2022-01-26
WB2401ST2022000403,2022-01-05
WB2401ST2023067458,2023-08-06
WB2401ST2021033053,2021-10-11
WB2401ST2022020513,2022-06-22
WB2401ST2022014309,2022-03-20
WB2401ST2022008534,2022-03-06
WB2401ST2021018222,2021-09-19
WB2401ST2022015359,2022-04-29
WB2401ST2021033495,2021-10-11
WB2401ST2022001528,2022-01-12
WB2401ST2022004253,2022-01-18
WB2401ST2022005541,2022-01-22
WB2401ST2022012971,2022-03-17
WB2401ST2022024656,2022-07-15
WB2401ST2021033285,2021-10-11
WB2401ST2021019070,2021-09-20
WB2401ST2021029278,2021-10-01
WB2401ST2022021940,2022-06-24
WB2401ST2021037840,2021-11-30
WB2401ST2022005853,2022-01-26
WB2401ST2023069602,2023-08-06
WB2401ST2022006441,2022-02-08
WB2401ST2022001951,2022-01-13
WB2401ST2021033726,2021-10-12
WB2401ST2021042580,2021-12-18
WB2401ST2021031343,2021-10-05
WB2401ST2021018154,2021-09-19
WB2401ST2023005366,2023-04-05
WB2401ST2022005017,2022-01-20
WB2401ST2021025411,2021-09-27
WB2401ST2021037423,2021-11-21
WB2401ST2021030909,2021-10-05
WB2401ST2021024330,2021-09-26
WB2401ST2021024255,2021-09-26
WB2401ST2022022178,2022-06-25
WB2401ST2022006222,2022-02-04
WB2401ST2022008154,2022-03-06
WB2401ST2022008133,2022-03-06
WB2401ST2022006241,2022-02-04
WB2401ST2022003360,2022-01-14
WB2401ST2022002248,2022-01-13
WB2401ST2021032321,2021-10-09
WB2401ST2021027405,2021-09-29
WB2401ST2022015527,2022-05-06
WB2401ST2022009348,2022-03-10
WB2401ST2021032470,2021-10-09
WB2401ST2021028440,2021-10-01
WB2401ST2021018880,2021-09-20
WB2401ST2021031136,2021-10-05
WB2401ST2023012845,2023-05-28
WB2401ST2023026197,2023-06-03
WB2401ST2021026814,2021-09-29
WB2401ST2021026068,2021-09-28
WB2401ST2022007371,2022-02-13
WB2401ST2023001327,2023-01-16
WB2401ST2021045899,2021-12-29
WB2401ST2022024226,2022-07-12
WB2401ST2021039443,2021-12-12
WB2401ST2023043403,2023-07-27
WB2401ST2021021887,2021-09-24
WB2401ST2022000376,2022-01-05
WB2401ST2021041846,2021-12-18
WB2401ST2021025368,2021-09-27
WB2401ST2023005367,2023-04-05
WB2401ST2023012564,2023-05-28
WB2401ST2021032324,2021-10-09
WB2401ST2021046518,2021-12-30
WB2401ST2022004971,2022-01-20
WB2401ST2022000865,2022-01-12
WB2401ST2022027232,2022-08-24
WB2401ST2024001960,2024-10-30
WB2401ST2021040836,2021-12-17
WB2401ST2022016387,2022-05-26
WB2401ST2021026981,2021-09-29
WB2401ST2021020018,2021-09-21
WB2401ST2021022629,2021-09-24
WB2401ST2021030656,2021-10-05
WB2401ST2023011216,2023-05-27
WB2401ST2022002192,2022-01-13
WB2401ST2021026986,2021-09-29
WB2401ST2021024085,2021-09-26
WB2401ST2021025856,2021-09-28
WB2401ST2022005591,2022-01-22
WB2401ST2021018046,2021-09-19
WB2401ST2021017132,2021-09-16
WB2401ST2021032420,2021-10-09
WB2401ST2021027139,2021-09-29
WB2401ST2023031975,2023-06-07
WB2401ST2021028819,2021-10-01
WB2401ST2021044537,2021-12-22
WB2401ST2022002196,2022-01-13
WB2401ST2022000449,2022-01-05
WB2401ST2021043704,2021-12-19
WB2401ST2023010386,2023-05-25
WB2401ST2022006474,2022-02-08
WB2401ST2023067435,2023-08-06
WB2401ST2021026432,2021-09-28
WB2401ST2021037080,2021-11-20
WB2401ST2021041590,2021-12-18
WB2401ST2022005656,2022-01-22
WB2401ST2022000788,2022-01-12
WB2401ST2022009404,2022-03-10
WB2401ST2021029036,2021-10-01
WB2401ST2022004938,2022-01-20
WB2401ST2021041452,2021-12-18
WB2401ST2022006227,2022-02-04
WB2401ST2022028423,2022-08-29
WB2401ST2022023743,2022-06-29
WB2401ST2021022468,2021-09-24
WB2401ST2021026998,2021-09-29
WB2401ST2021040669,2021-12-17
WB2401ST2021023185,2021-09-25
WB2401ST2021041937,2021-12-18
WB2401ST2021041863,2021-12-18
WB2401ST2022002193,2022-01-13
WB2401ST2022015835,2022-05-13
WB2401ST2022004307,2022-01-18
WB2401ST2021023836,2021-09-26
WB2401ST2022024552,2022-07-15
WB2401ST2021029231,2021-10-01
WB2401ST2022001008,2022-01-12
WB2401ST2023039437,2023-06-28
WB2401ST2021024324,2021-09-26
WB2401ST2021041497,2021-12-18
WB2401ST2021035874,2021-11-16
WB2401ST2022007271,2022-02-13
WB2401ST2022027184,2022-08-24
WB2401ST2022000789,2022-01-12
WB2401ST2022004391,2022-01-19
WB2401ST2021030033,2021-10-05
WB2401ST2021035636,2021-11-15
WB2401ST2023011660,2023-05-27
WB2401ST2022007373,2022-02-13
WB2401ST2022000140,2022-01-02
WB2401ST2022001766,2022-01-13
WB2401ST2021030190,2021-10-05
WB2401ST2022016450,2022-05-26
WB2401ST2021026095,2021-09-28
WB2401ST2021044999,2021-12-24
WB2401ST2022006515,2022-02-09
WB2401ST2021034944,2021-10-30
WB2401ST2021018316,2021-09-19
WB2401ST2021030532,2021-10-05
WB2401ST2021030533,2021-10-05
WB2401ST2022009568,2022-03-10
WB2401ST2023069590,2023-08-06
WB2401ST2022000357,2022-01-05
WB2401ST2022024490,2022-07-15
WB2401ST2023059304,2023-08-05
WB2401ST2022006883,2022-02-10
WB2401ST2022024261,2022-07-12
WB2401ST2021033288,2021-10-11
WB2401ST2022004322,2022-01-19
WB2401ST2021036761,2021-11-20
WB2401ST2021030192,2021-10-05
WB2401ST2021040806,2021-12-17
WB2401ST2021025478,2021-09-27
WB2401ST2023003002,2023-02-06
WB2401ST2022008118,2022-03-06
WB2401ST2022023960,2022-07-05
WB2401ST2022024660,2022-07-15
WB2401ST2022010734,2022-03-11
WB2401ST2022000744,2022-01-12
WB2401ST2021030180,2021-10-05
WB2401ST2022017499,2022-06-02
WB2401ST2022000206,2022-01-02
WB2401ST2022010306,2022-03-11
WB2401ST2022001452,2022-01-12
WB2401ST2022001417,2022-01-12
WB2401ST2021026646,2021-09-28
WB2401ST2021034397,2021-10-28
WB2401ST2022027196,2022-08-24
WB2401ST2023075897,2023-10-10
WB2401ST2024000656,2024-02-20
WB2401ST2022030443,2022-09-28
WB2401ST2023001330,2023-01-16
WB2401ST2022020813,2022-06-23
WB2401ST2023030053,2023-06-06
WB2401ST2023012804,2023-05-28
WB2401ST2023008857,2023-05-21
WB2401ST2022005497,2022-01-22
WB2401ST2022002195,2022-01-13
WB2401ST2021030911,2021-10-05
WB2401ST2021034028,2021-10-13
WB2401ST2021043957,2021-12-19
WB2401ST2021024329,2021-09-26
WB2401ST2023013333,2023-05-28
WB2401ST2021045917,2021-12-29
WB2401ST2021030024,2021-10-05
WB2401ST2023059337,2023-08-05
WB2401ST2022003834,2022-01-18
WB2401ST2021018324,2021-09-19
WB2401ST2021033289,2021-10-11
WB2401ST2022012993,2022-03-17
WB2401ST2022024304,2022-07-13
WB2401ST2023006105,2023-04-11
WB2401ST2021026997,2021-09-29
WB2401ST2022027493,2022-08-24
WB2401ST2022002798,2022-01-14
WB2401ST2023014023,2023-05-28
WB2401ST2021026812,2021-09-29
WB2401ST2021023855,2021-09-26
WB2401ST2021042966,2021-12-19
WB2401ST2021033194,2021-10-11
WB2401ST2021023771,2021-09-25
WB2401ST2021035470,2021-11-15
WB2401ST2022024202,2022-07-12
WB2401ST2021025647,2021-09-27
WB2401ST2022004120,2022-01-18
WB2401ST2022010741,2022-03-11
WB2401ST2022001029,2022-01-12
WB2401ST2022006114,2022-01-26
WB2401ST2021035412,2021-11-15
WB2401ST2023012284,2023-05-28
WB2401ST2022018922,2022-06-20
WB2401ST2022005196,2022-01-22
WB2401ST2023020069,2023-05-31
WB2401ST2021025853,2021-09-28
WB2401ST2021046593,2021-12-31
WB2401ST2023012829,2023-05-28
WB2401ST2023067464,2023-08-06
WB2401ST2021025115,2021-09-27
WB2401ST2022015839,2022-05-13
WB2401ST2022021386,2022-06-23
WB2401ST2023072644,2023-08-28
WB2401ST2022001226,2022-01-12
WB2401ST2022002194,2022-01-13
WB2401ST2021023609,2021-09-25
WB2401ST2022024476,2022-07-15
WB2401ST2023002907,2023-02-03
WB2401ST2021021056,2021-09-23
WB2401ST2022026332,2022-08-21
WB2401ST2021032547,2021-10-09
WB2401ST2021036487,2021-11-19
WB2401ST2021041445,2021-12-18
WB2401ST2021046510,2021-12-30
WB2401ST2021044878,2021-12-24
WB2401ST2022004051,2022-01-18
WB2401ST2021040820,2021-12-17
WB2401ST2022000325,2022-01-05
WB2401ST2023000129,2023-01-03
WB2401ST2022014311,2022-03-20
WB2401ST2021043923,2021-12-19
WB2401ST2022016502,2022-05-27
WB2401ST2022010196,2022-03-11
WB2401ST2021023802,2021-09-25
WB2401ST2021025788,2021-09-28
WB2401ST2022013751,2022-03-17
WB2401ST2023021883,2023-06-01
WB2401ST2022003895,2022-01-18
WB2401ST2021037619,2021-11-26
WB2401ST2022003797,2022-01-15
WB2401ST2022006105,2022-01-26
WB2401ST2021020256,2021-09-21
WB2401ST2022026949,2022-08-23
WB2401ST2021023263,2021-09-25
WB2401ST2021019343,2021-09-20
WB2401ST2021028193,2021-09-30
WB2401ST2023040869,2023-07-23
WB2401ST2021035794,2021-11-15
WB2401ST2021033094,2021-10-11
WB2401ST2023004556,2023-03-31
WB2401ST2021046532,2021-12-30
WB2401ST2021035627,2021-11-15
WB2401ST2022001627,2022-01-13
WB2401ST2021031589,2021-10-05
WB2401ST2022024547,2022-07-15
WB2401ST2023034930,2023-06-08
WB2401ST2022007860,2022-03-06
WB2401ST2021040742,2021-12-17
WB2401ST2021042254,2021-12-18
WB2401ST2021023657,2021-09-25
WB2401ST2023008049,2023-04-30
WB2401ST2021033252,2021-10-11
WB2401ST2022010636,2022-03-11
WB2401ST2021035458,2021-11-15
WB2401ST2021018034,2021-09-19
WB2401ST2021027460,2021-09-29
WB2401ST2021034945,2021-10-30
WB2401ST2021034029,2021-10-13
WB2401ST2022024449,2022-07-15
WB2401ST2021044561,2021-12-22
WB2401ST2022006079,2022-01-26
WB2401ST2022001224,2022-01-12
WB2401ST2021038900,2021-12-11
WB2401ST2023023674,2023-06-02
WB2401ST2022017960,2022-06-08
WB2401ST2023067440,2023-08-06
WB2401ST2022010357,2022-03-11
WB2401ST2023076737,2023-10-16
WB2401ST2022004428,2022-01-19
WB2401ST2022023820,2022-06-29
WB2401ST2023067451,2023-08-06
WB2401ST2021023109,2021-09-25
WB2401ST2023026661,2023-06-04
WB2401ST2021029029,2021-10-01
WB2401ST2021024165,2021-09-26
WB2401ST2022003901,2022-01-18
WB2401ST2021036554,2021-11-19
WB2401ST2023020066,2023-05-31
WB2401ST2021018080,2021-09-19
WB2401ST2022013900,2022-03-20
WB2401ST2023008865,2023-05-21
WB2401ST2021031587,2021-10-05
WB2401ST2021023125,2021-09-25
WB2401ST2021018132,2021-09-19
WB2401ST2021021097,2021-09-23
WB2401ST2022022177,2022-06-25
WB2401ST2021037038,2021-11-20
WB2401ST2022019295,2022-06-20
WB2401ST2021024343,2021-09-26
WB2401ST2022007361,2022-02-13
WB2401ST2022006093,2022-01-26
WB2401ST2021033433,2021-10-11
WB2401ST2021033215,2021-10-11
WB2401ST2022012878,2022-03-17
WB2401ST2021039445,2021-12-12
WB2401ST2023057938,2023-08-05
WB2401ST2021035080,2021-11-02
WB2401ST2021038765,2021-12-08
WB2401ST2022000200,2022-01-02
WB2401ST2022005802,2022-01-26
WB2401ST2021040449,2021-12-17
WB2401ST2023003818,2023-03-03
WB2401ST2022001456,2022-01-12
WB2401ST2022019085,2022-06-20
WB2401ST2022001461,2022-01-12
WB2401ST2021023708,2021-09-25
WB2401ST2022015565,2022-05-06
WB2401ST2021023183,2021-09-25
WB2401ST2023030106,2023-06-06
WB2401ST2021024254,2021-09-26
WB2401ST2021025979,2021-09-28
WB2401ST2022003842,2022-01-18
WB2401ST2021045122,2021-12-24
WB2401ST2021036556,2021-11-19
WB2401ST2022005522,2022-01-22
WB2401ST2021028463,2021-10-01
WB2401ST2021033093,2021-10-11
WB2401ST2021041270,2021-12-18
WB2401ST2023008074,2023-04-30
WB2401ST2021018299,2021-09-19
WB2401ST2021033312,2021-10-11
WB2401ST2021041499,2021-12-18
WB2401ST2021044449,2021-12-22
WB2401ST2021041687,2021-12-18
WB2401ST2021040926,2021-12-17
WB2401ST2021026717,2021-09-28
WB2401ST2022003647,2022-01-15
WB2401ST2021032548,2021-10-09
WB2401ST2021027159,2021-09-29
WB2401ST2022000082,2022-01-02
WB2401ST2023010394,2023-05-25
WB2401ST2022004477,2022-01-19
WB2401ST2021034426,2021-10-28
WB2401ST2021021823,2021-09-23
WB2401ST2021032097,2021-10-06
WB2401ST2022001531,2022-01-12
WB2401ST2022024170,2022-07-12
WB2401ST2022029586,2022-09-19
WB2401ST2021032487,2021-10-09
WB2401ST2021032275,2021-10-09
WB2401ST2023072619,2023-08-28
WB2401ST2021018056,2021-09-19
WB2401ST2021047279,2021-12-31
WB2401ST2021026902,2021-09-29
WB2401ST2022012807,2022-03-17
WB2401ST2022005123,2022-01-22
WB2401ST2022006599,2022-02-09
WB2401ST2021030973,2021-10-05
WB2401ST2021023124,2021-09-25
WB2401ST2022004420,2022-01-19
WB2401ST2022003329,2022-01-14
WB2401ST2021036973,2021-11-20
WB2401ST2022018967,2022-06-20
WB2401ST2021036494,2021-11-19
WB2401ST2021024169,2021-09-26
WB2401ST2021024121,2021-09-26
WB2401ST2021030136,2021-10-05
WB2401ST2022000093,2022-01-02
WB2401ST2023041342,2023-07-23
WB2401ST2021024197,2021-09-26
WB2401ST2022024185,2022-07-12
WB2401ST2021041934,2021-12-18
WB2401ST2022024517,2022-07-15
WB2401ST2022002202,2022-01-13
WB2401ST2022008617,2022-03-06
WB2401ST2022024208,2022-07-12
WB2401ST2023010384,2023-05-25
WB2401ST2023072981,2023-08-31
WB2401ST2022014313,2022-03-20
WB2401ST2021035628,2021-11-15
WB2401ST2022003357,2022-01-14
WB2401ST2021027367,2021-09-29
WB2401ST2022017935,2022-06-08
WB2401ST2023067958,2023-08-06
WB2401ST2022016385,2022-05-26
WB2401ST2022029585,2022-09-19
WB2401ST2021021060,2021-09-23
WB2401ST2022004414,2022-01-19
WB2401ST2022000754,2022-01-12
WB2401ST2022023736,2022-06-29
WB2401ST2022002426,2022-01-14
WB2401ST2023042214,2023-07-25
WB2401ST2021032529,2021-10-09
WB2401ST2022003809,2022-01-15
WB2401ST2022003974,2022-01-18
WB2401ST2023013135,2023-05-28
WB2401ST2022019377,2022-06-21
WB2401ST2021030400,2021-10-05
WB2401ST2022001225,2022-01-12
WB2401ST2022001840,2022-01-13
WB2401ST2022004889,2022-01-20
WB2401ST2023012309,2023-05-28
WB2401ST2022017848,2022-06-08
WB2401ST2022005857,2022-01-26
WB2401ST2023031986,2023-06-07
WB2401ST2023051002,2023-08-03
WB2401ST2021041686,2021-12-18
WB2401ST2022022140,2022-06-25
WB2401ST2021033466,2021-10-11
WB2401ST2021024325,2021-09-26
WB2401ST2021035879,2021-11-16
WB2401ST2021023368,2021-09-25
WB2401ST2021034019,2021-10-13
WB2401ST2023010388,2023-05-25
WB2401ST2023011545,2023-05-27
WB2401ST2023011813,2023-05-28
WB2401ST2021026846,2021-09-29
WB2401ST2023034933,2023-06-08
WB2401ST2021018000,2021-09-19
WB2401ST2021018032,2021-09-19
WB2401ST2021018133,2021-09-19
WB2401ST2023012877,2023-05-28
WB2401ST2021024189,2021-09-26
WB2401ST2021017994,2021-09-19
WB2401ST2025000008,2025-01-06
WB2401ST2021025981,2021-09-28
WB2401ST2021028614,2021-10-01
WB2401ST2023026707,2023-06-04
WB2401ST2023016666,2023-05-29
WB2401ST2022030455,2022-09-28
WB2401ST2021026589,2021-09-28
WB2401ST2022007165,2022-02-13
WB2401ST2021039830,2021-12-13
WB2401ST2022013671,2022-03-17
WB2401ST2023054176,2023-08-04
WB2401ST2022007632,2022-02-13
WB2401ST2021036212,2021-11-19
WB2401ST2021038076,2021-12-06
WB2401ST2021041849,2021-12-18
WB2401ST2022013902,2022-03-20
WB2401ST2021044998,2021-12-24
WB2401ST2023004294,2023-03-31
WB2401ST2021043549,2021-12-19
WB2401ST2022002218,2022-01-13
WB2401ST2022009336,2022-03-10
WB2401ST2021040459,2021-12-17
WB2401ST2022014932,2022-03-20
WB2401ST2021040796,2021-12-17
WB2401ST2022019408,2022-06-21
WB2401ST2022010753,2022-03-11
WB2401ST2022001786,2022-01-13
WB2401ST2022003826,2022-01-18
WB2401ST2023051821,2023-08-03
WB2401ST2021018186,2021-09-19
WB2401ST2021030917,2021-10-05
WB2401ST2021023801,2021-09-25
WB2401ST2022016452,2022-05-26
WB2401ST2021018234,2021-09-19
WB2401ST2021044188,2021-12-19
WB2401ST2022004456,2022-01-19
WB2401ST2023003663,2023-03-03
WB2401ST2023004400,2023-03-31
WB2401ST2021039926,2021-12-13
WB2401ST2022017852,2022-06-08
WB2401ST2021028762,2021-10-01
WB2401ST2021023820,2021-09-26
WB2401ST2021036965,2021-11-20
WB2401ST2021028739,2021-10-01
WB2401ST2022006232,2022-02-04
WB2401ST2021041352,2021-12-18
WB2401ST2021045906,2021-12-29
WB2401ST2023012276,2023-05-28
WB2401ST2021023859,2021-09-26
WB2401ST2023071840,2023-08-24
WB2401ST2023016667,2023-05-29
WB2401ST2023006238,2023-04-11
WB2401ST2022008450,2022-03-06
WB2401ST2021035078,2021-11-02
WB2401ST2021032665,2021-10-09
WB2401ST2021040127,2021-12-16
WB2401ST2022008034,2022-03-06
WB2401ST2021043276,2021-12-19
WB2401ST2022016449,2022-05-26
WB2401ST2022030454,2022-09-28
WB2401ST2022022139,2022-06-25
WB2401ST2021044548,2021-12-22
WB2401ST2021034015,2021-10-13
WB2401ST2021040123,2021-12-16
WB2401ST2021038830,2021-12-11
WB2401ST2021031741,2021-10-05
WB2401ST2021024767,2021-09-26
WB2401ST2025002050,2025-06-05
WB2401ST2023031994,2023-06-07
WB2401ST2022004435,2022-01-19
WB2401ST2023039357,2023-06-26
WB2401ST2023039304,2023-06-26
WB2401ST2023053026,2023-08-04
WB2401ST2022026937,2022-08-23
WB2401ST2021033025,2021-10-11
WB2401ST2022010648,2022-03-11
WB2401ST2021026980,2021-09-29
WB2401ST2021026106,2021-09-28
WB2401ST2022027802,2022-08-27
WB2401ST2021024755,2021-09-26
WB2401ST2023011822,2023-05-28
WB2401ST2022001763,2022-01-13
WB2401ST2022007087,2022-02-13
WB2401ST2022005543,2022-01-22
WB2401ST2022029587,2022-09-19
WB2401ST2021027068,2021-09-29
WB2401ST2022004888,2022-01-20
WB2401ST2021037081,2021-11-20
WB2401ST2022004302,2022-01-18
WB2401ST2021040243,2021-12-16
WB2401ST2021036490,2021-11-19
WB2401ST2022003918,2022-01-18
WB2401ST2022024203,2022-07-12
WB2401ST2022000765,2022-01-12
WB2401ST2022003875,2022-01-18
WB2401ST2022004569,2022-01-19
WB2401ST2021026067,2021-09-28
WB2401ST2022024837,2022-07-29
WB2401ST2021018483,2021-09-20
WB2401ST2023016248,2023-05-29
WB2401ST2022022562,2022-06-25
WB2401ST2021023838,2021-09-26
WB2401ST2022017549,2022-06-03
WB2401ST2023061639,2023-08-05
WB2401ST2021026417,2021-09-28
WB2401ST2023010385,2023-05-25
WB2401ST2022023768,2022-06-29
WB2401ST2022022655,2022-06-25
WB2401ST2023051834,2023-08-03
WB2401ST2021024955,2021-09-27
WB2401ST2021039954,2021-12-13
WB2401ST2022009340,2022-03-10
WB2401ST2023010396,2023-05-25
WB2401ST2022020937,2022-06-23
WB2401ST2021024437,2021-09-26
WB2401ST2021041175,2021-12-18
WB2401ST2021042915,2021-12-19
WB2401ST2022017468,2022-06-02
WB2401ST2022020796,2022-06-23
WB2401ST2022027004,2022-08-23
WB2401ST2021033068,2021-10-11
WB2401ST2023042206,2023-07-25
WB2401ST2022022285,2022-06-25
WB2401ST2021045907,2021-12-29
WB2401ST2021032648,2021-10-09
WB2401ST2021028825,2021-10-01
WB2401ST2022008574,2022-03-06
WB2401ST2022004113,2022-01-18
WB2401ST2023004960,2023-03-31
WB2401ST2021029621,2021-10-02
WB2401ST2023066894,2023-08-06
WB2401ST2021040941,2021-12-17
WB2401ST2021044621,2021-12-23
WB2401ST2021044579,2021-12-22
WB2401ST2025001511,2025-03-13
WB2401ST2023003439,2023-02-15
WB2401ST2022013903,2022-03-20
WB2401ST2021023854,2021-09-26
WB2401ST2022001856,2022-01-13
WB2401ST2021040068,2021-12-16
WB2401ST2021045544,2021-12-28
WB2401ST2023008859,2023-05-21
WB2401ST2022003376,2022-01-14
WB2401ST2021042682,2021-12-18
WB2401ST2021023610,2021-09-25
WB2401ST2021024768,2021-09-26
WB2401ST2021022451,2021-09-24
WB2401ST2023031977,2023-06-07
WB2401ST2022003848,2022-01-18
WB2401ST2022018964,2022-06-20
WB2401ST2021040741,2021-12-17
WB2401ST2021033120,2021-10-11
WB2401ST2022016609,2022-05-28
WB2401ST2022003853,2022-01-18
WB2401ST2021032082,2021-10-06
WB2401ST2022019197,2022-06-20
WB2401ST2021027629,2021-09-30
WB2401ST2021025780,2021-09-28
WB2401ST2021045103,2021-12-24
WB2401ST2022024707,2022-07-15
WB2401ST2022030161,2022-09-21
WB2401ST2022017461,2022-06-02
WB2401ST2022008576,2022-03-06
WB2401ST2021041251,2021-12-18
WB2401ST2021027991,2021-09-30
WB2401ST2022006066,2022-01-26
WB2401ST2023038868,2023-06-14
WB2401ST2021034328,2021-10-25
WB2401ST2021038812,2021-12-11
WB2401ST2021031770,2021-10-05
WB2401ST2021036134,2021-11-17
WB2401ST2021040298,2021-12-16
WB2401ST2021028571,2021-10-01
WB2401ST2021027998,2021-09-30
WB2401ST2021033271,2021-10-11
WB2401ST2021040905,2021-12-17
WB2401ST2021018185,2021-09-19
WB2401ST2021042036,2021-12-18
WB2401ST2021043590,2021-12-19
WB2401ST2022008129,2022-03-06
WB2401ST2023012805,2023-05-28
WB2401ST2023045714,2023-08-01
WB2401ST2022000937,2022-01-12
WB2401ST2021023406,2021-09-25
WB2401ST2021032833,2021-10-10
WB2401ST2022004315,2022-01-18
WB2401ST2022001011,2022-01-12
WB2401ST2021033061,2021-10-11
WB2401ST2023003361,2023-02-15
WB2401ST2022000897,2022-01-12
WB2401ST2021029046,2021-10-01
WB2401ST2022023232,2022-06-29
WB2401ST2021026885,2021-09-29
WB2401ST2022001302,2022-01-12
WB2401ST2021024757,2021-09-26
WB2401ST2023031353,2023-06-07
WB2401ST2021026046,2021-09-28
WB2401ST2023030429,2023-06-06
WB2401ST2021035986,2021-11-16
WB2401ST2022013125,2022-03-17
WB2401ST2022002370,2022-01-14
WB2401ST2021035462,2021-11-15
WB2401ST2022004025,2022-01-18
WB2401ST2022014314,2022-03-20
WB2401ST2021031224,2021-10-05
WB2401ST2021040056,2021-12-16
WB2401ST2022003884,2022-01-18
WB2401ST2022004427,2022-01-19
WB2401ST2021041969,2021-12-18
WB2401ST2023039447,2023-06-28
WB2401ST2021023094,2021-09-25
WB2401ST2023008860,2023-05-21
WB2401ST2022017067,2022-06-01
WB2401ST2025003154,2025-12-06
WB2401ST2021027078,2021-09-29
WB2401ST2023010389,2023-05-25
WB2401ST2021045223,2021-12-28
WB2401ST2022014933,2022-03-20
WB2401ST2023016332,2023-05-29
WB2401ST2022003854,2022-01-18
WB2401ST2022026186,2022-08-21
WB2401ST2022009291,2022-03-10
WB2401ST2022003861,2022-01-18
WB2401ST2022007404,2022-02-13
WB2401ST2022008471,2022-03-06
WB2401ST2021018128,2021-09-19
WB2401ST2021022452,2021-09-24
WB2401ST2023022487,2023-06-01
WB2401ST2022017683,2022-06-08
WB2401ST2022012954,2022-03-17
WB2401ST2021022251,2021-09-24
WB2401ST2022001416,2022-01-12
WB2401ST2021025796,2021-09-28
WB2401ST2021035659,2021-11-15
WB2401ST2023027096,2023-06-04
WB2401ST2021027419,2021-09-29
WB2401ST2023013743,2023-05-28
WB2401ST2021023343,2021-09-25
WB2401ST2023030226,2023-06-06
WB2401ST2021024345,2021-09-26
WB2401ST2021027131,2021-09-29
WB2401ST2021040043,2021-12-16
WB2401ST2021036955,2021-11-20
WB2401ST2022003362,2022-01-14
WB2401ST2022012983,2022-03-17
WB2401ST2022014316,2022-03-20
WB2401ST2022006277,2022-02-04
WB2401ST2021023685,2021-09-25
WB2401ST2021019202,2021-09-20
WB2401ST2021024238,2021-09-26
WB2401ST2022001748,2022-01-13
WB2401ST2021028894,2021-10-01
WB2401ST2021035658,2021-11-15
WB2401ST2021028622,2021-10-01
WB2401ST2021021030,2021-09-23
WB2401ST2023019152,2023-05-31
WB2401ST2021043236,2021-12-19
WB2401ST2021018121,2021-09-19
WB2401ST2021042647,2021-12-18
WB2401ST2021018422,2021-09-20
WB2401ST2021031747,2021-10-05
WB2401ST2022001950,2022-01-13
WB2401ST2022026880,2022-08-23
WB2401ST2023056027,2023-08-04
WB2401ST2023012292,2023-05-28
WB2401ST2022024696,2022-07-15
WB2401ST2021022454,2021-09-24
WB2401ST2021042661,2021-12-18
WB2401ST2021037851,2021-11-30
WB2401ST2021033084,2021-10-11
WB2401ST2023040924,2023-07-23
WB2401ST2021030834,2021-10-05
WB2401ST2022010193,2022-03-11
WB2401ST2022014318,2022-03-20
WB2401ST2021026734,2021-09-28
WB2401ST2021024432,2021-09-26
WB2401ST2021018211,2021-09-19
WB2401ST2021040114,2021-12-16
WB2401ST2021023363,2021-09-25
WB2401ST2021024275,2021-09-26
WB2401ST2021024232,2021-09-26
WB2401ST2021020569,2021-09-22
WB2401ST2022014320,2022-03-20
WB2401ST2021034128,2021-10-13
WB2401ST2021028955,2021-10-01
WB2401ST2022014322,2022-03-20
WB2401ST2021018315,2021-09-19
WB2401ST2021025983,2021-09-28
WB2401ST2021035827,2021-11-15
WB2401ST2021025487,2021-09-27
WB2401ST2021026731,2021-09-28
WB2401ST2022008855,2022-03-07
WB2401ST2021032428,2021-10-09
WB2401ST2021038514,2021-12-06
WB2401ST2022030442,2022-09-28
WB2401ST2021034323,2021-10-20
WB2401ST2021028457,2021-10-01
WB2401ST2022022381,2022-06-25
WB2401ST2022000771,2022-01-12
WB2401ST2022003529,2022-01-15
WB2401ST2021025912,2021-09-28
WB2401ST2021035649,2021-11-15
WB2401ST2021019094,2021-09-20
WB2401ST2022004650,2022-01-19
WB2401ST2021025918,2021-09-28
WB2401ST2021028619,2021-10-01
WB2401ST2023029384,2023-06-06
WB2401ST2022001761,2022-01-13
WB2401ST2022007497,2022-02-13
WB2401ST2023007031,2023-04-16
WB2401ST2022000130,2022-01-02
WB2401ST2022009447,2022-03-10
WB2401ST2022010200,2022-03-11
WB2401ST2021045157,2021-12-24
WB2401ST2022014324,2022-03-20
WB2401ST2021020836,2021-09-22
WB2401ST2021023572,2021-09-25
WB2401ST2022003655,2022-01-15
WB2401ST2021043234,2021-12-19
WB2401ST2021043277,2021-12-19
WB2401ST2023012919,2023-05-28
WB2401ST2022014327,2022-03-20
WB2401ST2022013804,2022-03-17
WB2401ST2021043599,2021-12-19
WB2401ST2021032027,2021-10-06
WB2401ST2023007025,2023-04-16
WB2401ST2022006500,2022-02-08
WB2401ST2022006463,2022-02-08
WB2401ST2023062852,2023-08-06
WB2401ST2021045913,2021-12-29
WB2401ST2023061196,2023-08-05
WB2401ST2021032466,2021-10-09
WB2401ST2021036823,2021-11-20
WB2401ST2023015402,2023-05-29
WB2401ST2023051453,2023-08-03
WB2401ST2022021864,2022-06-24
WB2401ST2021021886,2021-09-24
WB2401ST2021018079,2021-09-19
WB2401ST2022007093,2022-02-13
WB2401ST2022007889,2022-03-06
WB2401ST2023007126,2023-04-19
WB2401ST2022009602,2022-03-10
WB2401ST2021023566,2021-09-25
WB2401ST2021037849,2021-11-30
WB2401ST2021044580,2021-12-22
WB2401ST2022000034,2022-01-02
WB2401ST2023073235,2023-09-04
WB2401ST2022009445,2022-03-10
WB2401ST2022027687,2022-08-25
WB2401ST2022000703,2022-01-05
WB2401ST2021046484,2021-12-30
WB2401ST2021036070,2021-11-16
WB2401ST2023051600,2023-08-03
WB2401ST2023003187,2023-02-13
WB2401ST2022006098,2022-01-26
WB2401ST2021021741,2021-09-23
WB2401ST2022014329,2022-03-20
WB2401ST2022014419,2022-03-20
WB2401ST2021023391,2021-09-25
WB2401ST2023011698,2023-05-27
WB2401ST2021034332,2021-10-28
WB2401ST2021046942,2021-12-31
WB2401ST2023039296,2023-06-26
WB2401ST2022024585,2022-07-15
WB2401ST2021018284,2021-09-19
WB2401ST2021034552,2021-10-30
WB2401ST2021039143,2021-12-11
WB2401ST2023005692,2023-04-06
WB2401ST2021023926,2021-09-26
WB2401ST2021033290,2021-10-11
WB2401ST2022000838,2022-01-12
WB2401ST2021036760,2021-11-20
WB2401ST2021028637,2021-10-01
WB2401ST2021037092,2021-11-20
WB2401ST2021027528,2021-09-29
WB2401ST2021035777,2021-11-15
WB2401ST2022005072,2022-01-20
WB2401ST2022015435,2022-05-06
WB2401ST2021045107,2021-12-24
WB2401ST2022016377,2022-05-26
WB2401ST2021024081,2021-09-26
WB2401ST2021023168,2021-09-25
WB2401ST2023062853,2023-08-06
WB2401ST2021032894,2021-10-10
WB2401ST2023013520,2023-05-28
WB2401ST2022013805,2022-03-17
WB2401ST2021018167,2021-09-19
WB2401ST2022019975,2022-06-21
WB2401ST2021022130,2021-09-24
WB2401ST2021035381,2021-11-04
WB2401ST2022001404,2022-01-12
WB2401ST2021035343,2021-11-02
WB2401ST2023025594,2023-06-03
WB2401ST2021039745,2021-12-12
WB2401ST2022002563,2022-01-14
WB2401ST2022018383,2022-06-17
WB2401ST2021038713,2021-12-08
WB2401ST2022019190,2022-06-20
WB2401ST2022007277,2022-02-13
WB2401ST2021037384,2021-11-21
WB2401ST2022007813,2022-03-06
WB2401ST2021030984,2021-10-05
WB2401ST2021025618,2021-09-27
WB2401ST2023059747,2023-08-05
WB2401ST2022004859,2022-01-20
WB2401ST2021024664,2021-09-26
WB2401ST2021043270,2021-12-19
WB2401ST2023041296,2023-07-23
WB2401ST2021027653,2021-09-30
WB2401ST2022023737,2022-06-29
WB2401ST2021039673,2021-12-12
WB2401ST2022003874,2022-01-18
WB2401ST2022002686,2022-01-14
WB2401ST2023064276,2023-08-06
WB2401ST2021031828,2021-10-05
WB2401ST2021024120,2021-09-26
WB2401ST2021039389,2021-12-11
WB2401ST2022004557,2022-01-19
WB2401ST2021034379,2021-10-28
WB2401ST2022017969,2022-06-08
WB2401ST2022008813,2022-03-07
WB2401ST2023032015,2023-06-07
WB2401ST2022000461,2022-01-05
WB2401ST2021033881,2021-10-13
WB2401ST2022008789,2022-03-07
WB2401ST2021040073,2021-12-16
WB2401ST2021023641,2021-09-25
WB2401ST2021040289,2021-12-16
WB2401ST2022004298,2022-01-18
WB2401ST2021021059,2021-09-23
WB2401ST2023030621,2023-06-06
WB2401ST2022012823,2022-03-17
WB2401ST2021021822,2021-09-23
WB2401ST2021023579,2021-09-25
WB2401ST2021025896,2021-09-28
WB2401ST2021025255,2021-09-27
WB2401ST2021041232,2021-12-18
WB2401ST2021018039,2021-09-19
WB2401ST2022001343,2022-01-12
WB2401ST2021019432,2021-09-20
WB2401ST2021033044,2021-10-11
WB2401ST2021021502,2021-09-23
WB2401ST2022004118,2022-01-18
WB2401ST2021022312,2021-09-24
WB2401ST2023058596,2023-08-05
WB2401ST2021034782,2021-10-30
WB2401ST2022001643,2022-01-13
WB2401ST2023057758,2023-08-05
WB2401ST2021035970,2021-11-16
WB2401ST2021026002,2021-09-28
WB2401ST2023077124,2023-10-26
WB2401ST2021042575,2021-12-18
WB2401ST2022017680,2022-06-08
WB2401ST2021024230,2021-09-26
WB2401ST2021037042,2021-11-20
WB2401ST2021028636,2021-10-01
WB2401ST2022022434,2022-06-25
WB2401ST2022016302,2022-05-25
WB2401ST2023001329,2023-01-16
WB2401ST2021023571,2021-09-25
WB2401ST2022009564,2022-03-10
WB2401ST2021023805,2021-09-25
WB2401ST2021027158,2021-09-29
WB2401ST2021027580,2021-09-30
WB2401ST2022015838,2022-05-13
WB2401ST2021037807,2021-11-30
WB2401ST2021017970,2021-09-19
WB2401ST2021034331,2021-10-28
WB2401ST2022024454,2022-07-15
WB2401ST2021018173,2021-09-19
WB2401ST2021023410,2021-09-25
WB2401ST2022014331,2022-03-20
WB2401ST2023017510,2023-05-30
WB2401ST2021038224,2021-12-06
WB2401ST2022005003,2022-01-20
WB2401ST2021020103,2021-09-21
WB2401ST2022014420,2022-03-20
WB2401ST2021035668,2021-11-15
WB2401ST2023010392,2023-05-25
WB2401ST2021040128,2021-12-16
WB2401ST2022008787,2022-03-07
WB2401ST2021029506,2021-10-02
WB2401ST2022017794,2022-06-08
WB2401ST2023053597,2023-08-04
WB2401ST2022028538,2022-08-30
WB2401ST2022000727,2022-01-05
WB2401ST2021035331,2021-11-02
WB2401ST2021043548,2021-12-19
WB2401ST2021025916,2021-09-28
WB2401ST2023018850,2023-05-30
WB2401ST2021033213,2021-10-11
WB2401ST2021019241,2021-09-20
WB2401ST2021035722,2021-11-15
WB2401ST2021020880,2021-09-22
WB2401ST2022028440,2022-08-29
WB2401ST2022022164,2022-06-25
WB2401ST2022026777,2022-08-23
WB2401ST2021023565,2021-09-25
WB2401ST2022002692,2022-01-14
WB2401ST2022012999,2022-03-17
WB2401ST2022006235,2022-02-04
WB2401ST2021037095,2021-11-20
WB2401ST2022015615,2022-05-06
WB2401ST2022003125,2022-01-14
WB2401ST2022008006,2022-03-06
WB2401ST2022019037,2022-06-20
WB2401ST2021036043,2021-11-16
WB2401ST2023012801,2023-05-28
WB2401ST2022008874,2022-03-07
WB2401ST2022012974,2022-03-17
WB2401ST2023003942,2023-03-04
WB2401ST2022023073,2022-06-28
WB2401ST2021021791,2021-09-23
WB2401ST2022005624,2022-01-22
WB2401ST2023051652,2023-08-03
WB2401ST2022004572,2022-01-19
WB2401ST2021033227,2021-10-11
WB2401ST2022008031,2022-03-06
WB2401ST2022007141,2022-02-13
WB2401ST2021022216,2021-09-24
WB2401ST2023024048,2023-06-02
WB2401ST2021034781,2021-10-30
WB2401ST2023061377,2023-08-05
WB2401ST2022023922,2022-07-05
WB2401ST2022027155,2022-08-23
WB2401ST2021038918,2021-12-11
WB2401ST2021019183,2021-09-20
WB2401ST2022024473,2022-07-15
WB2401ST2023002526,2023-01-24
WB2401ST2021044346,2021-12-21
WB2401ST2021018337,2021-09-20
WB2401ST2022015867,2022-05-13
WB2401ST2021025515,2021-09-27
WB2401ST2022023120,2022-06-28
WB2401ST2022022333,2022-06-25
WB2401ST2021028470,2021-10-01
WB2401ST2022004566,2022-01-19
WB2401ST2022003883,2022-01-18
WB2401ST2023039386,2023-06-26
WB2401ST2023010387,2023-05-25
WB2401ST2021023411,2021-09-25
WB2401ST2021034121,2021-10-13
WB2401ST2021036509,2021-11-19
WB2401ST2021027750,2021-09-30
WB2401ST2023034752,2023-06-08
WB2401ST2022003088,2022-01-14
WB2401ST2022028935,2022-08-31
WB2401ST2021033283,2021-10-11
WB2401ST2022008815,2022-03-07
WB2401ST2021036071,2021-11-16
WB2401ST2022009067,2022-03-09
WB2401ST2021032482,2021-10-09
WB2401ST2022012997,2022-03-17
WB2401ST2023076762,2023-10-16
WB2401ST2021046519,2021-12-30
WB2401ST2022008283,2022-03-06
WB2401ST2022004875,2022-01-20
WB2401ST2021035053,2021-11-02
WB2401ST2022012630,2022-03-16
WB2401ST2022000695,2022-01-05
WB2401ST2021023367,2021-09-25
WB2401ST2021023938,2021-09-26
WB2401ST2021032732,2021-10-09
WB2401ST2023070469,2023-08-07
WB2401ST2021035459,2021-11-15
WB2401ST2023002349,2023-01-20
WB2401ST2022001277,2022-01-12
WB2401ST2022007265,2022-02-13
WB2401ST2022020908,2022-06-23
WB2401ST2021025978,2021-09-28
WB2401ST2022001913,2022-01-13
WB2401ST2021025894,2021-09-28
WB2401ST2021026022,2021-09-28
WB2401ST2021031475,2021-10-05
WB2401ST2021040864,2021-12-17
WB2401ST2021025483,2021-09-27
WB2401ST2021036415,2021-11-19
WB2401ST2022017671,2022-06-08
WB2401ST2023026777,2023-06-04
WB2401ST2021028000,2021-09-30
WB2401ST2023008101,2023-05-03
WB2401ST2022026122,2022-08-21
WB2401ST2022004439,2022-01-19
WB2401ST2023048553,2023-08-03
WB2401ST2023001575,2023-01-17
WB2401ST2021032731,2021-10-09
WB2401ST2021014490,2021-09-14
WB2401ST2021025857,2021-09-28
WB2401ST2022014136,2022-03-20
WB2401ST2021026949,2021-09-29
WB2401ST2021034417,2021-10-28
WB2401ST2022002633,2022-01-14
WB2401ST2021038626,2021-12-08
WB2401ST2021032908,2021-10-11
WB2401ST2022012427,2022-03-15
WB2401ST2022006868,2022-02-10
WB2401ST2022006109,2022-01-26
WB2401ST2022007795,2022-03-06
WB2401ST2023004485,2023-03-31
WB2401ST2021024256,2021-09-26
WB2401ST2021031570,2021-10-05
WB2401ST2022015622,2022-05-06
WB2401ST2021031603,2021-10-05
WB2401ST2023075914,2023-10-10
WB2401ST2021028822,2021-10-01
WB2401ST2022008198,2022-03-06
WB2401ST2021023811,2021-09-26
WB2401ST2021028453,2021-10-01
WB2401ST2021028730,2021-10-01
WB2401ST2021043303,2021-12-19
WB2401ST2021039248,2021-12-11
WB2401ST2021035640,2021-11-15
WB2401ST2022014138,2022-03-20
WB2401ST2021022484,2021-09-24
WB2401ST2021021628,2021-09-23
WB2401ST2021024066,2021-09-26
WB2401ST2023022521,2023-06-01
WB2401ST2021014489,2021-09-14
WB2401ST2021025864,2021-09-28
WB2401ST2022003996,2022-01-18
WB2401ST2023051514,2023-08-03
WB2401ST2021034221,2021-10-18
WB2401ST2022018978,2022-06-20
WB2401ST2023003872,2023-03-03
WB2401ST2023075918,2023-10-10
WB2401ST2021018314,2021-09-19
WB2401ST2021035677,2021-11-15
WB2401ST2021033272,2021-10-11
WB2401ST2022013824,2022-03-17
WB2401ST2022008854,2022-03-07
WB2401ST2021028468,2021-10-01
WB2401ST2022009556,2022-03-10
WB2401ST2021027721,2021-09-30
WB2401ST2021021104,2021-09-23
WB2401ST2022015437,2022-05-06
WB2401ST2021038503,2021-12-06
WB2401ST2022003825,2022-01-18
WB2401ST2022008947,2022-03-08
WB2401ST2023076753,2023-10-16
WB2401ST2021018119,2021-09-19
WB2401ST2021021031,2021-09-23
WB2401ST2022013340,2022-03-17
WB2401ST2021024065,2021-09-26
WB2401ST2022008201,2022-03-06
WB2401ST2023075173,2023-09-29
WB2401ST2022008173,2022-03-06
WB2401ST2022002926,2022-01-14
WB2401ST2022010384,2022-03-11
WB2401ST2021023123,2021-09-25
WB2401ST2021023501,2021-09-25
WB2401ST2021025150,2021-09-27
WB2401ST2021041049,2021-12-17
WB2401ST2021033192,2021-10-11
WB2401ST2021026092,2021-09-28
WB2401ST2022005085,2022-01-20
WB2401ST2021036245,2021-11-19
WB2401ST2021026702,2021-09-28
WB2401ST2022008578,2022-03-06
WB2401ST2021014488,2021-09-14
WB2401ST2021032992,2021-10-11
WB2401ST2023008866,2023-05-21
WB2401ST2021030966,2021-10-05
WB2401ST2022023812,2022-06-29
WB2401ST2023012840,2023-05-28
WB2401ST2022000952,2022-01-12
WB2401ST2021028977,2021-10-01
WB2401ST2022006074,2022-01-26
WB2401ST2022020646,2022-06-22
WB2401ST2021035182,2021-11-02
WB2401ST2023063391,2023-08-06
WB2401ST2023007013,2023-04-16
WB2401ST2022037492,2022-12-29
WB2401ST2021046164,2021-12-29
WB2401ST2021037823,2021-11-30
WB2401ST2021023348,2021-09-25
WB2401ST2023030852,2023-06-06
WB2401ST2021035420,2021-11-15
WB2401ST2021035171,2021-11-02
WB2401ST2022008972,2022-03-08
WB2401ST2023001701,2023-01-17
WB2401ST2022003887,2022-01-18
WB2401ST2021029763,2021-10-02
WB2401ST2021031766,2021-10-05
WB2401ST2021041799,2021-12-18
WB2401ST2021031830,2021-10-05
WB2401ST2021025110,2021-09-27
WB2401ST2021025866,2021-09-28
WB2401ST2022009518,2022-03-10
WB2401ST2021036248,2021-11-19
WB2401ST2021025252,2021-09-27
WB2401ST2021034360,2021-10-28
WB2401ST2021026703,2021-09-28
WB2401ST2022006072,2022-01-26
WB2401ST2023010391,2023-05-25
WB2401ST2023010395,2023-05-25
WB2401ST2022005723,2022-01-23
WB2401ST2021035170,2021-11-02
WB2401ST2022006596,2022-02-09
WB2401ST2021035437,2021-11-15
WB2401ST2021032509,2021-10-09
WB2401ST2023011078,2023-05-27
WB2401ST2021029758,2021-10-02
WB2401ST2022026375,2022-08-21
WB2401ST2021033606,2021-10-11
WB2401ST2022005080,2022-01-20
WB2401ST2022026329,2022-08-21
WB2401ST2021030945,2021-10-05
WB2401ST2021031857,2021-10-06
WB2401ST2022005375,2022-01-22
WB2401ST2021038624,2021-12-08
WB2401ST2021035181,2021-11-02
WB2401ST2023063501,2023-08-06
WB2401ST2021018320,2021-09-19
WB2401ST2022008472,2022-03-06
WB2401ST2023008862,2023-05-21
WB2401ST2021036254,2021-11-19
WB2401ST2021025235,2021-09-27
WB2401ST2022002821,2022-01-14
WB2401ST2021040738,2021-12-17
WB2401ST2022027067,2022-08-23
WB2401ST2021039675,2021-12-12
WB2401ST2021033273,2021-10-11
WB2401ST2021040361,2021-12-16
WB2401ST2023066806,2023-08-06
WB2401ST2021033558,2021-10-11
WB2401ST2021029034,2021-10-01
WB2401ST2022001223,2022-01-12
WB2401ST2022007368,2022-02-13
WB2401ST2023018573,2023-05-30
WB2401ST2023070451,2023-08-07
WB2401ST2021034013,2021-10-13
WB2401ST2023011692,2023-05-27
WB2401ST2021033308,2021-10-11
WB2401ST2021035168,2021-11-02
WB2401ST2022002685,2022-01-14
WB2401ST2022022175,2022-06-25
WB2401ST2021032433,2021-10-09
WB2401ST2021026585,2021-09-28
WB2401ST2023027094,2023-06-04
WB2401ST2022000658,2022-01-05
WB2401ST2023027624,2023-06-04
WB2401ST2023010390,2023-05-25
WB2401ST2022001339,2022-01-12
WB2401ST2024002228,2024-12-10
WB2401ST2023033337,2023-06-07
WB2401ST2021023840,2021-09-26
WB2401ST2023039397,2023-06-26
WB2401ST2021023776,2021-09-25
WB2401ST2022005988,2022-01-26
WB2401ST2023006190,2023-04-11
WB2401ST2021036270,2021-11-19
WB2401ST2021031768,2021-10-05
WB2401ST2023056187,2023-08-04
WB2401ST2022009710,2022-03-10
WB2401ST2022037511,2022-12-29
WB2401ST2021027143,2021-09-29
WB2401ST2021034030,2021-10-13
WB2401ST2021036039,2021-11-16
WB2401ST2021041048,2021-12-17
WB2401ST2021043941,2021-12-19
WB2401ST2021029114,2021-10-01
WB2401ST2021031364,2021-10-05
WB2401ST2022008609,2022-03-06
WB2401ST2023026182,2023-06-03
WB2401ST2022015995,2022-05-17
WB2401ST2021024366,2021-09-26
WB2401ST2021034585,2021-10-30
WB2401ST2022008876,2022-03-07
WB2401ST2023004530,2023-03-31
WB2401ST2021023362,2021-09-25
WB2401ST2022004109,2022-01-18
WB2401ST2021032022,2021-10-06
WB2401ST2021015040,2021-09-15
WB2401ST2021018073,2021-09-19
WB2401ST2021025904,2021-09-28
WB2401ST2021039191,2021-12-11
WB2401ST2023039404,2023-06-26
WB2401ST2021026704,2021-09-28
WB2401ST2021039907,2021-12-13
WB2401ST2021018117,2021-09-19
WB2401ST2021041668,2021-12-18
WB2401ST2021031863,2021-10-06
WB2401ST2021043929,2021-12-19
WB2401ST2022001238,2022-01-12
WB2401ST2023045525,2023-07-31
WB2401ST2021046365,2021-12-30
WB2401ST2021018088,2021-09-19
WB2401ST2021028978,2021-10-01
WB2401ST2021034398,2021-10-28
WB2401ST2021032497,2021-10-09
WB2401ST2022001146,2022-01-12
WB2401ST2022006597,2022-02-09
WB2401ST2021046530,2021-12-30
WB2401ST2021027753,2021-09-30
WB2401ST2021040541,2021-12-17
WB2401ST2022007044,2022-02-13
WB2401ST2022028249,2022-08-29
WB2401ST2023006901,2023-04-16
WB2401ST2023039383,2023-06-26
WB2401ST2021033305,2021-10-11
WB2401ST2022022656,2022-06-25
WB2401ST2021027071,2021-09-29
WB2401ST2021018155,2021-09-19
WB2401ST2023020021,2023-05-31
WB2401ST2021024240,2021-09-26
WB2401ST2021027897,2021-09-30
WB2401ST2023018118,2023-05-30
WB2401ST2021026707,2021-09-28
WB2401ST2023015692,2023-05-29
WB2401ST2021027504,2021-09-29
WB2401ST2025001864,2025-05-20
WB2401ST2023008858,2023-05-21
WB2401ST2021035669,2021-11-15
WB2401ST2021034120,2021-10-13
WB2401ST2021043966,2021-12-19
WB2401ST2022022125,2022-06-25
WB2401ST2021021032,2021-09-23
WB2401ST2021028696,2021-10-01
WB2401ST2022001240,2022-01-12
WB2401ST2022001039,2022-01-12
WB2401ST2021027160,2021-09-29
WB2401ST2023045527,2023-07-31
WB2401ST2021028454,2021-10-01
WB2401ST2021034012,2021-10-13
WB2401ST2022027553,2022-08-25
WB2401ST2023006911,2023-04-16
WB2401ST2021019693,2021-09-21
WB2401ST2021025920,2021-09-28
WB2401ST2024002332,2024-12-23
WB2401ST2023067446,2023-08-06
WB2401ST2021023908,2021-09-26
WB2401ST2023030185,2023-06-06
WB2401ST2022026891,2022-08-23
WB2401ST2021041611,2021-12-18
WB2401ST2022027644,2022-08-25
WB2401ST2022007386,2022-02-13
WB2401ST2021027748,2021-09-30
WB2401ST2023011174,2023-05-27
WB2401ST2021029049,2021-10-01
WB2401ST2021024931,2021-09-27
WB2401ST2023039181,2023-06-26
WB2401ST2021026618,2021-09-28
WB2401ST2022018445,2022-06-17
WB2401ST2022023080,2022-06-28
WB2401ST2021018135,2021-09-19
WB2401ST2022015698,2022-05-11
WB2401ST2021021034,2021-09-23
WB2401ST2023003557,2023-02-15
WB2401ST2022005438,2022-01-22
WB2401ST2021024740,2021-09-26
WB2401ST2021034763,2021-10-30
WB2401ST2021041441,2021-12-18
WB2401ST2021040740,2021-12-17
WB2401ST2021027819,2021-09-30
WB2401ST2021023872,2021-09-26
WB2401ST2022024577,2022-07-15
WB2401ST2022016801,2022-05-31
WB2401ST2023045526,2023-07-31
WB2401ST2021027381,2021-09-29
WB2401ST2021035665,2021-11-15
WB2401ST2021032728,2021-10-09
WB2401ST2021040743,2021-12-17
WB2401ST2023008856,2023-05-21
WB2401ST2022005006,2022-01-20
WB2401ST2021029513,2021-10-02
WB2401ST2021026705,2021-09-28
WB2401ST2022003412,2022-01-15
WB2401ST2021033878,2021-10-13
WB2401ST2021039357,2021-12-11
WB2401ST2021018150,2021-09-19
WB2401ST2021032514,2021-10-09
WB2401ST2021039721,2021-12-12
WB2401ST2021014487,2021-09-14
WB2401ST2021024088,2021-09-26
WB2401ST2022009616,2022-03-10
WB2401ST2021026601,2021-09-28
WB2401ST2021028720,2021-10-01
WB2401ST2022021859,2022-06-24
WB2401ST2022003363,2022-01-14
WB2401ST2021029628,2021-10-02
WB2401ST2021033018,2021-10-11
WB2401ST2021021050,2021-09-23
WB2401ST2022005440,2022-01-22
WB2401ST2021033498,2021-10-11
WB2401ST2021042961,2021-12-19
WB2401ST2021038928,2021-12-11
WB2401ST2023039389,2023-06-26
WB2401ST2023011733,2023-05-27
WB2401ST2023057841,2023-08-05
WB2401ST2021026706,2021-09-28
WB2401ST2021040920,2021-12-17
WB2401ST2021033914,2021-10-13
WB2401ST2021027713,2021-09-30
WB2401ST2021026040,2021-09-28
WB2401ST2023061712,2023-08-05
WB2401ST2022015559,2022-05-06
WB2401ST2022003457,2022-01-15
WB2401ST2021018378,2021-09-20
WB2401ST2022015994,2022-05-17
WB2401ST2022023256,2022-06-29
WB2401ST2022022274,2022-06-25
WB2401ST2023039378,2023-06-26
WB2401ST2021031653,2021-10-05
WB2401ST2021018082,2021-09-19
WB2401ST2021037057,2021-11-20
WB2401ST2022006629,2022-02-09
WB2401ST2022019485,2022-06-21
WB2401ST2021027497,2021-09-29
WB2401ST2021032472,2021-10-09
WB2401ST2023039390,2023-06-26
WB2401ST2021022304,2021-09-24
WB2401ST2022010769,2022-03-11
WB2401ST2021031760,2021-10-05
WB2401ST2022024439,2022-07-15
WB2401ST2022028424,2022-08-29
WB2401ST2022003823,2022-01-18
WB2401ST2021033871,2021-10-13
WB2401ST2021032528,2021-10-09
WB2401ST2021029301,2021-10-01
WB2401ST2021014486,2021-09-14
WB2401ST2021018281,2021-09-19
WB2401ST2021026048,2021-09-28
WB2401ST2021039837,2021-12-13
WB2401ST2022018464,2022-06-17
WB2401ST2026000291,2026-01-10
WB2401ST2023001300,2023-01-16
WB2401ST2021039888,2021-12-13
WB2401ST2022002438,2022-01-14
WB2401ST2021018322,2021-09-19
WB2401ST2021023812,2021-09-26
WB2401ST2022003821,2022-01-18
WB2401ST2021024264,2021-09-26
WB2401ST2021031107,2021-10-05
WB2401ST2021024203,2021-09-26
WB2401ST2021032436,2021-10-09
WB2401ST2023003866,2023-03-03
WB2401ST2022019483,2022-06-21
WB2401ST2022031734,2022-10-28
WB2401ST2022008132,2022-03-06
WB2401ST2021043587,2021-12-19
WB2401ST2021037342,2021-11-21
WB2401ST2021043584,2021-12-19
WB2401ST2021029620,2021-10-02
WB2401ST2022014332,2022-03-20
WB2401ST2023008864,2023-05-21
WB2401ST2023072673,2023-08-28
WB2401ST2021021035,2021-09-23
WB2401ST2021018226,2021-09-19
WB2401ST2023008855,2023-05-21
WB2401ST2022008570,2022-03-06
WB2401ST2022004828,2022-01-20
WB2401ST2021037592,2021-11-26
WB2401ST2022018449,2022-06-17
WB2401ST2023001319,2023-01-16
WB2401ST2021036072,2021-11-16
WB2401ST2022031381,2022-10-19
WB2401ST2023025880,2023-06-03
WB2401ST2022006419,2022-02-08
WB2401ST2021031474,2021-10-05
WB2401ST2021030572,2021-10-05
WB2401ST2022005437,2022-01-22
WB2401ST2021027871,2021-09-30
WB2401ST2021025849,2021-09-28
WB2401ST2021029515,2021-10-02
WB2401ST2022005366,2022-01-22
WB2401ST2021023785,2021-09-25
WB2401ST2022008908,2022-03-07
WB2401ST2022020058,2022-06-22
WB2401ST2021027908,2021-09-30
WB2401ST2022017921,2022-06-08
WB2401ST2021029520,2021-10-02
WB2401ST2021042959,2021-12-19
WB2401ST2021031995,2021-10-06
WB2401ST2023039365,2023-06-26
WB2401ST2021046369,2021-12-30
WB2401ST2023011308,2023-05-27
WB2401ST2022005014,2022-01-20
WB2401ST2022021469,2022-06-24
WB2401ST2021026832,2021-09-29
WB2401ST2021014484,2021-09-14
WB2401ST2021014485,2021-09-14
WB2401ST2021026833,2021-09-29
WB2401ST2021024071,2021-09-26
WB2401ST2021033496,2021-10-11
WB2401ST2022016802,2022-05-31
WB2401ST2022006904,2022-02-10
WB2401ST2021029861,2021-10-02
WB2401ST2022005419,2022-01-22
WB2401ST2021027865,2021-09-30
WB2401ST2021036287,2021-11-19
WB2401ST2023008861,2023-05-21
WB2401ST2021030314,2021-10-05
WB2401ST2022005433,2022-01-22
WB2401ST2021029512,2021-10-02
WB2401ST2021038096,2021-12-06
WB2401ST2021026834,2021-09-29
WB2401ST2021029075,2021-10-01
WB2401ST2021027695,2021-09-30
WB2401ST2021027401,2021-09-29
WB2401ST2021028641,2021-10-01
WB2401ST2021014496,2021-09-14
WB2401ST2021026835,2021-09-29
WB2401ST2021023842,2021-09-26
WB2401ST2023018988,2023-05-30
WB2401ST2021029503,2021-10-02
WB2401ST2021014499,2021-09-14
WB2401ST2021027456,2021-09-29
WB2401ST2021026590,2021-09-28
WB2401ST2021026694,2021-09-28
WB2401ST2022006006,2022-01-26
WB2401ST2021027654,2021-09-30
WB2401ST2023010393,2023-05-25
WB2401ST2023008113,2023-05-03
WB2401ST2021014491,2021-09-14
WB2401ST2021028643,2021-10-01
WB2401ST2023039441,2023-06-28
WB2401ST2021014492,2021-09-14
WB2401ST2023004184,2023-03-29
WB2401ST2021014493,2021-09-14
WB2401ST2021028642,2021-10-01
WB2401ST2021014494,2021-09-14
WB2401ST2022010418,2022-03-11
WB2401ST2021014495,2021-09-14
WB2401ST2021035521,2021-11-15
WB2401ST2021035085,2021-11-02
WB2401ST2021044436,2021-12-22
WB2401ST2023030078,2023-06-06
WB2401ST2023076765,2023-10-16
WB2401ST2023012310,2023-05-28
WB2401ST2022007993,2022-03-06
WB2401ST2023070488,2023-08-07
WB2401ST2022004261,2022-01-18
WB2401ST2022007321,2022-02-13
WB2401ST2021043281,2021-12-19
WB2401ST2021036049,2021-11-16
WB2401ST2023030617,2023-06-06
WB2401ST2022008020,2022-03-06
WB2401ST2021014960,2021-09-15
WB2401ST2021014961,2021-09-15
WB2401ST2021014962,2021-09-15
WB2401ST2022012857,2022-03-17
WB2401ST2021014963,2021-09-15
WB2401ST2022008568,2022-03-06
WB2401ST2021014958,2021-09-15
WB2401ST2021014959,2021-09-15
WB2401ST2021035340,2021-11-02
WB2401ST2022004024,2022-01-18
WB2401ST2022002437,2022-01-14
WB2401ST2021018486,2021-09-20
WB2401ST2022008212,2022-03-06
WB2401ST2021025486,2021-09-27
WB2401ST2022004580,2022-01-19
WB2401ST2022020763,2022-06-23
WB2401ST2023012511,2023-05-28
WB2401ST2021027426,2021-09-29
WB2401ST2021032729,2021-10-09
WB2401ST2021018477,2021-09-20
WB2401ST2022009543,2022-03-10
WB2401ST2021018476,2021-09-20
WB2401ST2021018252,2021-09-19
WB2401ST2022007869,2022-03-06
WB2401ST2021036888,2021-11-20
WB2401ST2021018485,2021-09-20
WB2401ST2022008024,2022-03-06
WB2401ST2022012943,2022-03-17
WB2401ST2022004591,2022-01-19
WB2401ST2022004209,2022-01-18
WB2401ST2022004587,2022-01-19
WB2401ST2021037004,2021-11-20
WB2401ST2022004264,2022-01-18
WB2401ST2022014333,2022-03-20
WB2401ST2021029936,2021-10-02
WB2401ST2022015700,2022-05-11
WB2401ST2023051773,2023-08-03
WB2401ST2022027503,2022-08-24
WB2401ST2023011675,2023-05-27
WB2401ST2021029938,2021-10-02
WB2401ST2023076712,2023-10-16
WB2401ST2022014334,2022-03-20
WB2401ST2023039380,2023-06-26
WB2401ST2023039353,2023-06-26
WB2401ST2021030862,2021-10-05
WB2401ST2023032081,2023-06-07
WB2401ST2022021782,2022-06-24
WB2401ST2021018484,2021-09-20
WB2401ST2022007854,2022-03-06
WB2401ST2022014335,2022-03-20
WB2401ST2021018250,2021-09-19
WB2401ST2022014336,2022-03-20
WB2401ST2022002045,2022-01-13
WB2401ST2022007341,2022-02-13
WB2401ST2021027903,2021-09-30
WB2401ST2022009632,2022-03-10
WB2401ST2022027632,2022-08-25
WB2401ST2021027614,2021-09-30
WB2401ST2023029391,2023-06-06
WB2401ST2023076767,2023-10-16
WB2401ST2021040795,2021-12-17
WB2401ST2021042937,2021-12-19
WB2401ST2021023693,2021-09-25
WB2401ST2021042934,2021-12-19
WB2401ST2021016028,2021-09-16
WB2401ST2021016908,2021-09-16
WB2401ST2021016905,2021-09-16
WB2401ST2021028718,2021-10-01
WB2401ST2021014965,2021-09-15
WB2401ST2021018841,2021-09-20
WB2401ST2022021950,2022-06-24
WB2401ST2021014966,2021-09-15
WB2401ST2022001038,2022-01-12
WB2401ST2021024951,2021-09-27
WB2401ST2022014422,2022-03-20
WB2401ST2022004396,2022-01-19
WB2401ST2022010380,2022-03-11
WB2401ST2022008973,2022-03-08
WB2401ST2022023116,2022-06-28
WB2401ST2022019014,2022-06-20
WB2401ST2022005448,2022-01-22
WB2401ST2021037786,2021-11-30
WB2401ST2022015394,2022-05-06
WB2401ST2021025859,2021-09-28
WB2401ST2021030219,2021-10-05
WB2401ST2021036050,2021-11-16
WB2401ST2022024641,2022-07-15
WB2401ST2022019154,2022-06-20
WB2401ST2021034014,2021-10-13
WB2401ST2022023808,2022-06-29
WB2401ST2022002462,2022-01-14
WB2401ST2022007319,2022-02-13
WB2401ST2021023144,2021-09-25
WB2401ST2023032021,2023-06-07
WB2401ST2022000746,2022-01-12
WB2401ST2022000199,2022-01-02
WB2401ST2021024116,2021-09-26
WB2401ST2022001386,2022-01-12
WB2401ST2021031147,2021-10-05
WB2401ST2021040676,2021-12-17
WB2401ST2021036971,2021-11-20
WB2401ST2022012991,2022-03-17
WB2401ST2022005373,2022-01-22
WB2401ST2022012871,2022-03-17
WB2401ST2022002440,2022-01-14
WB2401ST2021031478,2021-10-05
WB2401ST2022020683,2022-06-23
WB2401ST2021023831,2021-09-26
WB2401ST2022009532,2022-03-10
WB2401ST2021019315,2021-09-20
WB2401ST2021017252,2021-09-17
WB2401ST2022008975,2022-03-08
WB2401ST2021028662,2021-10-01
WB2401ST2021019061,2021-09-20
WB2401ST2025002023,2025-05-30
WB2401ST2022008850,2022-03-07
WB2401ST2023063932,2023-08-06
WB2401ST2022017512,2022-06-02
WB2401ST2022009166,2022-03-09
WB2401ST2021035632,2021-11-15
WB2401ST2021032028,2021-10-06
WB2401ST2021022252,2021-09-24
WB2401ST2021032479,2021-10-09
WB2401ST2021029139,2021-10-01
WB2401ST2021033618,2021-10-11
WB2401ST2023010400,2023-05-25
WB2401ST2021037029,2021-11-20
WB2401ST2021023092,2021-09-25
WB2401ST2021032405,2021-10-09
WB2401ST2021025891,2021-09-28
WB2401ST2022000842,2022-01-12
WB2401ST2021032100,2021-10-06
WB2401ST2023026172,2023-06-03
WB2401ST2021037056,2021-11-20
WB2401ST2021044597,2021-12-22
WB2401ST2021047310,2021-12-31
WB2401ST2021038471,2021-12-06
WB2401ST2021046142,2021-12-29
WB2401ST2023039381,2023-06-26
WB2401ST2022005535,2022-01-22
WB2401ST2021029048,2021-10-01
WB2401ST2021030005,2021-10-04
WB2401ST2021024349,2021-09-26
WB2401ST2022024508,2022-07-15
WB2401ST2021017251,2021-09-17
WB2401ST2021041594,2021-12-18
WB2401ST2021035418,2021-11-15
WB2401ST2021029842,2021-10-02
WB2401ST2021026039,2021-09-28
WB2401ST2022006096,2022-01-26
WB2401ST2021023140,2021-09-25
WB2401ST2022001430,2022-01-12
WB2401ST2023008885,2023-05-21
WB2401ST2021037504,2021-11-26
WB2401ST2021028736,2021-10-01
WB2401ST2021044596,2021-12-22
WB2401ST2022010755,2022-03-11
WB2401ST2022020584,2022-06-22
WB2401ST2022014337,2022-03-20
WB2401ST2022020685,2022-06-23
WB2401ST2022018299,2022-06-16
WB2401ST2021039896,2021-12-13
WB2401ST2021026006,2021-09-28
WB2401ST2025001821,2025-05-07
WB2401ST2022010381,2022-03-11
WB2401ST2021031267,2021-10-05
WB2401ST2022001789,2022-01-13
WB2401ST2022007930,2022-03-06
WB2401ST2021027125,2021-09-29
WB2401ST2021042221,2021-12-18
WB2401ST2021023150,2021-09-25
WB2401ST2022003754,2022-01-15
WB2401ST2022009446,2022-03-10
WB2401ST2022016835,2022-06-01
WB2401ST2022001441,2022-01-12
WB2401ST2021026043,2021-09-28
WB2401ST2021045884,2021-12-29
WB2401ST2021030144,2021-10-05
WB2401ST2022002839,2022-01-14
WB2401ST2023012269,2023-05-28
WB2401ST2021040048,2021-12-16
WB2401ST2022003386,2022-01-14
WB2401ST2021027127,2021-09-29
WB2401ST2021033197,2021-10-11
WB2401ST2021037594,2021-11-26
WB2401ST2021041357,2021-12-18
WB2401ST2022000349,2022-01-05
WB2401ST2022003608,2022-01-15
WB2401ST2021032404,2021-10-09
WB2401ST2021038431,2021-12-06
WB2401ST2021035431,2021-11-15
WB2401ST2022007719,2022-02-13
WB2401ST2022006233,2022-02-04
WB2401ST2021040552,2021-12-17
WB2401ST2022026612,2022-08-23
WB2401ST2021034026,2021-10-13
WB2401ST2021047234,2021-12-31
WB2401ST2022005980,2022-01-26
WB2401ST2022004887,2022-01-20
WB2401ST2022014338,2022-03-20
WB2401ST2021039865,2021-12-13
WB2401ST2022023082,2022-06-28
WB2401ST2021044587,2021-12-22
WB2401ST2022001030,2022-01-12
WB2401ST2021046143,2021-12-29
WB2401ST2021030392,2021-10-05
WB2401ST2021040636,2021-12-17
WB2401ST2022004269,2022-01-18
WB2401ST2022006208,2022-02-04
WB2401ST2021032102,2021-10-06
WB2401ST2023076192,2023-10-13
WB2401ST2022000094,2022-01-02
WB2401ST2023076761,2023-10-16
WB2401ST2021040138,2021-12-16
WB2401ST2022020096,2022-06-22
WB2401ST2022013089,2022-03-17
WB2401ST2022028413,2022-08-29
WB2401ST2021038461,2021-12-06
WB2401ST2022026681,2022-08-23
WB2401ST2021046567,2021-12-30
WB2401ST2021031716,2021-10-05
WB2401ST2021023634,2021-09-25
WB2401ST2021033511,2021-10-11
WB2401ST2022017839,2022-06-08
WB2401ST2022001549,2022-01-12
WB2401ST2024000783,2024-04-12
WB2401ST2022013774,2022-03-17
WB2401ST2022017369,2022-06-01
WB2401ST2022013604,2022-03-17
WB2401ST2021027755,2021-09-30
WB2401ST2023051828,2023-08-03
WB2401ST2022004797,2022-01-20
WB2401ST2021028692,2021-10-01
WB2401ST2021018130,2021-09-19
WB2401ST2021035877,2021-11-16
WB2401ST2021022311,2021-09-24
WB2401ST2021023813,2021-09-26
WB2401ST2021017250,2021-09-17
WB2401ST2021032432,2021-10-09
WB2401ST2021038424,2021-12-06
WB2401ST2021036762,2021-11-20
WB2401ST2021031484,2021-10-05
WB2401ST2022012681,2022-03-16
WB2401ST2021031159,2021-10-05
WB2401ST2021018070,2021-09-19
WB2401ST2023066815,2023-08-06
WB2401ST2022005225,2022-01-22
WB2401ST2021028994,2021-10-01
WB2401ST2021034036,2021-10-13
WB2401ST2021027514,2021-09-29
WB2401ST2022023804,2022-06-29
WB2401ST2022004512,2022-01-19
WB2401ST2022005818,2022-01-26
WB2401ST2021016532,2021-09-16
WB2401ST2023022505,2023-06-01
WB2401ST2021028834,2021-10-01
WB2401ST2022009736,2022-03-10
WB2401ST2022002615,2022-01-14
WB2401ST2021032453,2021-10-09
WB2401ST2022016296,2022-05-25
WB2401ST2021026107,2021-09-28
WB2401ST2023067437,2023-08-06
WB2401ST2025000799,2025-02-27
WB2401ST2023008886,2023-05-21
WB2401ST2022013511,2022-03-17
WB2401ST2022014339,2022-03-20
WB2401ST2021028972,2021-10-01
WB2401ST2022005536,2022-01-22
WB2401ST2022020286,2022-06-22
WB2401ST2022010373,2022-03-11
WB2401ST2023003408,2023-02-15
WB2401ST2024000770,2024-04-04
WB2401ST2021027817,2021-09-30
WB2401ST2021027880,2021-09-30
WB2401ST2021017993,2021-09-19
WB2401ST2021031266,2021-10-05
WB2401ST2021030030,2021-10-05
WB2401ST2021033081,2021-10-11
WB2401ST2021031158,2021-10-05
WB2401ST2021023765,2021-09-25
WB2401ST2022004270,2022-01-18
WB2401ST2021032473,2021-10-09
WB2401ST2022005084,2022-01-20
WB2401ST2022014340,2022-03-20
WB2401ST2021033876,2021-10-13
WB2401ST2022014934,2022-03-20
WB2401ST2022010240,2022-03-11
WB2401ST2023017874,2023-05-30
WB2401ST2021041308,2021-12-18
WB2401ST2022014423,2022-03-20
WB2401ST2022021879,2022-06-24
WB2401ST2023034359,2023-06-07
WB2401ST2022027011,2022-08-23
WB2401ST2022005884,2022-01-26
WB2401ST2021041612,2021-12-18
WB2401ST2021027722,2021-09-30
WB2401ST2021018077,2021-09-19
WB2401ST2021028996,2021-10-01
WB2401ST2022007413,2022-02-13
WB2401ST2021042931,2021-12-19
WB2401ST2023008870,2023-05-21
WB2401ST2023075647,2023-10-04
WB2401ST2021036600,2021-11-20
WB2401ST2022004821,2022-01-20
WB2401ST2023004532,2023-03-31
WB2401ST2023008871,2023-05-21
WB2401ST2022003558,2022-01-15
WB2401ST2022022278,2022-06-25
WB2401ST2022009534,2022-03-10
WB2401ST2022002627,2022-01-14
WB2401ST2021018151,2021-09-19
WB2401ST2021034321,2021-10-20
WB2401ST2021017999,2021-09-19
WB2401ST2022022704,2022-06-25
WB2401ST2022004870,2022-01-20
WB2401ST2023066510,2023-08-06
WB2401ST2022017728,2022-06-08
WB2401ST2023039301,2023-06-26
WB2401ST2023003397,2023-02-15
WB2401ST2022034725,2022-12-03
WB2401ST2024002141,2024-11-29
WB2401ST2021031642,2021-10-05
WB2401ST2021035148,2021-11-02
WB2401ST2022014341,2022-03-20
WB2401ST2022016289,2022-05-25
WB2401ST2021029196,2021-10-01
WB2401ST2022024611,2022-07-15
WB2401ST2022001261,2022-01-12
WB2401ST2021021657,2021-09-23
WB2401ST2021043913,2021-12-19
WB2401ST2022008875,2022-03-07
WB2401ST2021033041,2021-10-11
WB2401ST2022001353,2022-01-12
WB2401ST2021025410,2021-09-27
WB2401ST2023010405,2023-05-25
WB2401ST2021027453,2021-09-29
WB2401ST2023010407,2023-05-25
WB2401ST2025000668,2025-02-19
WB2401ST2023011797,2023-05-28
WB2401ST2021040047,2021-12-16
WB2401ST2022002058,2022-01-13
WB2401ST2021018036,2021-09-19
WB2401ST2024000782,2024-04-12
WB2401ST2023030887,2023-06-06
WB2401ST2023007558,2023-04-27
WB2401ST2022023225,2022-06-29
WB2401ST2022000653,2022-01-05
WB2401ST2021031793,2021-10-05
WB2401ST2021041381,2021-12-18
WB2401ST2021018071,2021-09-19
WB2401ST2021029445,2021-10-01
WB2401ST2021034130,2021-10-13
WB2401ST2021030134,2021-10-05
WB2401ST2022019368,2022-06-21
WB2401ST2022013745,2022-03-17
WB2401ST2021028697,2021-10-01
WB2401ST2022014935,2022-03-20
WB2401ST2021022617,2021-09-24
WB2401ST2021027626,2021-09-30
WB2401ST2021041926,2021-12-18
WB2401ST2023004564,2023-03-31
WB2401ST2022027047,2022-08-23
WB2401ST2022014539,2022-03-20
WB2401ST2021027764,2021-09-30
WB2401ST2023018877,2023-05-30
WB2401ST2021025128,2021-09-27
WB2401ST2022019684,2022-06-21
WB2401ST2022014342,2022-03-20
WB2401ST2022001961,2022-01-13
WB2401ST2022002336,2022-01-14
WB2401ST2022021040,2022-06-23
WB2401ST2021043389,2021-12-19
WB2401ST2021031776,2021-10-05
WB2401ST2021044505,2021-12-22
WB2401ST2023001586,2023-01-17
WB2401ST2021017424,2021-09-18
WB2401ST2021033516,2021-10-11
WB2401ST2022017073,2022-06-01
WB2401ST2022024639,2022-07-15
WB2401ST2021024304,2021-09-26
WB2401ST2021029013,2021-10-01
WB2401ST2022000184,2022-01-02
WB2401ST2023038452,2023-06-13
WB2401ST2022007366,2022-02-13
WB2401ST2023039600,2023-06-28
WB2401ST2021034180,2021-10-17
WB2401ST2021041413,2021-12-18
WB2401ST2021027736,2021-09-30
WB2401ST2022032110,2022-11-08
WB2401ST2022019070,2022-06-20
WB2401ST2022013905,2022-03-20
WB2401ST2023075933,2023-10-10
WB2401ST2022002380,2022-01-14
WB2401ST2022001687,2022-01-13
WB2401ST2023012287,2023-05-28
WB2401ST2021032031,2021-10-06
WB2401ST2022007372,2022-02-13
WB2401ST2022007801,2022-03-06
WB2401ST2021031998,2021-10-06
WB2401ST2021026028,2021-09-28
WB2401ST2021032591,2021-10-09
WB2401ST2021033034,2021-10-11
WB2401ST2022014343,2022-03-20
WB2401ST2022002601,2022-01-14
WB2401ST2022000378,2022-01-05
WB2401ST2021024355,2021-09-26
WB2401ST2021032540,2021-10-09
WB2401ST2022007412,2022-02-13
WB2401ST2022016879,2022-06-01
WB2401ST2022022282,2022-06-25
WB2401ST2021025886,2021-09-28
WB2401ST2021041265,2021-12-18
WB2401ST2022021580,2022-06-24
WB2401ST2022027291,2022-08-24
WB2401ST2021018104,2021-09-19
WB2401ST2021035898,2021-11-16
WB2401ST2023030154,2023-06-06
WB2401ST2021032730,2021-10-09
WB2401ST2021032033,2021-10-06
WB2401ST2021027433,2021-09-29
WB2401ST2021018420,2021-09-20
WB2401ST2022023078,2022-06-28
WB2401ST2021039924,2021-12-13
WB2401ST2021018273,2021-09-19
WB2401ST2021023264,2021-09-25
WB2401ST2022021097,2022-06-23
WB2401ST2021024770,2021-09-26
WB2401ST2022010686,2022-03-11
WB2401ST2022004803,2022-01-20
WB2401ST2021018195,2021-09-19
WB2401ST2022009822,2022-03-10
WB2401ST2021028752,2021-10-01
WB2401ST2021032041,2021-10-06
WB2401ST2022007909,2022-03-06
WB2401ST2023010410,2023-05-25
WB2401ST2021027403,2021-09-29
WB2401ST2022019439,2022-06-21
WB2401ST2022024568,2022-07-15
WB2401ST2023029405,2023-06-06
WB2401ST2021037050,2021-11-20
WB2401ST2023010409,2023-05-25
WB2401ST2022006162,2022-01-28
WB2401ST2021025260,2021-09-27
WB2401ST2022023104,2022-06-28
WB2401ST2021021898,2021-09-24
WB2401ST2021028630,2021-10-01
WB2401ST2022004295,2022-01-18
WB2401ST2021030011,2021-10-04
WB2401ST2021046965,2021-12-31
WB2401ST2023008880,2023-05-21
WB2401ST2021044852,2021-12-24
WB2401ST2022008181,2022-03-06
WB2401ST2021033049,2021-10-11
WB2401ST2022006052,2022-01-26
WB2401ST2022017844,2022-06-08
WB2401ST2021031735,2021-10-05
WB2401ST2021035675,2021-11-15
WB2401ST2021034217,2021-10-17
WB2401ST2021034390,2021-10-28
WB2401ST2021034211,2021-10-17
WB2401ST2023058854,2023-08-05
WB2401ST2021039744,2021-12-12
WB2401ST2021034989,2021-10-30
WB2401ST2021045102,2021-12-24
WB2401ST2022000780,2022-01-12
WB2401ST2024002405,2024-12-31
WB2401ST2022005392,2022-01-22
WB2401ST2022002011,2022-01-13
WB2401ST2021041614,2021-12-18
WB2401ST2021017996,2021-09-19
WB2401ST2022001760,2022-01-13
WB2401ST2023003240,2023-02-13
WB2401ST2021032986,2021-10-11
WB2401ST2021027288,2021-09-29
WB2401ST2021016021,2021-09-16
WB2401ST2021022618,2021-09-24
WB2401ST2021032801,2021-10-10
WB2401ST2021019299,2021-09-20
WB2401ST2021032842,2021-10-10
WB2401ST2022006258,2022-02-04
WB2401ST2023018809,2023-05-30
WB2401ST2022017158,2022-06-01
WB2401ST2023073014,2023-08-31
WB2401ST2022026683,2022-08-23
WB2401ST2022008869,2022-03-07
WB2401ST2021023809,2021-09-25
WB2401ST2022001691,2022-01-13
WB2401ST2021023934,2021-09-26
WB2401ST2022009614,2022-03-10
WB2401ST2021033070,2021-10-11
WB2401ST2023043504,2023-07-27
WB2401ST2022010236,2022-03-11
WB2401ST2022002485,2022-01-14
WB2401ST2021027645,2021-09-30
WB2401ST2021026466,2021-09-28
WB2401ST2021042662,2021-12-18
WB2401ST2022004858,2022-01-20
WB2401ST2021044437,2021-12-22
WB2401ST2022021880,2022-06-24
WB2401ST2022007318,2022-02-13
WB2401ST2023006900,2023-04-16
WB2401ST2022000829,2022-01-12
WB2401ST2023008874,2023-05-21
WB2401ST2021031029,2021-10-05
WB2401ST2021029056,2021-10-01
WB2401ST2022008105,2022-03-06
WB2401ST2022019214,2022-06-20
WB2401ST2021041679,2021-12-18
WB2401ST2021034023,2021-10-13
WB2401ST2021040546,2021-12-17
WB2401ST2022006649,2022-02-09
WB2401ST2021033379,2021-10-11
WB2401ST2022006070,2022-01-26
WB2401ST2022010386,2022-03-11
WB2401ST2021033087,2021-10-11
WB2401ST2023021454,2023-06-01
WB2401ST2022017795,2022-06-08
WB2401ST2022000015,2022-01-02
WB2401ST2023010397,2023-05-25
WB2401ST2021030679,2021-10-05
WB2401ST2021027491,2021-09-29
WB2401ST2021042686,2021-12-18
WB2401ST2022002294,2022-01-14
WB2401ST2021018364,2021-09-20
WB2401ST2021025151,2021-09-27
WB2401ST2022017736,2022-06-08
WB2401ST2022007440,2022-02-13
WB2401ST2021036970,2021-11-20
WB2401ST2021032909,2021-10-11
WB2401ST2023007199,2023-04-19
WB2401ST2021018367,2021-09-20
WB2401ST2022005537,2022-01-22
WB2401ST2023001299,2023-01-16
WB2401ST2021033372,2021-10-11
WB2401ST2022005013,2022-01-20
WB2401ST2022017653,2022-06-07
WB2401ST2022014425,2022-03-20
WB2401ST2021033030,2021-10-11
WB2401ST2022006673,2022-02-09
WB2401ST2021031036,2021-10-05
WB2401ST2022024659,2022-07-15
WB2401ST2021030981,2021-10-05
WB2401ST2021028616,2021-10-01
WB2401ST2023076814,2023-10-18
WB2401ST2021016020,2021-09-16
WB2401ST2022021983,2022-06-25
WB2401ST2022000361,2022-01-05
WB2401ST2023007716,2023-04-27
WB2401ST2021033297,2021-10-11
WB2401ST2022022943,2022-06-28
WB2401ST2023018806,2023-05-30
WB2401ST2022001324,2022-01-12
WB2401ST2021037079,2021-11-20
WB2401ST2021047217,2021-12-31
WB2401ST2021031795,2021-10-05
WB2401ST2022017051,2022-06-01
WB2401ST2021042939,2021-12-19
WB2401ST2023077515,2023-12-12
WB2401ST2021018340,2021-09-20
WB2401ST2022022168,2022-06-25
WB2401ST2022023652,2022-06-29
WB2401ST2021044435,2021-12-22
WB2401ST2022021471,2022-06-24
WB2401ST2021028755,2021-10-01
WB2401ST2022004455,2022-01-19
WB2401ST2021041364,2021-12-18
WB2401ST2021033198,2021-10-11
WB2401ST2021023941,2021-09-26
WB2401ST2021018191,2021-09-19
WB2401ST2022009360,2022-03-10
WB2401ST2021023741,2021-09-25
WB2401ST2023008875,2023-05-21
WB2401ST2021018321,2021-09-19
WB2401ST2022027450,2022-08-24
WB2401ST2021018194,2021-09-19
WB2401ST2022017016,2022-06-01
WB2401ST2022012614,2022-03-16
WB2401ST2022005498,2022-01-22
WB2401ST2021043904,2021-12-19
WB2401ST2021043569,2021-12-19
WB2401ST2021031652,2021-10-05
WB2401ST2022024458,2022-07-15
WB2401ST2021026840,2021-09-29
WB2401ST2023008876,2023-05-21
WB2401ST2023010403,2023-05-25
WB2401ST2022000466,2022-01-05
WB2401ST2022032239,2022-11-10
WB2401ST2022020270,2022-06-22
WB2401ST2022026615,2022-08-23
WB2401ST2021024742,2021-09-26
WB2401ST2022000162,2022-01-02
WB2401ST2023053295,2023-08-04
WB2401ST2021045866,2021-12-29
WB2401ST2023006501,2023-04-12
WB2401ST2023001298,2023-01-16
WB2401ST2022010183,2022-03-11
WB2401ST2021033413,2021-10-11
WB2401ST2023004526,2023-03-31
WB2401ST2023018122,2023-05-30
WB2401ST2023010404,2023-05-25
WB2401ST2021046344,2021-12-30
WB2401ST2023066884,2023-08-06
WB2401ST2023035666,2023-06-08
WB2401ST2021031636,2021-10-05
WB2401ST2022000828,2022-01-12
WB2401ST2021045875,2021-12-29
WB2401ST2022021874,2022-06-24
WB2401ST2022008873,2022-03-07
WB2401ST2022003561,2022-01-15
WB2401ST2022024504,2022-07-15
WB2401ST2021044914,2021-12-24
WB2401ST2021046978,2021-12-31
WB2401ST2021018147,2021-09-19
WB2401ST2021043232,2021-12-19
WB2401ST2023068490,2023-08-06
WB2401ST2022016337,2022-05-25
WB2401ST2022012653,2022-03-16
WB2401ST2021028686,2021-10-01
WB2401ST2022009567,2022-03-10
WB2401ST2021023600,2021-09-25
WB2401ST2021031166,2021-10-05
WB2401ST2023008869,2023-05-21
WB2401ST2022002349,2022-01-14
WB2401ST2022004584,2022-01-19
WB2401ST2022015649,2022-05-06
WB2401ST2021025851,2021-09-28
WB2401ST2022008624,2022-03-06
WB2401ST2021023054,2021-09-25
WB2401ST2023036949,2023-06-08
WB2401ST2022002310,2022-01-14
WB2401ST2022005930,2022-01-26
WB2401ST2021036003,2021-11-16
WB2401ST2021029035,2021-10-01
WB2401ST2022023103,2022-06-28
WB2401ST2023012883,2023-05-28
WB2401ST2021033187,2021-10-11
WB2401ST2023068000,2023-08-06
WB2401ST2021036264,2021-11-19
WB2401ST2022003581,2022-01-15
WB2401ST2021041966,2021-12-18
WB2401ST2023002314,2023-01-20
WB2401ST2022016398,2022-05-26
WB2401ST2021040301,2021-12-16
WB2401ST2021046355,2021-12-30
WB2401ST2021039005,2021-12-11
WB2401ST2023015771,2023-05-29
WB2401ST2022001541,2022-01-12
WB2401ST2023008878,2023-05-21
WB2401ST2022004852,2022-01-20
WB2401ST2021031732,2021-10-05
WB2401ST2021040248,2021-12-16
WB2401ST2022001027,2022-01-12
WB2401ST2022026945,2022-08-23
WB2401ST2022005882,2022-01-26
WB2401ST2023051723,2023-08-03
WB2401ST2021030859,2021-10-05
WB2401ST2021041498,2021-12-18
WB2401ST2023031339,2023-06-07
WB2401ST2022003902,2022-01-18
WB2401ST2021038513,2021-12-06
WB2401ST2021031167,2021-10-05
WB2401ST2022003831,2022-01-18
WB2401ST2024000982,2024-07-18
WB2401ST2022015864,2022-05-13
WB2401ST2022014936,2022-03-20
WB2401ST2022017654,2022-06-07
WB2401ST2023002422,2023-01-20
WB2401ST2021033216,2021-10-11
WB2401ST2021038495,2021-12-06
WB2401ST2021033293,2021-10-11
WB2401ST2021043273,2021-12-19
WB2401ST2021029673,2021-10-02
WB2401ST2022002372,2022-01-14
WB2401ST2021032489,2021-10-09
WB2401ST2021024436,2021-09-26
WB2401ST2022010705,2022-03-11
WB2401ST2021025614,2021-09-27
WB2401ST2022001499,2022-01-12
WB2401ST2022010375,2022-03-11
WB2401ST2021036265,2021-11-19
WB2401ST2021030199,2021-10-05
WB2401ST2022001889,2022-01-13
WB2401ST2021040158,2021-12-16
WB2401ST2023010401,2023-05-25
WB2401ST2021040200,2021-12-16
WB2401ST2021034704,2021-10-30
WB2401ST2023029724,2023-06-06
WB2401ST2022014937,2022-03-20
WB2401ST2023014719,2023-05-29
WB2401ST2021045911,2021-12-29
WB2401ST2022001257,2022-01-12
WB2401ST2021019304,2021-09-20
WB2401ST2021027478,2021-09-29
WB2401ST2023075610,2023-10-04
WB2401ST2021018257,2021-09-19
WB2401ST2021042001,2021-12-18
WB2401ST2021024668,2021-09-26
WB2401ST2021017846,2021-09-18
WB2401ST2023006878,2023-04-16
WB2401ST2021045910,2021-12-29
WB2401ST2024002547,2024-12-31
WB2401ST2023035669,2023-06-08
WB2401ST2021037895,2021-11-30
WB2401ST2023063112,2023-08-06
WB2401ST2021021659,2021-09-23
WB2401ST2023005161,2023-03-31
WB2401ST2021036491,2021-11-19
WB2401ST2022000375,2022-01-05
WB2401ST2021021899,2021-09-24
WB2401ST2021044877,2021-12-24
WB2401ST2021020651,2021-09-22
WB2401ST2022010538,2022-03-11
WB2401ST2022009416,2022-03-10
WB2401ST2022012913,2022-03-17
WB2401ST2021036548,2021-11-19
WB2401ST2023031406,2023-06-07
WB2401ST2021041869,2021-12-18
WB2401ST2021028741,2021-10-01
WB2401ST2022001020,2022-01-12
WB2401ST2022004245,2022-01-18
WB2401ST2021031742,2021-10-05
WB2401ST2021027175,2021-09-29
WB2401ST2021033616,2021-10-11
WB2401ST2021037073,2021-11-20
WB2401ST2022007310,2022-02-13
WB2401ST2022006714,2022-02-09
WB2401ST2021037593,2021-11-26
WB2401ST2021029676,2021-10-02
WB2401ST2021039114,2021-12-11
WB2401ST2022007112,2022-02-13
WB2401ST2021047316,2021-12-31
WB2401ST2022003903,2022-01-18
WB2401ST2022013052,2022-03-17
WB2401ST2022021300,2022-06-23
WB2401ST2023076733,2023-10-16
WB2401ST2022005069,2022-01-20
WB2401ST2021032441,2021-10-09
WB2401ST2021028615,2021-10-01
WB2401ST2023055505,2023-08-04
WB2401ST2023010402,2023-05-25
WB2401ST2021024235,2021-09-26
WB2401ST2021024111,2021-09-26
WB2401ST2021018271,2021-09-19
WB2401ST2021029446,2021-10-01
WB2401ST2023024427,2023-06-02
WB2401ST2021039881,2021-12-13
WB2401ST2022026933,2022-08-23
WB2401ST2021027774,2021-09-30
WB2401ST2022005931,2022-01-26
WB2401ST2021045862,2021-12-29
WB2401ST2022015004,2022-03-31
WB2401ST2021031731,2021-10-05
WB2401ST2022027032,2022-08-23
WB2401ST2021032533,2021-10-09
WB2401ST2021023907,2021-09-26
WB2401ST2022004198,2022-01-18
WB2401ST2022007579,2022-02-13
WB2401ST2021026910,2021-09-29
WB2401ST2021018047,2021-09-19
WB2401ST2021033116,2021-10-11
WB2401ST2021026672,2021-09-28
WB2401ST2021026813,2021-09-29
WB2401ST2021033561,2021-10-11
WB2401ST2022007334,2022-02-13
WB2401ST2025002474,2025-07-21
WB2401ST2021035196,2021-11-02
WB2401ST2022000374,2022-01-05
WB2401ST2022008649,2022-03-06
WB2401ST2022004354,2022-01-19
WB2401ST2022012903,2022-03-17
WB2401ST2022014344,2022-03-20
WB2401ST2023008883,2023-05-21
WB2401ST2021039913,2021-12-13
WB2401ST2022005416,2022-01-22
WB2401ST2021037601,2021-11-26
WB2401ST2021045088,2021-12-24
WB2401ST2021036416,2021-11-19
WB2401ST2022003562,2022-01-15
WB2401ST2021041660,2021-12-18
WB2401ST2022013907,2022-03-20
WB2401ST2021036217,2021-11-19
WB2401ST2022008920,2022-03-07
WB2401ST2023022568,2023-06-01
WB2401ST2022002296,2022-01-14
WB2401ST2023067445,2023-08-06
WB2401ST2022004252,2022-01-18
WB2401ST2021035275,2021-11-02
WB2401ST2023026608,2023-06-04
WB2401ST2022001303,2022-01-12
WB2401ST2023008872,2023-05-21
WB2401ST2022010608,2022-03-11
WB2401ST2021018103,2021-09-19
WB2401ST2023001148,2023-01-16
WB2401ST2022000339,2022-01-05
WB2401ST2021046356,2021-12-30
WB2401ST2021031738,2021-10-05
WB2401ST2021023737,2021-09-25
WB2401ST2023015698,2023-05-29
WB2401ST2022002475,2022-01-14
WB2401ST2021027525,2021-09-29
WB2401ST2022013758,2022-03-17
WB2401ST2022027593,2022-08-25
WB2401ST2022007140,2022-02-13
WB2401ST2023072715,2023-08-28
WB2401ST2023073314,2023-09-12
WB2401ST2022014938,2022-03-20
WB2401ST2021035076,2021-11-02
WB2401ST2022026598,2022-08-23
WB2401ST2021029100,2021-10-01
WB2401ST2021026727,2021-09-28
WB2401ST2022003755,2022-01-15
WB2401ST2021018379,2021-09-20
WB2401ST2021029267,2021-10-01
WB2401ST2021032007,2021-10-06
WB2401ST2022014835,2022-03-20
WB2401ST2023007032,2023-04-16
WB2401ST2021042000,2021-12-18
WB2401ST2022026952,2022-08-23
WB2401ST2021035637,2021-11-15
WB2401ST2021042481,2021-12-18
WB2401ST2022029563,2022-09-19
WB2401ST2022010770,2022-03-11
WB2401ST2021032552,2021-10-09
WB2401ST2022024169,2022-07-12
WB2401ST2021033303,2021-10-11
WB2401ST2021018290,2021-09-19
WB2401ST2022004861,2022-01-20
WB2401ST2022026697,2022-08-23
WB2401ST2021044915,2021-12-24
WB2401ST2021018375,2021-09-20
WB2401ST2022000991,2022-01-12
WB2401ST2021035342,2021-11-02
WB2401ST2022005542,2022-01-22
WB2401ST2021035277,2021-11-02
WB2401ST2022006634,2022-02-09
WB2401ST2021030965,2021-10-05
WB2401ST2021019066,2021-09-20
WB2401ST2021032512,2021-10-09
WB2401ST2021026045,2021-09-28
WB2401ST2021024191,2021-09-26
WB2401ST2022003885,2022-01-18
WB2401ST2021022132,2021-09-24
WB2401ST2021018341,2021-09-20
WB2401ST2023001325,2023-01-16
WB2401ST2021023310,2021-09-25
WB2401ST2021037425,2021-11-21
WB2401ST2021019359,2021-09-20
WB2401ST2022021358,2022-06-23
WB2401ST2021034039,2021-10-13
WB2401ST2021037336,2021-11-21
WB2401ST2022006519,2022-02-09
WB2401ST2022004032,2022-01-18
WB2401ST2022009497,2022-03-10
WB2401ST2026001543,2026-02-12
WB2401ST2021037806,2021-11-30
WB2401ST2021039841,2021-12-13
WB2401ST2021045864,2021-12-29
WB2401ST2023042223,2023-07-25
WB2401ST2022010334,2022-03-11
WB2401ST2023076717,2023-10-16
WB2401ST2021041695,2021-12-18
WB2401ST2022009557,2022-03-10
WB2401ST2022002201,2022-01-13
WB2401ST2022001512,2022-01-12
WB2401ST2021026038,2021-09-28
WB2401ST2021033091,2021-10-11
WB2401ST2022017970,2022-06-08
WB2401ST2021033225,2021-10-11
WB2401ST2021027698,2021-09-30
WB2401ST2022013909,2022-03-20
WB2401ST2022001326,2022-01-12
WB2401ST2022006068,2022-01-26
WB2401ST2021023258,2021-09-25
WB2401ST2023063940,2023-08-06
WB2401ST2021027699,2021-09-30
WB2401ST2023027659,2023-06-04
WB2401ST2022016711,2022-05-30
WB2401ST2022006091,2022-01-26
WB2401ST2021039394,2021-12-11
WB2401ST2022003317,2022-01-14
WB2401ST2022018605,2022-06-17
WB2401ST2023032004,2023-06-07
WB2401ST2022000824,2022-01-12
WB2401ST2023039385,2023-06-26
WB2401ST2022003318,2022-01-14
WB2401ST2025000284,2025-01-20
WB2401ST2021046336,2021-12-30
WB2401ST2022019455,2022-06-21
WB2401ST2021037360,2021-11-21
WB2401ST2021038488,2021-12-06
WB2401ST2022024478,2022-07-15
WB2401ST2021026016,2021-09-28
WB2401ST2023018566,2023-05-30
WB2401ST2021042933,2021-12-19
WB2401ST2021032644,2021-10-09
WB2401ST2021040446,2021-12-17
WB2401ST2021018262,2021-09-19
WB2401ST2021027647,2021-09-30
WB2401ST2023051811,2023-08-03
WB2401ST2022007740,2022-02-13
WB2401ST2023058861,2023-08-05
WB2401ST2022005210,2022-01-22
WB2401ST2021043840,2021-12-19
WB2401ST2021023592,2021-09-25
WB2401ST2021031578,2021-10-05
WB2401ST2021033393,2021-10-11
WB2401ST2021029005,2021-10-01
WB2401ST2022004078,2022-01-18
WB2401ST2022003331,2022-01-14
WB2401ST2021043241,2021-12-19
WB2401ST2021023147,2021-09-25
WB2401ST2022022128,2022-06-25
WB2401ST2023025290,2023-06-03
WB2401ST2021028724,2021-10-01
WB2401ST2022014485,2022-03-20
WB2401ST2021029062,2021-10-01
WB2401ST2022023718,2022-06-29
WB2401ST2021025850,2021-09-28
WB2401ST2021040784,2021-12-17
WB2401ST2022004031,2022-01-18
WB2401ST2022026599,2022-08-23
WB2401ST2022023227,2022-06-29
WB2401ST2022001218,2022-01-12
WB2401ST2021036260,2021-11-19
WB2401ST2022016709,2022-05-30
WB2401ST2022001884,2022-01-13
WB2401ST2021030013,2021-10-05
WB2401ST2021023742,2021-09-25
WB2401ST2022003808,2022-01-15
WB2401ST2024000509,2024-02-06
WB2401ST2021018064,2021-09-19
WB2401ST2022013002,2022-03-17
WB2401ST2022013725,2022-03-17
WB2401ST2022026979,2022-08-23
WB2401ST2022003515,2022-01-15
WB2401ST2021046159,2021-12-29
WB2401ST2022001058,2022-01-12
WB2401ST2023072666,2023-08-28
WB2401ST2022020878,2022-06-23
WB2401ST2022013766,2022-03-17
WB2401ST2022000457,2022-01-05
WB2401ST2021042569,2021-12-18
WB2401ST2021023593,2021-09-25
WB2401ST2022001836,2022-01-13
WB2401ST2021040785,2021-12-17
WB2401ST2022013912,2022-03-20
WB2401ST2023042207,2023-07-25
WB2401ST2022016285,2022-05-25
WB2401ST2022016025,2022-05-17
WB2401ST2022004588,2022-01-19
WB2401ST2022006055,2022-01-26
WB2401ST2021046937,2021-12-31
WB2401ST2023013335,2023-05-28
WB2401ST2021038545,2021-12-06
WB2401ST2022001854,2022-01-13
WB2401ST2022015617,2022-05-06
WB2401ST2022014345,2022-03-20
WB2401ST2022009993,2022-03-10
WB2401ST2021018287,2021-09-19
WB2401ST2022003862,2022-01-18
WB2401ST2021023787,2021-09-25
WB2401ST2021027720,2021-09-30
WB2401ST2022019195,2022-06-20
WB2401ST2023011080,2023-05-27
WB2401ST2021028465,2021-10-01
WB2401ST2023007010,2023-04-16
WB2401ST2022012910,2022-03-17
WB2401ST2022009506,2022-03-10
WB2401ST2022007577,2022-02-13
WB2401ST2022008321,2022-03-06
WB2401ST2021037805,2021-11-30
WB2401ST2022000044,2022-01-02
WB2401ST2023039312,2023-06-26
WB2401ST2021042471,2021-12-18
WB2401ST2022014426,2022-03-20
WB2401ST2022005764,2022-01-23
WB2401ST2022006700,2022-02-09
WB2401ST2021031118,2021-10-05
WB2401ST2023002756,2023-01-30
WB2401ST2022021357,2022-06-23
WB2401ST2021030817,2021-10-05
WB2401ST2021040445,2021-12-17
WB2401ST2021024769,2021-09-26
WB2401ST2021029650,2021-10-02
WB2401ST2022027056,2022-08-23
WB2401ST2021027526,2021-09-29
WB2401ST2023029582,2023-06-06
WB2401ST2022014346,2022-03-20
WB2401ST2022013005,2022-03-17
WB2401ST2021035239,2021-11-02
WB2401ST2021024928,2021-09-27
WB2401ST2022024461,2022-07-15
WB2401ST2021045063,2021-12-24
WB2401ST2021024367,2021-09-26
WB2401ST2022010281,2022-03-11
WB2401ST2021041533,2021-12-18
WB2401ST2022022703,2022-06-25
WB2401ST2021046131,2021-12-29
WB2401ST2021038481,2021-12-06
WB2401ST2021032495,2021-10-09
WB2401ST2021031009,2021-10-05
WB2401ST2021047206,2021-12-31
WB2401ST2021030979,2021-10-05
WB2401ST2022001457,2022-01-12
WB2401ST2021024759,2021-09-26
WB2401ST2023042242,2023-07-25
WB2401ST2022033925,2022-11-25
WB2401ST2023075663,2023-10-04
WB2401ST2023042212,2023-07-25
WB2401ST2021042413,2021-12-18
WB2401ST2021018326,2021-09-19
WB2401ST2023029419,2023-06-06
WB2401ST2021026733,2021-09-28
WB2401ST2021027524,2021-09-29
WB2401ST2022006123,2022-01-26
WB2401ST2021040130,2021-12-16
WB2401ST2022014347,2022-03-20
WB2401ST2022012422,2022-03-15
WB2401ST2023014513,2023-05-28
WB2401ST2022017885,2022-06-08
WB2401ST2022007841,2022-03-06
WB2401ST2022014348,2022-03-20
WB2401ST2022003977,2022-01-18
WB2401ST2023067456,2023-08-06
WB2401ST2022009590,2022-03-10
WB2401ST2022001044,2022-01-12
WB2401ST2022000388,2022-01-05
WB2401ST2021029043,2021-10-01
WB2401ST2022010371,2022-03-11
WB2401ST2022014349,2022-03-20
WB2401ST2022004362,2022-01-19
WB2401ST2021026599,2021-09-28
WB2401ST2022004023,2022-01-18
WB2401ST2021038519,2021-12-06
WB2401ST2022010272,2022-03-11
WB2401ST2021026897,2021-09-29
WB2401ST2021041847,2021-12-18
WB2401ST2021021662,2021-09-23
WB2401ST2023012916,2023-05-28
WB2401ST2021019042,2021-09-20
WB2401ST2022003856,2022-01-18
WB2401ST2021033604,2021-10-11
WB2401ST2022005899,2022-01-26
WB2401ST2021026600,2021-09-28
WB2401ST2021044860,2021-12-24
WB2401ST2021035783,2021-11-15
WB2401ST2021043706,2021-12-19
WB2401ST2022021092,2022-06-23
WB2401ST2021033452,2021-10-11
WB2401ST2021018251,2021-09-19
WB2401ST2021033710,2021-10-12
WB2401ST2021035042,2021-11-02
WB2401ST2021039359,2021-12-11
WB2401ST2021043182,2021-12-19
WB2401ST2021036662,2021-11-20
WB2401ST2022001835,2022-01-13
WB2401ST2022007627,2022-02-13
WB2401ST2023012425,2023-05-28
WB2401ST2021044986,2021-12-24
WB2401ST2021041346,2021-12-18
WB2401ST2022021508,2022-06-24
WB2401ST2021018293,2021-09-19
WB2401ST2022013922,2022-03-20
WB2401ST2023032008,2023-06-07
WB2401ST2021029448,2021-10-01
WB2401ST2022005876,2022-01-26
WB2401ST2021029118,2021-10-01
WB2401ST2021038520,2021-12-06
WB2401ST2022014511,2022-03-20
WB2401ST2022013051,2022-03-17
WB2401ST2022007384,2022-02-13
WB2401ST2021038160,2021-12-06
WB2401ST2021030022,2021-10-05
WB2401ST2022022268,2022-06-25
WB2401ST2022005035,2022-01-20
WB2401ST2023039368,2023-06-26
WB2401ST2021039318,2021-12-11
WB2401ST2022002677,2022-01-14
WB2401ST2022006695,2022-02-09
WB2401ST2021018048,2021-09-19
WB2401ST2023011714,2023-05-27
WB2401ST2021043959,2021-12-19
WB2401ST2023011745,2023-05-27
WB2401ST2022024309,2022-07-13
WB2401ST2021018072,2021-09-19
WB2401ST2021022322,2021-09-24
WB2401ST2021030906,2021-10-05
WB2401ST2021033592,2021-10-11
WB2401ST2022003934,2022-01-18
WB2401ST2022026039,2022-08-21
WB2401ST2021029044,2021-10-01
WB2401ST2021018181,2021-09-19
WB2401ST2023001324,2023-01-16
WB2401ST2021043268,2021-12-19
WB2401ST2021032412,2021-10-09
WB2401ST2022005533,2022-01-22
WB2401ST2022010631,2022-03-11
WB2401ST2022005212,2022-01-22
WB2401ST2021045857,2021-12-29
WB2401ST2021038470,2021-12-06
WB2401ST2021035328,2021-11-02
WB2401ST2022012886,2022-03-17
WB2401ST2021044883,2021-12-24
WB2401ST2022027226,2022-08-24
WB2401ST2023004866,2023-03-31
WB2401ST2023066457,2023-08-06
WB2401ST2023042203,2023-07-25
WB2401ST2022008414,2022-03-06
WB2401ST2023008879,2023-05-21
WB2401ST2021035839,2021-11-15
WB2401ST2021042458,2021-12-18
WB2401ST2021035358,2021-11-02
WB2401ST2022021142,2022-06-23
WB2401ST2022016374,2022-05-26
WB2401ST2023029420,2023-06-06
WB2401ST2023031341,2023-06-07
WB2401ST2021039230,2021-12-11
WB2401ST2022002695,2022-01-14
WB2401ST2022026040,2022-08-21
WB2401ST2021026911,2021-09-29
WB2401ST2022009640,2022-03-10
WB2401ST2021018113,2021-09-19
WB2401ST2023051717,2023-08-03
WB2401ST2021023846,2021-09-26
WB2401ST2023022515,2023-06-01
WB2401ST2022005617,2022-01-22
WB2401ST2021027706,2021-09-30
WB2401ST2021018323,2021-09-19
WB2401ST2021034122,2021-10-13
WB2401ST2022014939,2022-03-20
WB2401ST2022003881,2022-01-18
WB2401ST2023055451,2023-08-04
WB2401ST2022005411,2022-01-22
WB2401ST2021018231,2021-09-19
WB2401ST2021023134,2021-09-25
WB2401ST2022014427,2022-03-20
WB2401ST2021025642,2021-09-27
WB2401ST2021027651,2021-09-30
WB2401ST2021036874,2021-11-20
WB2401ST2022028177,2022-08-27
WB2401ST2021033678,2021-10-12
WB2401ST2021024368,2021-09-26
WB2401ST2023002755,2023-01-30
WB2401ST2023075611,2023-10-04
WB2401ST2022010621,2022-03-11
WB2401ST2022006696,2022-02-09
WB2401ST2021047194,2021-12-31
WB2401ST2021043314,2021-12-19
WB2401ST2022027846,2022-08-27
WB2401ST2021043711,2021-12-19
WB2401ST2021033231,2021-10-11
WB2401ST2023031393,2023-06-07
WB2401ST2021031829,2021-10-05
WB2401ST2023042205,2023-07-25
WB2401ST2022002819,2022-01-14
WB2401ST2023008891,2023-05-21
WB2401ST2021043256,2021-12-19
WB2401ST2021027534,2021-09-29
WB2401ST2024000934,2024-06-28
WB2401ST2022006639,2022-02-09
WB2401ST2021042705,2021-12-18
WB2401ST2022001551,2022-01-12
WB2401ST2021025785,2021-09-28
WB2401ST2022004235,2022-01-18
WB2401ST2022004979,2022-01-20
WB2401ST2021029323,2021-10-01
WB2401ST2021025616,2021-09-27
WB2401ST2023063405,2023-08-06
WB2401ST2023012827,2023-05-28
WB2401ST2021040678,2021-12-17
WB2401ST2022009636,2022-03-10
WB2401ST2021032236,2021-10-09
WB2401ST2021024192,2021-09-26
WB2401ST2023026210,2023-06-03
WB2401ST2021029120,2021-10-01
WB2401ST2021040558,2021-12-17
WB2401ST2022002667,2022-01-14
WB2401ST2021020568,2021-09-22
WB2401ST2022010620,2022-03-11
WB2401ST2022000128,2022-01-02
WB2401ST2021037790,2021-11-30
WB2401ST2021020570,2021-09-22
WB2401ST2023042204,2023-07-25
WB2401ST2022000016,2022-01-02
WB2401ST2021033387,2021-10-11
WB2401ST2021029298,2021-10-01
WB2401ST2022013271,2022-03-17
WB2401ST2021018044,2021-09-19
WB2401ST2022002693,2022-01-14
WB2401ST2023019828,2023-05-31
WB2401ST2022020923,2022-06-23
WB2401ST2021018398,2021-09-20
WB2401ST2022014350,2022-03-20
WB2401ST2021029051,2021-10-01
WB2401ST2021044248,2021-12-19
WB2401ST2021018266,2021-09-19
WB2401ST2022004521,2022-01-19
WB2401ST2021018165,2021-09-19
WB2401ST2022006211,2022-02-04
WB2401ST2023051770,2023-08-03
WB2401ST2022016578,2022-05-28
WB2401ST2021029052,2021-10-01
WB2401ST2022007648,2022-02-13
WB2401ST2021031518,2021-10-05
WB2401ST2023026597,2023-06-04
WB2401ST2021033294,2021-10-11
WB2401ST2021018184,2021-09-19
WB2401ST2023030868,2023-06-06
WB2401ST2021038986,2021-12-11
WB2401ST2022019280,2022-06-20
WB2401ST2021024762,2021-09-26
WB2401ST2021019228,2021-09-20
WB2401ST2023030873,2023-06-06
WB2401ST2022009594,2022-03-10
WB2401ST2022005031,2022-01-20
WB2401ST2021033069,2021-10-11
WB2401ST2022002592,2022-01-14
WB2401ST2022015035,2022-03-31
WB2401ST2022013264,2022-03-17
WB2401ST2021027375,2021-09-29
WB2401ST2022012731,2022-03-16
WB2401ST2021046333,2021-12-30
WB2401ST2021029370,2021-10-01
WB2401ST2023010406,2023-05-25
WB2401ST2022001544,2022-01-12
WB2401ST2022013349,2022-03-17
WB2401ST2021026044,2021-09-28
WB2401ST2022008872,2022-03-07
WB2401ST2021034399,2021-10-28
WB2401ST2022001012,2022-01-12
WB2401ST2022021938,2022-06-24
WB2401ST2023032028,2023-06-07
WB2401ST2022014351,2022-03-20
WB2401ST2021030036,2021-10-05
WB2401ST2022016048,2022-05-17
WB2401ST2022009625,2022-03-10
WB2401ST2022024514,2022-07-15
WB2401ST2023072978,2023-08-31
WB2401ST2021042963,2021-12-19
WB2401ST2023008884,2023-05-21
WB2401ST2021035484,2021-11-15
WB2401ST2021025112,2021-09-27
WB2401ST2022006689,2022-02-09
WB2401ST2021028889,2021-10-01
WB2401ST2021021875,2021-09-24
WB2401ST2023010398,2023-05-25
WB2401ST2022003304,2022-01-14
WB2401ST2021029053,2021-10-01
WB2401ST2023032076,2023-06-07
WB2401ST2022003860,2022-01-18
WB2401ST2023042227,2023-07-25
WB2401ST2021024358,2021-09-26
WB2401ST2021024363,2021-09-26
WB2401ST2021024250,2021-09-26
WB2401ST2022014679,2022-03-20
WB2401ST2022005577,2022-01-22
WB2401ST2021026047,2021-09-28
WB2401ST2022012406,2022-03-15
WB2401ST2023007946,2023-04-28
WB2401ST2022022372,2022-06-25
WB2401ST2021023091,2021-09-25
WB2401ST2021028831,2021-10-01
WB2401ST2023001316,2023-01-16
WB2401ST2023010412,2023-05-25
WB2401ST2021044162,2021-12-19
WB2401ST2025001677,2025-04-04
WB2401ST2023041315,2023-07-23
WB2401ST2022008037,2022-03-06
WB2401ST2023008892,2023-05-21
WB2401ST2021045003,2021-12-24
WB2401ST2023029437,2023-06-06
WB2401ST2021029010,2021-10-01
WB2401ST2021031866,2021-10-06
WB2401ST2021032532,2021-10-09
WB2401ST2021018312,2021-09-19
WB2401ST2021022321,2021-09-24
WB2401ST2021043274,2021-12-19
WB2401ST2021035792,2021-11-15
WB2401ST2021038840,2021-12-11
WB2401ST2022013000,2022-03-17
WB2401ST2021044992,2021-12-24
WB2401ST2021018268,2021-09-19
WB2401ST2021043289,2021-12-19
WB2401ST2021035791,2021-11-15
WB2401ST2022022454,2022-06-25
WB2401ST2021045222,2021-12-28
WB2401ST2022010346,2022-03-11
WB2401ST2021032564,2021-10-09
WB2401ST2021018091,2021-09-19
WB2401ST2021044851,2021-12-24
WB2401ST2021037078,2021-11-20
WB2401ST2021028753,2021-10-01
WB2401ST2022026742,2022-08-23
WB2401ST2022002314,2022-01-14
WB2401ST2022028766,2022-08-31
WB2401ST2022000659,2022-01-05
WB2401ST2022015706,2022-05-11
WB2401ST2021045845,2021-12-29
WB2401ST2021018162,2021-09-19
WB2401ST2021023136,2021-09-25
WB2401ST2021032085,2021-10-06
WB2401ST2021042691,2021-12-18
WB2401ST2021025405,2021-09-27
WB2401ST2022009723,2022-03-10
WB2401ST2021032516,2021-10-09
WB2401ST2021026901,2021-09-29
WB2401ST2021022131,2021-09-24
WB2401ST2021040218,2021-12-16
WB2401ST2022019456,2022-06-21
WB2401ST2021031519,2021-10-05
WB2401ST2022002523,2022-01-14
WB2401ST2022000215,2022-01-02
WB2401ST2021032556,2021-10-09
WB2401ST2022001960,2022-01-13
WB2401ST2022000764,2022-01-12
WB2401ST2022028625,2022-08-30
WB2401ST2021018038,2021-09-19
WB2401ST2022020996,2022-06-23
WB2401ST2022012425,2022-03-15
WB2401ST2021024360,2021-09-26
WB2401ST2021024423,2021-09-26
WB2401ST2021025861,2021-09-28
WB2401ST2022000672,2022-01-05
WB2401ST2023032078,2023-06-07
WB2401ST2021035814,2021-11-15
WB2401ST2022017359,2022-06-01
WB2401ST2022026131,2022-08-21
WB2401ST2022012611,2022-03-16
WB2401ST2022026308,2022-08-21
WB2401ST2021035797,2021-11-15
WB2401ST2022023105,2022-06-28
WB2401ST2022023631,2022-06-29
WB2401ST2021032890,2021-10-10
WB2401ST2022001846,2022-01-13
WB2401ST2022027219,2022-08-24
WB2401ST2021031865,2021-10-06
WB2401ST2022007907,2022-03-06
WB2401ST2022028324,2022-08-29
WB2401ST2021032593,2021-10-09
WB2401ST2023070531,2023-08-07
WB2401ST2021026332,2021-09-28
WB2401ST2022000232,2022-01-03
WB2401ST2023072647,2023-08-28
WB2401ST2021027467,2021-09-29
WB2401ST2022004812,2022-01-20
WB2401ST2021025612,2021-09-27
WB2401ST2021023262,2021-09-25
WB2401ST2021036841,2021-11-20
WB2401ST2022005593,2022-01-22
WB2401ST2022015868,2022-05-13
WB2401ST2021040949,2021-12-17
WB2401ST2023057409,2023-08-05
WB2401ST2021020363,2021-09-21
WB2401ST2021023590,2021-09-25
WB2401ST2022019686,2022-06-21
WB2401ST2022013737,2022-03-17
WB2401ST2021032508,2021-10-09
WB2401ST2022026953,2022-08-23
WB2401ST2022007143,2022-02-13
WB2401ST2021029860,2021-10-02
WB2401ST2022016057,2022-05-17
WB2401ST2021028690,2021-10-01
WB2401ST2023032080,2023-06-07
WB2401ST2021026112,2021-09-28
WB2401ST2021036952,2021-11-20
WB2401ST2022027692,2022-08-25
WB2401ST2021031714,2021-10-05
WB2401ST2021032546,2021-10-09
WB2401ST2021043240,2021-12-19
WB2401ST2021024359,2021-09-26
WB2401ST2022008620,2022-03-06
WB2401ST2021033584,2021-10-11
WB2401ST2021029357,2021-10-01
WB2401ST2022007713,2022-02-13
WB2401ST2022001013,2022-01-12
WB2401ST2021038494,2021-12-06
WB2401ST2022004537,2022-01-19
WB2401ST2022013484,2022-03-17
WB2401ST2022019698,2022-06-21
WB2401ST2021030871,2021-10-05
WB2401ST2021029055,2021-10-01
WB2401ST2023008881,2023-05-21
WB2401ST2021029747,2021-10-02
WB2401ST2021018049,2021-09-19
WB2401ST2022013746,2022-03-17
WB2401ST2021036244,2021-11-19
WB2401ST2021024294,2021-09-26
WB2401ST2022028757,2022-08-31
WB2401ST2022003830,2022-01-18
WB2401ST2021032666,2021-10-09
WB2401ST2021031602,2021-10-05
WB2401ST2021027412,2021-09-29
WB2401ST2021020845,2021-09-22
WB2401ST2021040266,2021-12-16
WB2401ST2021038839,2021-12-11
WB2401ST2022019697,2022-06-21
WB2401ST2022004353,2022-01-19
WB2401ST2022021876,2022-06-24
